{
  "success": true,
  "framework": "PyMDP",
  "model_name": "Simple Markov Chain",
  "num_timesteps": 15,
  "simulation_trace": {
    "observations": [
      2,
      0,
      1,
      0,
      2,
      1,
      0,
      1,
      0,
      1,
      1,
      0,
      0,
      2,
      1
    ],
    "true_states": [
      2,
      0,
      1,
      0,
      2,
      1,
      0,
      1,
      0,
      1,
      1,
      0,
      0,
      2,
      1
    ],
    "beliefs": [
      [
        2.499999999999993e-16,
        1.4999999999999985e-16,
        0.9999999999999996
      ],
      [
        0.9999999999999991,
        2.99999999999998e-16,
        5.999999999999971e-16
      ],
      [
        3.4999999999999617e-16,
        0.9999999999999996,
        4.999999999999971e-17
      ],
      [
        0.9999999999999998,
        1.333333333333327e-16,
        9.999999999999963e-17
      ],
      [
        6.999999999999933e-16,
        1.9999999999999807e-16,
        0.9999999999999991
      ],
      [
        3.333333333333329e-17,
        0.9999999999999998,
        1.9999999999999963e-16
      ],
      [
        0.9999999999999998,
        1.333333333333327e-16,
        9.999999999999963e-17
      ],
      [
        3.4999999999999617e-16,
        0.9999999999999996,
        4.999999999999971e-17
      ],
      [
        0.9999999999999998,
        1.333333333333327e-16,
        9.999999999999963e-17
      ],
      [
        3.4999999999999617e-16,
        0.9999999999999996,
        4.999999999999971e-17
      ],
      [
        7.499999999999981e-17,
        1.0,
        7.499999999999981e-17
      ],
      [
        0.9999999999999998,
        1.333333333333327e-16,
        9.999999999999963e-17
      ],
      [
        1.0,
        2.857142857142847e-17,
        1.428571428571431e-17
      ],
      [
        6.999999999999933e-16,
        1.9999999999999807e-16,
        0.9999999999999991
      ],
      [
        3.333333333333329e-17,
        0.9999999999999998,
        1.9999999999999963e-16
      ]
    ],
    "actions": [
      0,
      0,
      0,
      0,
      0,
      0,
      0,
      0,
      0,
      0,
      0,
      0,
      0,
      0,
      0
    ],
    "efe_history": [
      [
        -0.20066645127616134
      ],
      [
        -0.29679362358960304
      ],
      [
        -0.009712200787717729
      ],
      [
        -0.2967936235896037
      ],
      [
        -0.20066645127616034
      ],
      [
        -0.009712200787717729
      ],
      [
        -0.2967936235896037
      ],
      [
        -0.009712200787717729
      ],
      [
        -0.2967936235896037
      ],
      [
        -0.009712200787717729
      ],
      [
        -0.00971220078771795
      ],
      [
        -0.2967936235896037
      ],
      [
        -0.2967936235896039
      ],
      [
        -0.20066645127616034
      ],
      [
        -0.009712200787717729
      ]
    ],
    "belief_confidence": [
      0.9999999999999996,
      0.9999999999999991,
      0.9999999999999996,
      0.9999999999999998,
      0.9999999999999991,
      0.9999999999999998,
      0.9999999999999998,
      0.9999999999999996,
      0.9999999999999998,
      0.9999999999999996,
      1.0,
      0.9999999999999998,
      1.0,
      0.9999999999999991,
      0.9999999999999998
    ]
  },
  "observations": [
    2,
    0,
    1,
    0,
    2,
    1,
    0,
    1,
    0,
    1,
    1,
    0,
    0,
    2,
    1
  ],
  "true_states": [
    2,
    0,
    1,
    0,
    2,
    1,
    0,
    1,
    0,
    1,
    1,
    0,
    0,
    2,
    1
  ],
  "beliefs": [
    [
      2.499999999999993e-16,
      1.4999999999999985e-16,
      0.9999999999999996
    ],
    [
      0.9999999999999991,
      2.99999999999998e-16,
      5.999999999999971e-16
    ],
    [
      3.4999999999999617e-16,
      0.9999999999999996,
      4.999999999999971e-17
    ],
    [
      0.9999999999999998,
      1.333333333333327e-16,
      9.999999999999963e-17
    ],
    [
      6.999999999999933e-16,
      1.9999999999999807e-16,
      0.9999999999999991
    ],
    [
      3.333333333333329e-17,
      0.9999999999999998,
      1.9999999999999963e-16
    ],
    [
      0.9999999999999998,
      1.333333333333327e-16,
      9.999999999999963e-17
    ],
    [
      3.4999999999999617e-16,
      0.9999999999999996,
      4.999999999999971e-17
    ],
    [
      0.9999999999999998,
      1.333333333333327e-16,
      9.999999999999963e-17
    ],
    [
      3.4999999999999617e-16,
      0.9999999999999996,
      4.999999999999971e-17
    ],
    [
      7.499999999999981e-17,
      1.0,
      7.499999999999981e-17
    ],
    [
      0.9999999999999998,
      1.333333333333327e-16,
      9.999999999999963e-17
    ],
    [
      1.0,
      2.857142857142847e-17,
      1.428571428571431e-17
    ],
    [
      6.999999999999933e-16,
      1.9999999999999807e-16,
      0.9999999999999991
    ],
    [
      3.333333333333329e-17,
      0.9999999999999998,
      1.9999999999999963e-16
    ]
  ],
  "actions": [
    0,
    0,
    0,
    0,
    0,
    0,
    0,
    0,
    0,
    0,
    0,
    0,
    0,
    0,
    0
  ],
  "model_parameters": {
    "A_shape": [
      3,
      3
    ],
    "B_shape": [
      3,
      3,
      1
    ],
    "C_shape": [
      3
    ],
    "D_shape": [
      3
    ],
    "num_states": 3,
    "num_observations": 3,
    "num_actions": 1
  },
  "metrics": {
    "expected_free_energy": [
      [
        -0.20066645127616134
      ],
      [
        -0.29679362358960304
      ],
      [
        -0.009712200787717729
      ],
      [
        -0.2967936235896037
      ],
      [
        -0.20066645127616034
      ],
      [
        -0.009712200787717729
      ],
      [
        -0.2967936235896037
      ],
      [
        -0.009712200787717729
      ],
      [
        -0.2967936235896037
      ],
      [
        -0.009712200787717729
      ],
      [
        -0.00971220078771795
      ],
      [
        -0.2967936235896037
      ],
      [
        -0.2967936235896039
      ],
      [
        -0.20066645127616034
      ],
      [
        -0.009712200787717729
      ]
    ],
    "belief_confidence": [
      0.9999999999999996,
      0.9999999999999991,
      0.9999999999999996,
      0.9999999999999998,
      0.9999999999999991,
      0.9999999999999998,
      0.9999999999999998,
      0.9999999999999996,
      0.9999999999999998,
      0.9999999999999996,
      1.0,
      0.9999999999999998,
      1.0,
      0.9999999999999991,
      0.9999999999999998
    ],
    "cumulative_preference": [
      0.0,
      0.0,
      0.0,
      0.0,
      0.0,
      0.0,
      0.0,
      0.0,
      0.0,
      0.0,
      0.0,
      0.0,
      0.0,
      0.0,
      0.0
    ]
  },
  "validation": {
    "all_beliefs_valid": true,
    "beliefs_sum_to_one": true,
    "actions_in_range": true
  }
}