{
  "success": true,
  "framework": "PyMDP",
  "model_name": "Multi Armed Bandit Agent",
  "num_timesteps": 15,
  "simulation_trace": {
    "observations": [
      1,
      2,
      1,
      0,
      1,
      2,
      0,
      2,
      1,
      1,
      0,
      1,
      0,
      1,
      0
    ],
    "true_states": [
      1,
      1,
      1,
      1,
      2,
      2,
      2,
      2,
      2,
      2,
      2,
      2,
      2,
      2,
      2
    ],
    "beliefs": [
      [
        0.30000000000000004,
        0.4,
        0.30000000000000004
      ],
      [
        0.646643109540636,
        0.137809187279152,
        0.21554770318021205
      ],
      [
        0.5680017851165903,
        0.21109003681802982,
        0.22090817806537993
      ],
      [
        0.1857231750476413,
        0.39986582662466463,
        0.41441099832769407
      ],
      [
        0.18395724962000579,
        0.46005789938551284,
        0.35598485099448135
      ],
      [
        0.5192833212367275,
        0.18497240785732946,
        0.29574427090594296
      ],
      [
        0.16193806968815364,
        0.34145801450791236,
        0.4966039158039339
      ],
      [
        0.467103987887523,
        0.1411576305276645,
        0.3917383815848124
      ],
      [
        0.4230668593462621,
        0.2144919175642494,
        0.36244122308948856
      ],
      [
        0.38016693961981013,
        0.287494139612639,
        0.332338920767551
      ],
      [
        0.10638605554130569,
        0.4196374792947465,
        0.47397646516394787
      ],
      [
        0.1236637944565346,
        0.47752115474378054,
        0.3988150507996849
      ],
      [
        0.03541790131688935,
        0.520480072056095,
        0.44410202662701564
      ],
      [
        0.0688108732265994,
        0.5639754033459256,
        0.36721372342747494
      ],
      [
        0.023760013102230283,
        0.5796913095721211,
        0.3965486773256487
      ]
    ],
    "actions": [
      0,
      0,
      0,
      0,
      0,
      0,
      0,
      0,
      0,
      0,
      0,
      0,
      0,
      0,
      0
    ],
    "efe_history": [
      [
        -1.84597940572726,
        -1.84597940572726,
        -1.84597940572726
      ],
      [
        -1.44159389403504,
        -1.44159389403504,
        -1.44159389403504
      ],
      [
        -1.5255906799841652,
        -1.5255906799841652,
        -1.5255906799841652
      ],
      [
        -1.9912948979076635,
        -1.9912948979076635,
        -1.9912948979076635
      ],
      [
        -2.0012172882866324,
        -2.0012172882866324,
        -2.0012172882866324
      ],
      [
        -1.5742831090188294,
        -1.5742831090188294,
        -1.5742831090188294
      ],
      [
        -2.0154051266779023,
        -2.0154051266779023,
        -2.0154051266779023
      ],
      [
        -1.626703313179255,
        -1.626703313179255,
        -1.626703313179255
      ],
      [
        -1.6820689354955862,
        -1.6820689354955862,
        -1.6820689354955862
      ],
      [
        -1.7381866388673632,
        -1.7381866388673632,
        -1.7381866388673632
      ],
      [
        -2.1006024193134056,
        -2.1006024193134056,
        -2.1006024193134056
      ],
      [
        -2.0847243539424425,
        -2.0847243539424425,
        -2.0847243539424425
      ],
      [
        -2.2154066023841343,
        -2.2154066023841343,
        -2.2154066023841343
      ],
      [
        -2.173848545076939,
        -2.173848545076939,
        -2.173848545076939
      ],
      [
        -2.241586863125111,
        -2.241586863125111,
        -2.241586863125111
      ]
    ],
    "belief_confidence": [
      0.4,
      0.646643109540636,
      0.5680017851165903,
      0.41441099832769407,
      0.46005789938551284,
      0.5192833212367275,
      0.4966039158039339,
      0.467103987887523,
      0.4230668593462621,
      0.38016693961981013,
      0.47397646516394787,
      0.47752115474378054,
      0.520480072056095,
      0.5639754033459256,
      0.5796913095721211
    ]
  },
  "observations": [
    1,
    2,
    1,
    0,
    1,
    2,
    0,
    2,
    1,
    1,
    0,
    1,
    0,
    1,
    0
  ],
  "true_states": [
    1,
    1,
    1,
    1,
    2,
    2,
    2,
    2,
    2,
    2,
    2,
    2,
    2,
    2,
    2
  ],
  "beliefs": [
    [
      0.30000000000000004,
      0.4,
      0.30000000000000004
    ],
    [
      0.646643109540636,
      0.137809187279152,
      0.21554770318021205
    ],
    [
      0.5680017851165903,
      0.21109003681802982,
      0.22090817806537993
    ],
    [
      0.1857231750476413,
      0.39986582662466463,
      0.41441099832769407
    ],
    [
      0.18395724962000579,
      0.46005789938551284,
      0.35598485099448135
    ],
    [
      0.5192833212367275,
      0.18497240785732946,
      0.29574427090594296
    ],
    [
      0.16193806968815364,
      0.34145801450791236,
      0.4966039158039339
    ],
    [
      0.467103987887523,
      0.1411576305276645,
      0.3917383815848124
    ],
    [
      0.4230668593462621,
      0.2144919175642494,
      0.36244122308948856
    ],
    [
      0.38016693961981013,
      0.287494139612639,
      0.332338920767551
    ],
    [
      0.10638605554130569,
      0.4196374792947465,
      0.47397646516394787
    ],
    [
      0.1236637944565346,
      0.47752115474378054,
      0.3988150507996849
    ],
    [
      0.03541790131688935,
      0.520480072056095,
      0.44410202662701564
    ],
    [
      0.0688108732265994,
      0.5639754033459256,
      0.36721372342747494
    ],
    [
      0.023760013102230283,
      0.5796913095721211,
      0.3965486773256487
    ]
  ],
  "actions": [
    0,
    0,
    0,
    0,
    0,
    0,
    0,
    0,
    0,
    0,
    0,
    0,
    0,
    0,
    0
  ],
  "model_parameters": {
    "A_shape": [
      3,
      3
    ],
    "B_shape": [
      3,
      3,
      3
    ],
    "C_shape": [
      3
    ],
    "D_shape": [
      3
    ],
    "num_states": 3,
    "num_observations": 3,
    "num_actions": 3
  },
  "metrics": {
    "expected_free_energy": [
      [
        -1.84597940572726,
        -1.84597940572726,
        -1.84597940572726
      ],
      [
        -1.44159389403504,
        -1.44159389403504,
        -1.44159389403504
      ],
      [
        -1.5255906799841652,
        -1.5255906799841652,
        -1.5255906799841652
      ],
      [
        -1.9912948979076635,
        -1.9912948979076635,
        -1.9912948979076635
      ],
      [
        -2.0012172882866324,
        -2.0012172882866324,
        -2.0012172882866324
      ],
      [
        -1.5742831090188294,
        -1.5742831090188294,
        -1.5742831090188294
      ],
      [
        -2.0154051266779023,
        -2.0154051266779023,
        -2.0154051266779023
      ],
      [
        -1.626703313179255,
        -1.626703313179255,
        -1.626703313179255
      ],
      [
        -1.6820689354955862,
        -1.6820689354955862,
        -1.6820689354955862
      ],
      [
        -1.7381866388673632,
        -1.7381866388673632,
        -1.7381866388673632
      ],
      [
        -2.1006024193134056,
        -2.1006024193134056,
        -2.1006024193134056
      ],
      [
        -2.0847243539424425,
        -2.0847243539424425,
        -2.0847243539424425
      ],
      [
        -2.2154066023841343,
        -2.2154066023841343,
        -2.2154066023841343
      ],
      [
        -2.173848545076939,
        -2.173848545076939,
        -2.173848545076939
      ],
      [
        -2.241586863125111,
        -2.241586863125111,
        -2.241586863125111
      ]
    ],