{
  "success": true,
  "framework": "PyMDP",
  "model_name": "Multi Armed Bandit Agent",
  "num_timesteps": 15,
  "simulation_trace": {
    "observations": [
      0,
      0,
      1,
      0,
      0,
      0,
      1,
      2,
      1,
      0,
      2,
      0,
      0,
      1,
      1
    ],
    "true_states": [
      2,
      2,
      2,
      2,
      2,
      2,
      2,
      2,
      2,
      2,
      2,
      2,
      2,
      2,
      2
    ],
    "beliefs": [
      [
        0.09090909090909097,
        0.45454545454545453,
        0.45454545454545453
      ],
      [
        0.02834008097165998,
        0.48582995951416996,
        0.48582995951416996
      ],
      [
        0.06418425206056015,
        0.5347518559653942,
        0.40106389197404574
      ],
      [
        0.022820118294879895,
        0.5505936433087864,
        0.42658623839633375
      ],
      [
        0.01469526726196753,
        0.5484534607848162,
        0.4368512719532163
      ],
      [
        0.013155895233513341,
        0.543348968033642,
        0.44349513673284463
      ],
      [
        0.05226524747758544,
        0.5829942794213854,
        0.36474047310102925
      ],
      [
        0.3092272407293938,
        0.29776117749222003,
        0.3930115817783863
      ],
      [
        0.2841362102333701,
        0.36704583702955446,
        0.3488179527370755
      ],
      [
        0.07603562276238679,
        0.4720851859506032,
        0.45187919128701015
      ],
      [
        0.34264895669871503,
        0.22482137164144494,
        0.4325296716598401
      ],
      [
        0.09387956505575724,
        0.33163492969516745,
        0.5744855052490753
      ],
      [
        0.02896745128557725,
        0.37034568397784584,
        0.600686864736577
      ],
      [
        0.06653215976871012,
        0.4336596530568765,
        0.4998081871744134
      ],
      [
        0.09350494542519583,
        0.4898021345034109,
        0.41669292007139325
      ]
    ],
    "actions": [
      0,
      0,
      0,
      0,
      0,
      0,
      0,
      0,
      0,
      0,
      0,
      0,
      0,
      0,
      0
    ],
    "efe_history": [
      [
        -2.126858797151228,
        -2.126858797151228,
        -2.126858797151228
      ],
      [
        -2.2204445210343056,
        -2.2204445210343056,
        -2.2204445210343056
      ],
      [
        -2.176118272764012,
        -2.176118272764012,
        -2.176118272764012
      ],
      [
        -2.2384186742832757,
        -2.2384186742832757,
        -2.2384186742832757
      ],
      [
        -2.25003707907322,
        -2.25003707907322,
        -2.25003707907322
      ],
      [
        -2.251507556763654,
        -2.251507556763654,
        -2.251507556763654
      ],
      [
        -2.200509162992409,
        -2.200509162992409,
        -2.200509162992409
      ],
      [
        -1.8235462091185985,
        -1.8235462091185985,
        -1.8235462091185985
      ],
      [
        -1.8618689721737947,
        -1.8618689721737947,
        -1.8618689721737947
      ],
      [
        -2.1501897385576534,
        -2.1501897385576534,
        -2.1501897385576534
      ],
      [
        -1.7759773824414495,
        -1.7759773824414495,
        -1.7759773824414495
      ],
      [
        -2.106028171489596,
        -2.106028171489596,
        -2.106028171489596
      ],
      [
        -2.2025402523959423,
        -2.2025402523959423,
        -2.2025402523959423
      ],
      [
        -2.1581287089087153,
        -2.1581287089087153,
        -2.1581287089087153
      ],
      [
        -2.1281850038507066,
        -2.1281850038507066,
        -2.1281850038507066
      ]
    ],
    "belief_confidence": [
      0.45454545454545453,
      0.48582995951416996,
      0.5347518559653942,
      0.5505936433087864,
      0.5484534607848162,
      0.543348968033642,
      0.5829942794213854,
      0.3930115817783863,
      0.36704583702955446,
      0.4720851859506032,
      0.4325296716598401,
      0.5744855052490753,
      0.600686864736577,
      0.4998081871744134,
      0.4898021345034109
    ]
  },
  "observations": [
    0,
    0,
    1,
    0,
    0,
    0,
    1,
    2,
    1,
    0,
    2,
    0,
    0,
    1,
    1
  ],
  "true_states": [
    2,
    2,
    2,
    2,
    2,
    2,
    2,
    2,
    2,
    2,
    2,
    2,
    2,
    2,
    2
  ],
  "beliefs": [
    [
      0.09090909090909097,
      0.45454545454545453,
      0.45454545454545453
    ],
    [
      0.02834008097165998,
      0.48582995951416996,
      0.48582995951416996
    ],
    [
      0.06418425206056015,
      0.5347518559653942,
      0.40106389197404574
    ],
    [
      0.022820118294879895,
      0.5505936433087864,
      0.42658623839633375
    ],
    [
      0.01469526726196753,
      0.5484534607848162,
      0.4368512719532163
    ],
    [
      0.013155895233513341,
      0.543348968033642,
      0.44349513673284463
    ],
    [
      0.05226524747758544,
      0.5829942794213854,
      0.36474047310102925
    ],
    [
      0.3092272407293938,
      0.29776117749222003,
      0.3930115817783863
    ],
    [
      0.2841362102333701,
      0.36704583702955446,
      0.3488179527370755
    ],
    [
      0.07603562276238679,
      0.4720851859506032,
      0.45187919128701015
    ],
    [
      0.34264895669871503,
      0.22482137164144494,
      0.4325296716598401
    ],
    [
      0.09387956505575724,
      0.33163492969516745,
      0.5744855052490753
    ],
    [
      0.02896745128557725,
      0.37034568397784584,
      0.600686864736577
    ],
    [
      0.06653215976871012,
      0.4336596530568765,
      0.4998081871744134
    ],
    [
      0.09350494542519583,
      0.4898021345034109,
      0.41669292007139325
    ]
  ],
  "actions": [
    0,
    0,
    0,
    0,
    0,
    0,
    0,
    0,
    0,
    0,
    0,
    0,
    0,
    0,
    0
  ],
  "model_parameters": {
    "A_shape": [
      3,
      3
    ],
    "B_shape": [
      3,
      3,
      3
    ],
    "C_shape": [
      3
    ],
    "D_shape": [
      3
    ],
    "num_states": 3,
    "num_observations": 3,
    "num_actions": 3
  },
  "metrics": {
    "expected_free_energy": [
      [
        -2.126858797151228,
        -2.126858797151228,
        -2.126858797151228
      ],
      [
        -2.2204445210343056,
        -2.2204445210343056,
        -2.2204445210343056
      ],
      [
        -2.176118272764012,
        -2.176118272764012,
        -2.176118272764012
      ],
      [
        -2.2384186742832757,
        -2.2384186742832757,
        -2.2384186742832757
      ],
      [
        -2.25003707907322,
        -2.25003707907322,
        -2.25003707907322
      ],
      [
        -2.251507556763654,
        -2.251507556763654,
        -2.251507556763654
      ],
      [
        -2.200509162992409,
        -2.200509162992409,
        -2.200509162992409
      ],
      [
        -1.8235462091185985,
        -1.8235462091185985,
        -1.8235462091185985
      ],
      [
        -1.8618689721737947,
        -1.8618689721737947,
        -1.8618689721737947
      ],
      [
        -2.1501897385576534,
        -2.1501897385576534,
        -2.1501897385576534
      ],
      [
        -1.7759773824414495,
        -1.7759773824414495,
        -1.7759773824414495
      ],
      [
        -2.106028171489596,
        -2.106028171489596,
        -2.106028171489596
      ],
      [
        -2.2025402523959423,
        -2.2025402523959423,
        -2.2025402523959423
      ],
      [
        -2.1581287089087153,
        -2.1581287089087153,
        -2.1581287089087153
      ],
      [
        -2.1281850038507066,
        -2.1281850038507066,
        -2.1281850038507066
      ]
    ],