{
  "success": true,
  "framework": "PyMDP",
  "model_name": "Multi Armed Bandit Agent",
  "num_timesteps": 15,
  "simulation_trace": {
    "observations": [
      2,
      0,
      2,
      0,
      0,
      1,
      1,
      1,
      2,
      2,
      0,
      2,
      2,
      2,
      1
    ],
    "true_states": [
      2,
      2,
      2,
      2,
      2,
      0,
      0,
      0,
      0,
      0,
      0,
      0,
      0,
      0,
      0
    ],
    "beliefs": [
      [
        0.6666666666666665,
        0.11111111111111117,
        0.22222222222222224
      ],
      [
        0.24342105263157895,
        0.2850877192982457,
        0.47149122807017535
      ],
      [
        0.5635372404393488,
        0.106870841016596,
        0.3295919185440551
      ],
      [
        0.18342979778604346,
        0.24417738339477058,
        0.572392818819186
      ],
      [
        0.04930522726355957,
        0.30834517403332845,
        0.642349598703112
      ],
      [
        0.083248959614044,
        0.3769137647187601,
        0.539837275667196
      ],
      [
        0.10749090658460694,
        0.43956712614319127,
        0.4529419672722018
      ],
      [
        0.12387482203181252,
        0.49495045044705094,
        0.38117472752113657
      ],
      [
        0.43328346995902367,
        0.21888640452998961,
        0.3478301255109867
      ],
      [
        0.7301906073114055,
        0.068677877501105,
        0.20113151518748945
      ],
      [
        0.28940878855926744,
        0.23383629010440907,
        0.47675492133632347
      ],
      [
        0.6050583449434539,
        0.08475006333876818,
        0.31019159171777794
      ],
      [
        0.8187825594785773,
        0.029512166317235713,
        0.151705274204187
      ],
      [
        0.9117938231662874,
        0.015296145341744434,
        0.07291003149196809
      ],
      [
        0.8080551277696075,
        0.08227448656824128,
        0.10967038566215126
      ]
    ],
    "actions": [
      0,
      0,
      0,
      0,
      0,
      0,
      0,
      0,
      0,
      0,
      0,
      0,
      0,
      0,
      0
    ],
    "efe_history": [
      [
        -1.420512259098088,
        -1.420512259098088,
        -1.420512259098088
      ],
      [
        -1.9035069580992223,
        -1.9035069580992223,
        -1.9035069580992223
      ],
      [
        -1.5219763176327616,
        -1.5219763176327616,
        -1.5219763176327616
      ],
      [
        -1.9754942802874664,
        -1.9754942802874664,
        -1.9754942802874664
      ],
      [
        -2.16493300919898,
        -2.16493300919898,
        -2.16493300919898
      ],
      [
        -2.1268145959699725,
        -2.1268145959699725,
        -2.1268145959699725
      ],
      [
        -2.1017905761869073,
        -2.1017905761869073,
        -2.1017905761869073
      ],
      [
        -2.0868202136168903,
        -2.0868202136168903,
        -2.0868202136168903
      ],
      [
        -1.6709873663874142,
        -1.6709873663874142,
        -1.6709873663874142
      ],
      [
        -1.3588811859403869,
        -1.3588811859403869,
        -1.3588811859403869
      ],
      [
        -1.840910841463529,
        -1.840910841463529,
        -1.840910841463529
      ],
      [
        -1.4784864742807367,
        -1.4784864742807367,
        -1.4784864742807367
      ],
      [
        -1.2798443097487118,
        -1.2798443097487118,
        -1.2798443097487118
      ],
      [
        -1.2055892743828207,
        -1.2055892743828207,
        -1.2055892743828207
      ],
      [
        -1.291876281144929,
        -1.291876281144929,
        -1.291876281144929
      ]
    ],
    "belief_confidence": [
      0.6666666666666665,
      0.47149122807017535,
      0.5635372404393488,
      0.572392818819186,
      0.642349598703112,
      0.539837275667196,
      0.4529419672722018,
      0.49495045044705094,
      0.43328346995902367,
      0.7301906073114055,
      0.47675492133632347,
      0.6050583449434539,
      0.8187825594785773,
      0.9117938231662874,
      0.8080551277696075
    ]
  },
  "observations": [
    2,
    0,
    2,
    0,
    0,
    1,
    1,
    1,
    2,
    2,
    0,
    2,
    2,
    2,
    1
  ],
  "true_states": [
    2,
    2,
    2,
    2,
    2,
    0,
    0,
    0,
    0,
    0,
    0,
    0,
    0,
    0,
    0
  ],
  "beliefs": [
    [
      0.6666666666666665,
      0.11111111111111117,
      0.22222222222222224
    ],
    [
      0.24342105263157895,
      0.2850877192982457,
      0.47149122807017535
    ],
    [
      0.5635372404393488,
      0.106870841016596,
      0.3295919185440551
    ],
    [
      0.18342979778604346,
      0.24417738339477058,
      0.572392818819186
    ],
    [
      0.04930522726355957,
      0.30834517403332845,
      0.642349598703112
    ],
    [
      0.083248959614044,
      0.3769137647187601,
      0.539837275667196
    ],
    [
      0.10749090658460694,
      0.43956712614319127,
      0.4529419672722018
    ],
    [
      0.12387482203181252,
      0.49495045044705094,
      0.38117472752113657
    ],
    [
      0.43328346995902367,
      0.21888640452998961,
      0.3478301255109867
    ],
    [
      0.7301906073114055,
      0.068677877501105,
      0.20113151518748945
    ],
    [
      0.28940878855926744,
      0.23383629010440907,
      0.47675492133632347
    ],
    [
      0.6050583449434539,
      0.08475006333876818,
      0.31019159171777794
    ],
    [
      0.8187825594785773,
      0.029512166317235713,
      0.151705274204187
    ],
    [
      0.9117938231662874,
      0.015296145341744434,
      0.07291003149196809
    ],
    [
      0.8080551277696075,
      0.08227448656824128,
      0.10967038566215126
    ]
  ],
  "actions": [
    0,
    0,
    0,
    0,
    0,
    0,
    0,
    0,
    0,
    0,
    0,
    0,
    0,
    0,
    0
  ],
  "model_parameters": {
    "A_shape": [
      3,
      3
    ],
    "B_shape": [
      3,
      3,
      3
    ],
    "C_shape": [
      3
    ],
    "D_shape": [
      3
    ],
    "num_states": 3,
    "num_observations": 3,
    "num_actions": 3
  },
  "metrics": {
    "expected_free_energy": [
      [
        -1.420512259098088,
        -1.420512259098088,
        -1.420512259098088
      ],
      [
        -1.9035069580992223,
        -1.9035069580992223,
        -1.9035069580992223
      ],
      [
        -1.5219763176327616,
        -1.5219763176327616,
        -1.5219763176327616
      ],
      [
        -1.9754942802874664,
        -1.9754942802874664,
        -1.9754942802874664
      ],
      [
        -2.16493300919898,
        -2.16493300919898,
        -2.16493300919898
      ],
      [
        -2.1268145959699725,
        -2.1268145959699725,
        -2.1268145959699725
      ],
      [
        -2.1017905761869073,
        -2.1017905761869073,
        -2.1017905761869073
      ],
      [
        -2.0868202136168903,
        -2.0868202136168903,
        -2.0868202136168903
      ],
      [
        -1.6709873663874142,
        -1.6709873663874142,
        -1.6709873663874142
      ],
      [
        -1.3588811859403869,
        -1.3588811859403869,
        -1.3588811859403869
      ],
      [
        -1.840910841463529,
        -1.840910841463529,
        -1.840910841463529
      ],
      [
        -1.4784864742807367,
        -1.4784864742807367,
        -1.4784864742807367
      ],
      [
        -1.2798443097487118,
        -1.2798443097487118,
        -1.2798443097487118
      ],
      [
        -1.2055892743828207,
        -1.2055892743828207,
        -1.2055892743828207
      ],
      [
        -1.291876281144929,
        -1.291876281144929,
        -1.291876281144929
      ]
    ],