{
  "success": true,
  "framework": "PyMDP",
  "model_name": "Multi Armed Bandit Agent",
  "num_timesteps": 15,
  "simulation_trace": {
    "observations": [
      1,
      1,
      2,
      0,
      1,
      1,
      0,
      1,
      0,
      1,
      2,
      2,
      0,
      1,
      2
    ],
    "true_states": [
      1,
      1,
      1,
      1,
      1,
      1,
      1,
      1,
      1,
      1,
      1,
      0,
      0,
      0,
      0
    ],
    "beliefs": [
      [
        0.30000000000000004,
        0.4,
        0.30000000000000004
      ],
      [
        0.2699115044247788,
        0.4601769911504424,
        0.2699115044247787
      ],
      [
        0.6263845263679946,
        0.16482063150934045,
        0.20879484212266491
      ],
      [
        0.2181134925646646,
        0.35594888748560616,
        0.42593761994972934
      ],
      [
        0.21064205617080878,
        0.42064203678112405,
        0.3687159070480673
      ],
      [
        0.20165165706541635,
        0.4784038289197488,
        0.3199445140148349
      ],
      [
        0.05381215968455056,
        0.5549350935194981,
        0.39125274679595123
      ],
      [
        0.08155760822611371,
        0.5925497293209705,
        0.32589266245291576
      ],
      [
        0.02638332367291217,
        0.6120976010807109,
        0.36151907524637694
      ],
      [
        0.06085721432847512,
        0.6389218637974566,
        0.3002209218740683
      ],
      [
        0.3365097474655706,
        0.3269784243288073,
        0.33651182820562214
      ],
      [
        0.668456575256432,
        0.10872339357217094,
        0.2228200311713972
      ],
      [
        0.24460922553604136,
        0.2817588629813059,
        0.47363191148265266
      ],
      [
        0.23521954501497264,
        0.3520236760753975,
        0.41275677890962986
      ],
      [
        0.5657818462377125,
        0.13175501066485643,
        0.30246314309743105
      ]
    ],
    "actions": [
      0,
      0,
      0,
      0,
      0,
      0,
      0,
      0,
      0,
      0,
      0,
      0,
      0,
      0,
      0
    ],
    "efe_history": [
      [
        -1.84597940572726,
        -1.84597940572726,
        -1.84597940572726
      ],
      [
        -1.8903376495623045,
        -1.8903376495623045,
        -1.8903376495623045
      ],
      [
        -1.463319043655384,
        -1.463319043655384,
        -1.463319043655384
      ],
      [
        -1.943874492008292,
        -1.943874492008292,
        -1.943874492008292
      ],
      [
        -1.9613257444301389,
        -1.9613257444301389,
        -1.9613257444301389
      ],
      [
        -1.9802522148084856,
        -1.9802522148084856,
        -1.9802522148084856
      ],
      [
        -2.194016500852952,
        -2.194016500852952,
        -2.194016500852952
      ],
      [
        -2.159928533191729,
        -2.159928533191729,
        -2.159928533191729
      ],
      [
        -2.2428414043688356,
        -2.2428414043688356,
        -2.2428414043688356
      ],
      [
        -2.1966736944505447,
        -2.1966736944505447,
        -2.1966736944505447
      ],
      [
        -1.7937444213777016,
        -1.7937444213777016,
        -1.7937444213777016
      ],
      [
        -1.4186466617019278,
        -1.4186466617019278,
        -1.4186466617019278
      ],
      [
        -1.9016383116346856,
        -1.9016383116346856,
        -1.9016383116346856
      ],
      [
        -1.9215458465573343,
        -1.9215458465573343,
        -1.9215458465573343
      ],
      [
        -1.5215973959383657,
        -1.5215973959383657,
        -1.5215973959383657
      ]
    ],
    "belief_confidence": [
      0.4,
      0.4601769911504424,
      0.6263845263679946,
      0.42593761994972934,
      0.42064203678112405,
      0.4784038289197488,
      0.5549350935194981,
      0.5925497293209705,
      0.6120976010807109,
      0.6389218637974566,
      0.33651182820562214,
      0.668456575256432,
      0.47363191148265266,
      0.41275677890962986,
      0.5657818462377125
    ]
  },
  "observations": [
    1,
    1,
    2,
    0,
    1,
    1,
    0,
    1,
    0,
    1,
    2,
    2,
    0,
    1,
    2
  ],
  "true_states": [
    1,
    1,
    1,
    1,
    1,
    1,
    1,
    1,
    1,
    1,
    1,
    0,
    0,
    0,
    0
  ],
  "beliefs": [
    [
      0.30000000000000004,
      0.4,
      0.30000000000000004
    ],
    [
      0.2699115044247788,
      0.4601769911504424,
      0.2699115044247787
    ],
    [
      0.6263845263679946,
      0.16482063150934045,
      0.20879484212266491
    ],
    [
      0.2181134925646646,
      0.35594888748560616,
      0.42593761994972934
    ],
    [
      0.21064205617080878,
      0.42064203678112405,
      0.3687159070480673
    ],
    [
      0.20165165706541635,
      0.4784038289197488,
      0.3199445140148349
    ],
    [
      0.05381215968455056,
      0.5549350935194981,
      0.39125274679595123
    ],
    [
      0.08155760822611371,
      0.5925497293209705,
      0.32589266245291576
    ],
    [
      0.02638332367291217,
      0.6120976010807109,
      0.36151907524637694
    ],
    [
      0.06085721432847512,
      0.6389218637974566,
      0.3002209218740683
    ],
    [
      0.3365097474655706,
      0.3269784243288073,
      0.33651182820562214
    ],
    [
      0.668456575256432,
      0.10872339357217094,
      0.2228200311713972
    ],
    [
      0.24460922553604136,
      0.2817588629813059,
      0.47363191148265266
    ],
    [
      0.23521954501497264,
      0.3520236760753975,
      0.41275677890962986
    ],
    [
      0.5657818462377125,
      0.13175501066485643,
      0.30246314309743105
    ]
  ],
  "actions": [
    0,
    0,
    0,
    0,
    0,
    0,
    0,
    0,
    0,
    0,
    0,
    0,
    0,
    0,
    0
  ],
  "model_parameters": {
    "A_shape": [
      3,
      3
    ],
    "B_shape": [
      3,
      3,
      3
    ],
    "C_shape": [
      3
    ],
    "D_shape": [
      3
    ],
    "num_states": 3,
    "num_observations": 3,
    "num_actions": 3
  },
  "metrics": {
    "expected_free_energy": [
      [
        -1.84597940572726,
        -1.84597940572726,
        -1.84597940572726
      ],
      [
        -1.8903376495623045,
        -1.8903376495623045,
        -1.8903376495623045
      ],
      [
        -1.463319043655384,
        -1.463319043655384,
        -1.463319043655384
      ],
      [
        -1.943874492008292,
        -1.943874492008292,
        -1.943874492008292
      ],
      [
        -1.9613257444301389,
        -1.9613257444301389,
        -1.9613257444301389
      ],
      [
        -1.9802522148084856,
        -1.9802522148084856,
        -1.9802522148084856
      ],
      [
        -2.194016500852952,
        -2.194016500852952,
        -2.194016500852952
      ],
      [
        -2.159928533191729,
        -2.159928533191729,
        -2.159928533191729
      ],
      [
        -2.2428414043688356,
        -2.2428414043688356,
        -2.2428414043688356
      ],
      [
        -2.1966736944505447,
        -2.1966736944505447,
        -2.1966736944505447
      ],
      [
        -1.7937444213777016,
        -1.7937444213777016,
        -1.7937444213777016
      ],
      [
        -1.4186466617019278,
        -1.4186466617019278,
        -1.4186466617019278
      ],
      [
        -1.9016383116346856,
        -1.9016383116346856,
        -1.9016383116346856
      ],
      [
        -1.9215458465573343,
        -1.9215458465573343,
        -1.9215458465573343
      ],
      [
        -1.5215973959383657,
        -1.5215973959383657,
        -1.5215973959383657
      ]
    ],