{
  "success": true,
  "framework": "PyMDP",
  "model_name": "Multi Armed Bandit Agent",
  "num_timesteps": 15,
  "simulation_trace": {
    "observations": [
      1,
      0,
      0,
      0,
      1,
      1,
      1,
      0,
      1,
      1,
      2,
      1,
      0,
      0,
      0
    ],
    "true_states": [
      2,
      2,
      2,
      2,
      2,
      2,
      2,
      2,
      2,
      2,
      2,
      2,
      2,
      2,
      2
    ],
    "beliefs": [
      [
        0.30000000000000004,
        0.4,
        0.30000000000000004
      ],
      [
        0.08068783068783078,
        0.5158730158730157,
        0.40343915343915343
      ],
      [
        0.02620272403109845,
        0.5396913544163207,
        0.4341059215525809
      ],
      [
        0.015341474173760793,
        0.5399567934055964,
        0.44470173242064265
      ],
      [
        0.053896477208274764,
        0.5801864933824883,
        0.365917029409237
      ],
      [
        0.08112423288693107,
        0.6131913279125976,
        0.3056844392004713
      ],
      [
        0.09992874436855159,
        0.6397968288206126,
        0.26027442681083585
      ],
      [
        0.030253834785319362,
        0.6656895171426386,
        0.304056648072042
      ],
      [
        0.06282012598903487,
        0.6812654935852108,
        0.25591438042575443
      ],
      [
        0.08547391939907449,
        0.6933728881171323,
        0.22115319248379328
      ],
      [
        0.39752557816825645,
        0.345371451168494,
        0.25710297066324966
      ],
      [
        0.3480386859669357,
        0.4110171725372678,
        0.24094414149579646
      ],
      [
        0.09562194770112248,
        0.5521166789574163,
        0.35226137334146124
      ],
      [
        0.029336763841316622,
        0.5802374064017146,
        0.3904258297569687
      ],
      [
        0.015943017818874586,
        0.5778428990573287,
        0.4062140831237967
      ]
    ],
    "actions": [
      0,
      0,
      0,
      0,
      0,
      0,
      0,
      0,
      0,
      0,
      0,
      0,
      0,
      0,
      0
    ],
    "efe_history": [
      [
        -1.84597940572726,
        -1.84597940572726,
        -1.84597940572726
      ],
      [
        -2.149915318583289,
        -2.149915318583289,
        -2.149915318583289
      ],
      [
        -2.231773508926197,
        -2.231773508926197,
        -2.231773508926197
      ],
      [
        -2.24775572914678,
        -2.24775572914678,
        -2.24775572914678
      ],
      [
        -2.197722664500995,
        -2.197722664500995,
        -2.197722664500995
      ],
      [
        -2.163630543261874,
        -2.163630543261874,
        -2.163630543261874
      ],
      [
        -2.1409031769598585,
        -2.1409031769598585,
        -2.1409031769598585
      ],
      [
        -2.245703023728451,
        -2.245703023728451,
        -2.245703023728451
      ],
      [
        -2.2004264134701423,
        -2.2004264134701423,
        -2.2004264134701423
      ],
      [
        -2.1696031518201577,
        -2.1696031518201577,
        -2.1696031518201577
      ],
      [
        -1.7238198522217232,
        -1.7238198522217232,
        -1.7238198522217232
      ],
      [
        -1.788878958404019,
        -1.788878958404019,
        -1.788878958404019
      ],
      [
        -2.1341186494329314,
        -2.1341186494329314,
        -2.1341186494329314
      ],
      [
        -2.233479736525679,
        -2.233479736525679,
        -2.233479736525679
      ],
      [
        -2.2528251858905235,
        -2.2528251858905235,
        -2.2528251858905235
      ]
    ],
    "belief_confidence": [
      0.4,
      0.5158730158730157,
      0.5396913544163207,
      0.5399567934055964,
      0.5801864933824883,
      0.6131913279125976,
      0.6397968288206126,
      0.6656895171426386,
      0.6812654935852108,
      0.6933728881171323,
      0.39752557816825645,
      0.4110171725372678,
      0.5521166789574163,
      0.5802374064017146,
      0.5778428990573287
    ]
  },
  "observations": [
    1,
    0,
    0,
    0,
    1,
    1,
    1,
    0,
    1,
    1,
    2,
    1,
    0,
    0,
    0
  ],
  "true_states": [
    2,
    2,
    2,
    2,
    2,
    2,
    2,
    2,
    2,
    2,
    2,
    2,
    2,
    2,
    2
  ],
  "beliefs": [
    [
      0.30000000000000004,
      0.4,
      0.30000000000000004
    ],
    [
      0.08068783068783078,
      0.5158730158730157,
      0.40343915343915343
    ],
    [
      0.02620272403109845,
      0.5396913544163207,
      0.4341059215525809
    ],
    [
      0.015341474173760793,
      0.5399567934055964,
      0.44470173242064265
    ],
    [
      0.053896477208274764,
      0.5801864933824883,
      0.365917029409237
    ],
    [
      0.08112423288693107,
      0.6131913279125976,
      0.3056844392004713
    ],
    [
      0.09992874436855159,
      0.6397968288206126,
      0.26027442681083585
    ],
    [
      0.030253834785319362,
      0.6656895171426386,
      0.304056648072042
    ],
    [
      0.06282012598903487,
      0.6812654935852108,
      0.25591438042575443
    ],
    [
      0.08547391939907449,
      0.6933728881171323,
      0.22115319248379328
    ],
    [
      0.39752557816825645,
      0.345371451168494,
      0.25710297066324966
    ],
    [
      0.3480386859669357,
      0.4110171725372678,
      0.24094414149579646
    ],
    [
      0.09562194770112248,
      0.5521166789574163,
      0.35226137334146124
    ],
    [
      0.029336763841316622,
      0.5802374064017146,
      0.3904258297569687
    ],
    [
      0.015943017818874586,
      0.5778428990573287,
      0.4062140831237967
    ]
  ],
  "actions": [
    0,
    0,
    0,
    0,
    0,
    0,
    0,
    0,
    0,
    0,
    0,
    0,
    0,
    0,
    0
  ],
  "model_parameters": {
    "A_shape": [
      3,
      3
    ],
    "B_shape": [
      3,
      3,
      3
    ],
    "C_shape": [
      3
    ],
    "D_shape": [
      3
    ],
    "num_states": 3,
    "num_observations": 3,
    "num_actions": 3
  },
  "metrics": {
    "expected_free_energy": [
      [
        -1.84597940572726,
        -1.84597940572726,
        -1.84597940572726
      ],
      [
        -2.149915318583289,
        -2.149915318583289,
        -2.149915318583289
      ],
      [
        -2.231773508926197,
        -2.231773508926197,
        -2.231773508926197
      ],
      [
        -2.24775572914678,
        -2.24775572914678,
        -2.24775572914678
      ],
      [
        -2.197722664500995,
        -2.197722664500995,
        -2.197722664500995
      ],
      [
        -2.163630543261874,
        -2.163630543261874,
        -2.163630543261874
      ],
      [
        -2.1409031769598585,
        -2.1409031769598585,
        -2.1409031769598585
      ],
      [
        -2.245703023728451,
        -2.245703023728451,
        -2.245703023728451
      ],
      [
        -2.2004264134701423,
        -2.2004264134701423,
        -2.2004264134701423
      ],
      [
        -2.1696031518201577,
        -2.1696031518201577,
        -2.1696031518201577
      ],
      [
        -1.7238198522217232,
        -1.7238198522217232,
        -1.7238198522217232
      ],
      [
        -1.788878958404019,
        -1.788878958404019,
        -1.788878958404019
      ],
      [
        -2.1341186494329314,
        -2.1341186494329314,
        -2.1341186494329314
      ],
      [
        -2.233479736525679,
        -2.233479736525679,
        -2.233479736525679
      ],
      [
        -2.2528251858905235,
        -2.2528251858905235,
        -2.2528251858905235
      ]
    ],