{
    "num_observations": 4,
    "time_steps": 15,
    "efe_per_action": [
        [
            2.514123340598431,
            0.114123340636831,
            2.8141233405936306,
            2.8141233405936306
        ],
        [
            0.1141233407720649,
            2.5141233407613983,
            2.814123340760065,
            2.814123340760065
        ],
        [
            0.1141233407720649,
            2.5141233407613983,
            2.814123340760065,
            2.814123340760065
        ],
        [
            0.1141233407720649,
            2.5141233407613983,
            2.814123340760065,
            2.814123340760065
        ],
        [
            0.1141233407720649,
            2.5141233407613983,
            2.814123340760065,
            2.814123340760065
        ],
        [
            2.5141233402723744,
            0.11412334036837447,
            2.8141233402603745,
            2.8141233402603745
        ],
        [
            0.1141233407720649,
            2.5141233407613983,
            2.814123340760065,
            2.814123340760065
        ],
        [
            0.1141233407720649,
            2.5141233407613983,
            2.814123340760065,
            2.814123340760065
        ],
        [
            0.1141233407720649,
            2.5141233407613983,
            2.814123340760065,
            2.814123340760065
        ],
        [
            0.1141233407720649,
            2.5141233407613983,
            2.814123340760065,
            2.814123340760065
        ],
        [
            0.1141233407720649,
            2.5141233407613983,
            2.814123340760065,
            2.814123340760065
        ],
        [
            0.1141233407720649,
            2.5141233407613983,
            2.814123340760065,
            2.814123340760065
        ],
        [
            0.1141233407720649,
            2.5141233407613983,
            2.814123340760065,
            2.814123340760065
        ],
        [
            0.1141233407720649,
            2.5141233407613983,
            2.814123340760065,
            2.814123340760065
        ],
        [
            0.1141233407720649,
            2.5141233407613983,
            2.814123340760065,
            2.814123340760065
        ]
    ],
    "num_actions": 4,
    "efe_history": [
        0.114123340636831,
        0.1141233407720649,
        0.1141233407720649,
        0.1141233407720649,
        0.1141233407720649,
        0.11412334036837447,
        0.1141233407720649,
        0.1141233407720649,
        0.1141233407720649,
        0.1141233407720649,
        0.1141233407720649,
        0.1141233407720649,
        0.1141233407720649,
        0.1141233407720649,
        0.1141233407720649
    ],
    "actions": [
        2,
        1,
        1,
        1,
        1,
        2,
        1,
        1,
        1,
        1,
        1,
        1,
        1,
        1,
        1
    ],
    "true_states": [
        3,
        4,
        4,
        4,
        4,
        3,
        4,
        4,
        4,
        4,
        4,
        4,
        4,
        4,
        4
    ],
    "framework": "rxinfer",
    "num_states": 4,
    "observations": [
        3,
        4,
        4,
        4,
        4,
        3,
        4,
        4,
        4,
        4,
        4,
        4,
        4,
        4,
        4
    ],
    "action_probabilities": [
        [
            6.772138685196676e-5,
            0.9998914840336623,
            2.039728974287115e-5,
            2.039728974287115e-5
        ],
        [
            0.9998914840336748,
            6.772138684445503e-5,
            2.039728974032579e-5,
            2.039728974032579e-5
        ],
        [
            0.9998914840336748,
            6.772138684445503e-5,
            2.039728974032579e-5,
            2.039728974032579e-5
        ],
        [
            0.9998914840336748,
            6.772138684445503e-5,
            2.039728974032579e-5,
            2.039728974032579e-5
        ],
        [
            0.9998914840336748,
            6.772138684445503e-5,
            2.039728974032579e-5,
            2.039728974032579e-5
        ],
        [
            6.772138686756801e-5,
            0.9998914840336359,
            2.0397289748157563e-5,
            2.0397289748157563e-5
        ],
        [
            0.9998914840336748,
            6.772138684445503e-5,
            2.039728974032579e-5,
            2.039728974032579e-5
        ],
        [
            0.9998914840336748,
            6.772138684445503e-5,
            2.039728974032579e-5,
            2.039728974032579e-5
        ],
        [
            0.9998914840336748,
            6.772138684445503e-5,
            2.039728974032579e-5,
            2.039728974032579e-5
        ],
        [
            0.9998914840336748,
            6.772138684445503e-5,
            2.039728974032579e-5,
            2.039728974032579e-5
        ],
        [
            0.9998914840336748,
            6.772138684445503e-5,
            2.039728974032579e-5,
            2.039728974032579e-5
        ],
        [
            0.9998914840336748,
            6.772138684445503e-5,
            2.039728974032579e-5,
            2.039728974032579e-5
        ],
        [
            0.9998914840336748,
            6.772138684445503e-5,
            2.039728974032579e-5,
            2.039728974032579e-5
        ],
        [
            0.9998914840336748,
            6.772138684445503e-5,
            2.039728974032579e-5,
            2.039728974032579e-5
        ],
        [
            0.9998914840336748,
            6.772138684445503e-5,
            2.039728974032579e-5,
            2.039728974032579e-5
        ]
    ],
    "validation": {
        "all_beliefs_valid": true,
        "actions_in_range": true,
        "beliefs_sum_to_one": true
    },
    "model_name": "Simple MDP Agent",
    "preferences": [
        0.0,
        0.0,
        0.0,
        3.0
    ],