{
    "num_observations": 4,
    "time_steps": 3,
    "efe_per_action": [
        [
            1.3862943610626357,
            1.3862943610912628,
            1.3862943611198901,
            1.3862943610640184
        ],
        [
            1.3862943610353913,
            1.3862943610912628,
            1.3846590720309486,
            1.3862943610912628
        ],
        [
            1.3862943610353913,
            1.3862943610912628,
            1.3846590720309517,
            1.3862943610912628
        ]
    ],
    "num_actions": 4,
    "efe_history": [
        1.3862943610912628,
        1.3862943610353913,
        1.3862943610912628
    ],
    "actions": [
        2,
        1,
        2
    ],
    "true_states": [
        1,
        3,
        3
    ],
    "framework": "rxinfer",
    "num_states": 4,
    "observations": [
        1,
        3,
        3
    ],
    "action_probabilities": [
        [
            0.25000000002181605,
            0.24999999999318895,
            0.24999999996456163,
            0.2500000000204334
        ],
        [
            0.24959050960160392,
            0.2495905095458239,
            0.25122847130674825,
            0.2495905095458239
        ],
        [
            0.2495905096016047,
            0.2495905095458247,
            0.25122847130674597,
            0.2495905095458247
        ]
    ],
    "validation": {
        "all_beliefs_valid": true,
        "actions_in_range": true,
        "beliefs_sum_to_one": true
    },
    "model_name": "T-Maze Epistemic Foraging Agent",
    "preferences": [
        0.0,
        0.0,
        0.0,
        0.0
    ],
    "beliefs": [
        [
            0.9999999999970001,
            1.0000000000000004e-12,
            1.0000000000000004e-12,
            1.0000000000000004e-12
        ],
        [
            1.0000000000010002e-12,
            1.0000000000010002e-12,
            0.9999999999970001,
            1.0000000000010002e-12
        ],
        [
            1.0000000000030003e-12,
            1.0000000000030003e-12,
            0.9999999999970001,
            1.0000000000030003e-12
        ]
    ]
}