{
  "success": true,
  "framework": "PyMDP",
  "model_name": "Active Inference POMDP Agent",
  "num_timesteps": 30,
  "simulation_trace": {
    "observations": [
      0,
      2,
      2,
      2,
      0,
      2,
      2,
      2,
      2,
      1,
      2,
      2,
      2,
      0,
      2,
      2,
      2,
      2,
      0,
      2,
      2,
      2,
      2,
      2,
      2,
      2,
      2,
      2,
      2,
      2
    ],
    "true_states": [
      0,
      2,
      2,
      2,
      2,
      2,
      2,
      2,
      2,
      2,
      2,
      2,
      2,
      2,
      2,
      2,
      2,
      2,
      2,
      2,
      2,
      2,
      2,
      2,
      2,
      2,
      2,
      2,
      2,
      2
    ],
    "beliefs": [
      [
        0.8999999999999999,
        0.05000000000000008,
        0.05000000000000008
      ],
      [
        0.0030674846625767045,
        0.0030674846625767045,
        0.9938650306748466
      ],
      [
        0.00017140898183065485,
        0.00017140898183065485,
        0.9996571820363386
      ],
      [
        9.525805406853111e-06,
        9.525805406853111e-06,
        0.9999809483891862
      ],
      [
        0.00017143673508452923,
        9.52426306025165e-06,
        0.9998190390018551
      ],
      [
        9.525891107533403e-06,
        5.292161726459946e-07,
        0.9999899448927199
      ],
      [
        5.292211983902301e-07,
        2.9401177693884712e-08,
        0.999999441377624
      ],
      [
        2.940119320561246e-08,
        1.6333996280886397e-09,
        0.9999999689654072
      ],
      [
        1.6333996759652632e-09,
        9.074443199801777e-11,
        0.9999999982758558
      ],
      [
        1.6333997734454854e-09,
        1.6334015734445413e-09,
        0.9999999967331987
      ],
      [
        9.074443769361313e-11,
        9.074453769356101e-11,
        0.999999999818511
      ],
      [
        5.041363206064853e-12,
        5.04136876161751e-12,
        0.9999999999899172
      ],
      [
        2.8008128922849223e-13,
        2.8008159787030615e-13,
        0.9999999999994398
      ],
      [
        5.043263206088822e-12,
        2.8018159786897043e-13,
        0.9999999999946765
      ],
      [
        2.8018684478412095e-13,
        1.5571199881687767e-14,
        0.9999999999997042
      ],
      [
        1.557149137689997e-14,
        8.706222156495617e-16,
        0.9999999999999836
      ],
      [
        8.706384098277903e-16,
        5.39234564249765e-17,
        0.9999999999999991
      ],
      [
        5.392435610154395e-17,
        8.551303134720932e-18,
        1.0
      ],
      [
        2.7706384098277714e-15,
        1.0855130313472054e-16,
        0.9999999999999971
      ],
      [
        1.594799116570988e-16,
        1.1586183507484472e-17,
        0.9999999999999998
      ],
      [
        1.4415550647616672e-17,
        6.199232417082469e-18,
        1.0
      ],
      [
        6.3564194804231525e-18,
        5.899957356504606e-18,
        1.0
      ],
      [
        5.908689971134657e-18,
        5.883330964250279e-18,
        1.0
      ],
      [
        5.88381610950751e-18,
        5.882407275791686e-18,
        1.0
      ],
      [
        5.882434228305993e-18,
        5.882355959766216e-18,
        1.0
      ],
      [
        5.882357457128113e-18,
        5.882353108875932e-18,
        1.0
      ],
      [
        5.8823531920626844e-18,
        5.882352950493112e-18,
        1.0
      ],
      [
        5.8823529551146074e-18,
        5.882352941694085e-18,
        1.0
      ],
      [
        5.882352941950842e-18,
        5.882352941205232e-18,
        1.0
      ],
      [
        5.882352941219527e-18,
        5.882352941178106e-18,
        1.0
      ]
    ],
    "actions": [
      2,
      0,
      0,
      0,
      0,
      0,
      0,
      0,
      0,
      0,
      0,
      0,
      0,
      0,
      0,
      0,
      0,
      0,
      0,
      0,
      0,
      0,
      0,
      0,
      0,
      0,
      0,
      0,
      0,
      0
    ],
    "efe_history": [
      -0.548833759929672,
      -0.6748289964440974,
      -0.684479922345355,
      -0.6850272055740991,
      -0.6847535091672766,
      -0.6850424252440288,
      -0.6850585336851446,
      -0.6850594286440446,
      -0.6850594355319896,
      -0.6850594351694659,
      -0.685059435894513,
      -0.6850594359347932,
      -0.6850594359370312,
      -0.6850594359359117,
      -0.6850594359370933,
      -0.6850594359371589,
      -0.6850594359371627,
      -0.6850594359371629,
      -0.6850594359371622,
      -0.6850594359371627,
      -0.6850594359371629,
      -0.6850594359371629,
      -0.6850594359371629,
      -0.6850594359371629,
      -0.6850594359371629,
      -0.6850594359371629,
      -0.6850594359371629,
      -0.6850594359371629,
      -0.6850594359371629,
      -0.6850594359371629
    ],
    "belief_confidence": [
      0.8999999999999999,
      0.9938650306748466,
      0.9996571820363386,
      0.9999809483891862,
      0.9998190390018551,
      0.9999899448927199,
      0.999999441377624,
      0.9999999689654072,
      0.9999999982758558,
      0.9999999967331987,
      0.999999999818511,
      0.9999999999899172,
      0.9999999999994398,
      0.9999999999946765,
      0.9999999999997042,
      0.9999999999999836,
      0.9999999999999991,
      1.0,
      0.9999999999999971,
      0.9999999999999998,
      1.0,
      1.0,
      1.0,
      1.0,
      1.0,
      1.0,
      1.0,
      1.0,
      1.0,
      1.0
    ]
  },
  "observations": [
    0,
    2,
    2,
    2,
    0,
    2,
    2,
    2,
    2,
    1,
    2,
    2,
    2,
    0,
    2,
    2,
    2,
    2,
    0,
    2,
    2,
    2,
    2,
    2,
    2,
    2,
    2,
    2,
    2,
    2
  ],
  "true_states": [
    0,
    2,
    2,
    2,
    2,
    2,
    2,
    2,
    2,
    2,
    2,
    2,
    2,
    2,
    2,
    2,
    2,
    2,
    2,
    2,
    2,
    2,
    2,
    2,
    2,
    2,
    2,
    2,
    2,
    2
  ],