{
  "success": true,
  "framework": "PyMDP",
  "model_name": "Active Inference POMDP Agent",
  "num_timesteps": 15,
  "simulation_trace": {
    "observations": [
      1,
      1,
      1,
      1,
      1,
      1,
      1,
      1,
      1,
      1,
      0,
      1,
      1,
      1,
      1
    ],
    "true_states": [
      1,
      1,
      1,
      1,
      1,
      1,
      1,
      1,
      1,
      1,
      1,
      1,
      1,
      1,
      1
    ],
    "beliefs": [
      [
        0.05000000000000008,
        0.8999999999999999,
        0.05000000000000008
      ],
      [
        0.0030674846625767045,
        0.9938650306748466,
        0.0030674846625767045
      ],
      [
        0.0001714089818306549,
        0.9996571820363388,
        0.0001714089818306549
      ],
      [
        9.525805406853113e-06,
        0.9999809483891864,
        9.525805406853113e-06
      ],
      [
        5.292209338691478e-07,
        0.9999989415581324,
        5.292209338691478e-07
      ],
      [
        2.940119238888053e-08,
        0.9999999411976151,
        2.940119238888053e-08
      ],
      [
        1.633399673427397e-09,
        0.9999999967332007,
        1.633399673427397e-09
      ],
      [
        9.074443213705247e-11,
        0.999999999818511,
        9.074443213705247e-11
      ],
      [
        5.041362897367038e-12,
        0.9999999999899174,
        5.041362897367038e-12
      ],
      [
        2.8008127207861374e-13,
        0.99999999999944,
        2.8008127207861374e-13
      ],
      [
        5.043262897391019e-12,
        0.9999999999946765,
        2.8018127207727863e-13
      ],
      [
        1.5571181782149336e-14,
        0.9999999999997042,
        2.801868276342434e-13
      ],
      [
        8.706212101196521e-16,
        0.9999999999999836,
        1.5571490424129002e-14
      ],
      [
        5.3923400562203825e-17,
        0.9999999999999991,
        8.706383568960715e-16
      ],
      [
        8.551300031233546e-18,
        1.0,
        5.3924353160893043e-17
      ]
    ],
    "actions": [
      0,
      0,
      0,
      0,
      0,
      0,
      0,
      0,
      0,
      0,
      2,
      0,
      0,
      0,
      0
    ],
    "efe_history": [
      -1.1990837599296713,
      -1.4327891191434836,
      -1.449086538732054,
      -1.4500053438506906,
      -1.4500564306907355,
      -1.4500593546428873,
      -1.450059431420814,
      -1.4500594356862537,
      -1.4500594359232235,
      -1.450059435936388,
      -1.4500594359279808,
      -1.4500594359366523,
      -1.4500594359371342,
      -1.450059435937161,
      -1.4500594359371624
    ],
    "belief_confidence": [
      0.8999999999999999,
      0.9938650306748466,
      0.9996571820363388,
      0.9999809483891864,
      0.9999989415581324,
      0.9999999411976151,
      0.9999999967332007,
      0.999999999818511,
      0.9999999999899174,
      0.99999999999944,
      0.9999999999946765,
      0.9999999999997042,
      0.9999999999999836,
      0.9999999999999991,
      1.0
    ]
  },
  "observations": [
    1,
    1,
    1,
    1,
    1,
    1,
    1,
    1,
    1,
    1,
    0,
    1,
    1,
    1,
    1
  ],
  "true_states": [
    1,
    1,
    1,
    1,
    1,
    1,
    1,
    1,
    1,
    1,
    1,
    1,
    1,
    1,
    1
  ],
  "beliefs": [
    [
      0.05000000000000008,
      0.8999999999999999,
      0.05000000000000008
    ],
    [
      0.0030674846625767045,
      0.9938650306748466,
      0.0030674846625767045
    ],
    [
      0.0001714089818306549,
      0.9996571820363388,
      0.0001714089818306549
    ],
    [
      9.525805406853113e-06,
      0.9999809483891864,
      9.525805406853113e-06
    ],
    [
      5.292209338691478e-07,
      0.9999989415581324,
      5.292209338691478e-07
    ],
    [
      2.940119238888053e-08,
      0.9999999411976151,
      2.940119238888053e-08
    ],
    [
      1.633399673427397e-09,
      0.9999999967332007,
      1.633399673427397e-09
    ],
    [
      9.074443213705247e-11,
      0.999999999818511,
      9.074443213705247e-11
    ],
    [
      5.041362897367038e-12,
      0.9999999999899174,
      5.041362897367038e-12
    ],
    [
      2.8008127207861374e-13,
      0.99999999999944,
      2.8008127207861374e-13
    ],
    [
      5.043262897391019e-12,
      0.9999999999946765,
      2.8018127207727863e-13
    ],
    [
      1.5571181782149336e-14,
      0.9999999999997042,
      2.801868276342434e-13
    ],
    [
      8.706212101196521e-16,
      0.9999999999999836,
      1.5571490424129002e-14
    ],
    [
      5.3923400562203825e-17,
      0.9999999999999991,
      8.706383568960715e-16
    ],
    [
      8.551300031233546e-18,
      1.0,
      5.3924353160893043e-17
    ]
  ],
  "actions": [
    0,
    0,
    0,
    0,
    0,
    0,
    0,
    0,
    0,
    0,
    2,
    0,
    0,
    0,
    0
  ],
  "model_parameters": {
    "A_shape": [
      3,
      3
    ],
    "B_shape": [
      3,
      3,
      3
    ],
    "C_shape": [
      3
    ],
    "D_shape": [
      3
    ],
    "num_states": 3,
    "num_observations": 3,
    "num_actions": 3
  },
  "metrics": {
    "expected_free_energy": [
      -1.1990837599296713,
      -1.4327891191434836,
      -1.449086538732054,
      -1.4500053438506906,
      -1.4500564306907355,
      -1.4500593546428873,
      -1.450059431420814,
      -1.4500594356862537,
      -1.4500594359232235,
      -1.450059435936388,
      -1.4500594359279808,
      -1.4500594359366523,
      -1.4500594359371342,
      -1.450059435937161,
      -1.4500594359371624
    ],
    "belief_confidence": [
      0.8999999999999999,
      0.9938650306748466,
      0.9996571820363388,
      0.9999809483891864,
      0.9999989415581324,
      0.9999999411976151,
      0.9999999967332007,
      0.999999999818511,
      0.9999999999899174,
      0.99999999999944,
      0.9999999999946765,
      0.9999999999997042,
      0.9999999999999836,
      0.9999999999999991,
      1.0
    ],
    "cumulative_preference": [
      0.1,
      0.1,
      0.1,
      0.1,
      0.1,
      0.1,
      0.1,
      0.1,
      0.1,
      0.1,
      0.1,
      0.1,
      0.1,
      0.1,
      0.1
    ]
  },
  "validation": {
    "all_beliefs_valid": true,
    "beliefs_sum_to_one": true,
    "actions_in_range": true
  }
}