{
  "success": true,
  "framework": "PyMDP",
  "model_name": "Active Inference POMDP Agent",
  "num_timesteps": 30,
  "simulation_trace": {
    "observations": [
      0,
      2,
      2,
      2,
      2,
      2,
      2,
      2,
      2,
      2,
      2,
      2,
      2,
      2,
      2,
      2,
      2,
      2,
      0,
      2,
      2,
      2,
      2,
      2,
      2,
      2,
      2,
      2,
      2,
      2
    ],
    "true_states": [
      0,
      2,
      2,
      2,
      2,
      2,
      2,
      2,
      2,
      2,
      2,
      2,
      2,
      2,
      2,
      2,
      2,
      2,
      2,
      2,
      2,
      2,
      2,
      2,
      2,
      2,
      2,
      2,
      2,
      2
    ],
    "beliefs": [
      [
        0.8999999999999999,
        0.05000000000000008,
        0.05000000000000008
      ],
      [
        0.0030674846625767045,
        0.0030674846625767045,
        0.9938650306748466
      ],
      [
        0.00017140898183065485,
        0.00017140898183065485,
        0.9996571820363386
      ],
      [
        9.525805406853111e-06,
        9.525805406853111e-06,
        0.9999809483891862
      ],
      [
        5.292209338691477e-07,
        5.292209338691477e-07,
        0.9999989415581322
      ],
      [
        2.940119238888053e-08,
        2.940119238888053e-08,
        0.9999999411976151
      ],
      [
        1.633399673427397e-09,
        1.633399673427397e-09,
        0.9999999967332007
      ],
      [
        9.074443213705248e-11,
        9.074443213705248e-11,
        0.9999999998185112
      ],
      [
        5.0413628973670376e-12,
        5.0413628973670376e-12,
        0.9999999999899172
      ],
      [
        2.800812720786137e-13,
        2.800812720786137e-13,
        0.9999999999994398
      ],
      [
        1.5565626226597905e-14,
        1.5565626226597905e-14,
        0.9999999999999689
      ],
      [
        8.70312568144356e-16,
        8.70312568144356e-16,
        0.9999999999999982
      ],
      [
        5.390625378579759e-17,
        5.390625378579759e-17,
        1.0
      ],
      [
        8.550347432544347e-18,
        8.550347432544347e-18,
        1.0
      ],
      [
        6.030574857363599e-18,
        6.030574857363599e-18,
        1.0
      ],
      [
        5.8905874920757705e-18,
        5.8905874920757705e-18,
        1.0
      ],
      [
        5.882810416226467e-18,
        5.882810416226467e-18,
        1.0
      ],
      [
        5.882378356457027e-18,
        5.882378356457027e-18,
        1.0
      ],
      [
        1.905882810416222e-15,
        1.0588237835645708e-16,
        0.999999999999998
      ],
      [
        1.1143793391201223e-16,
        1.1437909908692115e-17,
        0.9999999999999998
      ],
      [
        1.1746551884000741e-17,
        6.190994994927376e-18,
        1.0
      ],
      [
        6.2081417713334e-18,
        5.899499721940434e-18,
        1.0
      ],
      [
        5.900452320629648e-18,
        5.883305540107803e-18,
        1.0
      ],
      [
        5.8833584622572066e-18,
        5.8824058633393474e-18,
        1.0
      ],
      [
        5.88240880345875e-18,
        5.882355881296637e-18,
        1.0
      ],
      [
        5.882356044636619e-18,
        5.882353104516502e-18,
        1.0
      ],
      [
        5.882353113590927e-18,
        5.8823529502509425e-18,
        1.0
      ],
      [
        5.8823529507550516e-18,
        5.882352941680627e-18,
        1.0
      ],
      [
        5.8823529417086305e-18,
        5.88235294120448e-18,
        1.0
      ],
      [
        5.8823529412060675e-18,
        5.882352941178064e-18,
        1.0
      ]
    ],
    "actions": [
      2,
      0,
      0,
      0,
      0,
      0,
      0,
      0,
      0,
      0,
      0,
      0,
      0,
      0,
      0,
      0,
      0,
      0,
      0,
      0,
      0,
      0,
      0,
      0,
      0,
      0,
      0,
      0,
      0,
      0
    ],
    "efe_history": [
      -0.548833759929672,
      -0.6748289964440974,
      -0.684479922345355,
      -0.6850272055740991,
      -0.6850576452527787,
      -0.6850594221186241,
      -0.6850594351694661,
      -0.6850594358945132,
      -0.6850594359347932,
      -0.6850594359370312,
      -0.6850594359371556,
      -0.6850594359371625,
      -0.6850594359371629,
      -0.6850594359371629,
      -0.6850594359371629,
      -0.6850594359371629,
      -0.6850594359371629,
      -0.6850594359371629,
      -0.6850594359371625,
      -0.6850594359371627,
      -0.6850594359371629,
      -0.6850594359371629,
      -0.6850594359371629,
      -0.6850594359371629,
      -0.6850594359371629,
      -0.6850594359371629,
      -0.6850594359371629,
      -0.6850594359371629,
      -0.6850594359371629,
      -0.6850594359371629
    ],
    "belief_confidence": [
      0.8999999999999999,
      0.9938650306748466,
      0.9996571820363386,
      0.9999809483891862,
      0.9999989415581322,
      0.9999999411976151,
      0.9999999967332007,
      0.9999999998185112,
      0.9999999999899172,
      0.9999999999994398,
      0.9999999999999689,
      0.9999999999999982,
      1.0,
      1.0,
      1.0,
      1.0,
      1.0,
      1.0,
      0.999999999999998,
      0.9999999999999998,
      1.0,
      1.0,
      1.0,
      1.0,
      1.0,
      1.0,
      1.0,
      1.0,
      1.0,
      1.0
    ]
  },
  "observations": [
    0,
    2,
    2,
    2,
    2,
    2,
    2,
    2,
    2,
    2,
    2,
    2,
    2,
    2,
    2,
    2,
    2,
    2,
    0,
    2,
    2,
    2,
    2,
    2,
    2,
    2,
    2,
    2,
    2,
    2
  ],
  "true_states": [
    0,
    2,
    2,
    2,
    2,
    2,
    2,
    2,
    2,
    2,
    2,
    2,
    2,
    2,
    2,
    2,
    2,
    2,
    2,
    2,
    2,
    2,
    2,
    2,
    2,
    2,
    2,
    2,
    2,
    2
  ],