{
  "model_name": "pytorch_pomdp",
  "framework": "pytorch",
  "num_timesteps": 10,
  "num_states": 3,
  "num_observations": 3,
  "num_actions": 2,
  "beliefs": [
    [
      0.09969788519637458,
      0.7975830815709967,
      0.10271903323262836
    ],
    [
      0.015144561725562182,
      0.9692519504359797,
      0.015603487838458009
    ],
    [
      0.0019454105995401754,
      0.9960502269645698,
      0.002004362435889878
    ],
    [
      0.00024401966946426587,
      0.999504566125633,
      0.000251414204902577
    ],
    [
      3.05156873751053e-05,
      0.9999380439074504,
      3.144040517435092e-05
    ],
    [
      3.814667721056237e-06,
      0.9999922550685661,
      3.930263712603397e-06
    ],
    [
      4.7683669656610955e-07,
      0.9999990318770098,
      4.912862934317494e-07
    ],
    [
      4.053098421432312e-06,
      0.9999957012592491,
      2.456423285716554e-07
    ],
    [
      3.4450293585170704e-05,
      0.999965426888968,
      1.2281744593643752e-07
    ],
    [
      0.0002927518730416654,
      0.9997071867340931,
      6.139286422180257e-08
    ]
  ],
  "actions": [
    1,
    0,
    1,
    1,
    0,
    0,
    0,
    0,
    1,
    1
  ],
  "observations": [
    1,
    1,
    1,
    1,
    1,
    1,
    1,
    0,
    0,
    0
  ],
  "efe_history": [
    [
      0.8676348852563669,
      0.7468932974271809
    ],
    [
      0.9651029130603487,
      0.8113261957237776
    ],
    [
      0.981772339927357,
      0.8225780297570786
    ],
    [
      0.983951437817511,
      0.8240526028207444
    ],
    [
      0.9842253835358064,
      0.824238036291928
    ],
    [
      0.9842596512399042,
      0.8242612329459164
    ],
    [
      0.9842639350858329,
      0.8242641328008268
    ],
    [
      0.9842638107351349,
      0.8242620968260582
    ],
    [
      0.9842605212270398,
      0.8242442564779392
    ],
    [
      0.9842314615354575,
      0.8240924149240251
    ]
  ],
  "validation": {
    "beliefs_in_range": true,
    "beliefs_sum_to_one": true,
    "actions_in_range": true,
    "all_valid": true
  },
  "execution_time_seconds": 0.0011,
  "torch_version": "2.11.0"
}