{
    "num_observations": 6,
    "time_steps": 50,
    "efe_per_action": [
        [
            1.4611328393284473
        ],
        [
            1.4607860074180838
        ],
        [
            1.4600515654985082
        ],
        [
            1.4668279716393833
        ],
        [
            1.4611387926227861
        ],
        [
            1.4587937596941953
        ],
        [
            1.491084425199198
        ],
        [
            1.4795387633347628
        ],
        [
            1.523572650604578
        ],
        [
            1.445427487082491
        ],
        [
            1.4727803271561
        ],
        [
            1.459841741311768
        ],
        [
            1.4570171166517214
        ],
        [
            1.479192780914653
        ],
        [
            1.4594243377077285
        ],
        [
            1.4448217576231106
        ],
        [
            1.479967100954199
        ],
        [
            1.4632499839149806
        ],
        [
            1.4752541498207874
        ],
        [
            1.488797762913777
        ],
        [
            1.4500807398888163
        ],
        [
            1.4533903825523173
        ],
        [
            1.4521497452967038
        ],
        [
            1.4439341216115262
        ],
        [
            1.4553881605469396
        ],
        [
            1.4616760091539238
        ],
        [
            1.4524866726214516
        ],
        [
            1.4591306974219103
        ],
        [
            1.4857826742617648
        ],
        [
            1.4689503514240385
        ],
        [
            1.4581364163607056
        ],
        [
            1.4579719228779198
        ],
        [
            1.475570425325688
        ],
        [
            1.5179001950708653
        ],
        [
            1.4421938506441399
        ],
        [
            1.4931676976220627
        ],
        [
            1.5309473015057062
        ],
        [
            1.4361610731613446
        ],
        [
            1.4451730991457319
        ],
        [
            1.4753942141915308
        ],
        [
            1.4892349113433392
        ],
        [
            1.4920038656748773
        ],
        [
            1.4704338891434259
        ],
        [
            1.4878818923498411
        ],
        [
            1.4917634449464532
        ],
        [
            1.4508294240393338
        ],
        [
            1.4392511303974087
        ],
        [
            1.4782382421584275
        ],
        [
            1.4618283717827396
        ],
        [
            1.4752127468752882
        ]
    ],
    "num_actions": 4,
    "efe_history": [
        1.4611328393284473,
        1.4607860074180838,
        1.4600515654985082,
        1.4668279716393833,
        1.4611387926227861,
        1.4587937596941953,
        1.491084425199198,
        1.4795387633347628,
        1.523572650604578,
        1.445427487082491,
        1.4727803271561,
        1.459841741311768,
        1.4570171166517214,
        1.479192780914653,
        1.4594243377077285,
        1.4448217576231106,
        1.479967100954199,
        1.4632499839149806,
        1.4752541498207874,
        1.488797762913777,
        1.4500807398888163,
        1.4533903825523173,
        1.4521497452967038,
        1.4439341216115262,
        1.4553881605469396,
        1.4616760091539238,
        1.4524866726214516,
        1.4591306974219103,
        1.4857826742617648,
        1.4689503514240385,
        1.4581364163607056,
        1.4579719228779198,
        1.475570425325688,
        1.5179001950708653,
        1.4421938506441399,
        1.4931676976220627,
        1.5309473015057062,
        1.4361610731613446,
        1.4451730991457319,
        1.4753942141915308,
        1.4892349113433392,
        1.4920038656748773,
        1.4704338891434259,
        1.4878818923498411,
        1.4917634449464532,
        1.4508294240393338,
        1.4392511303974087,
        1.4782382421584275,
        1.4618283717827396,
        1.4752127468752882
    ],
    "actions": [
        1,
        1,
        1,
        1,
        1,
        1,
        1,
        1,
        1,
        1,
        1,
        1,
        1,
        1,
        1,
        1,
        1,
        1,
        1,
        1,
        1,
        1,
        1,
        1,
        1,
        1,
        1,
        1,
        1,
        1,
        1,
        1,
        1,
        1,
        1,
        1,
        1,
        1,
        1,
        1,
        1,
        1,
        1,
        1,
        1,
        1,
        1,
        1,
        1,
        1
    ],
    "true_states": [
        3,
        3,
        3,
        2,
        2,
        1,
        1,
        1,
        1,
        3,
        3,
        3,
        3,
        2,
        3,
        4,
        4,
        3,
        3,
        3,
        3,
        3,
        3,
        4,
        4,
        4,
        4,
        4,
        4,
        1,
        1,
        1,
        1,
        1,
        1,
        1,
        1,
        3,
        3,
        3,
        3,
        3,
        3,
        3,
        3,
        2,
        4,
        4,
        3,
        3
    ],
    "framework": "rxinfer",
    "num_states": 4,
    "observations": [
        3,
        5,
        5,
        4,
        2,
        1,
        2,
        1,
        1,
        3,
        3,
        1,
        3,
        2,
        3,
        4,
        4,
        3,
        2,
        6,
        3,
        5,
        1,
        4,
        5,
        2,
        4,
        5,
        4,
        5,
        2,
        1,
        6,
        1,
        4,
        1,
        1,
        5,
        5,
        3,
        3,
        3,
        5,
        3,
        3,
        6,
        4,
        4,
        3,
        2
    ],
    "action_probabilities": [
        [
            1.0
        ],
        [
            1.0
        ],
        [
            1.0
        ],
        [
            1.0
        ],
        [
            1.0
        ],
        [
            1.0
        ],
        [
            1.0
        ],
        [
            1.0
        ],
        [
            1.0
        ],
        [
            1.0
        ],
        [
            1.0
        ],
        [
            1.0
        ],
        [
            1.0
        ],
        [
            1.0
        ],
        [
            1.0
        ],
        [
            1.0
        ],
        [
            1.0
        ],
        [
            1.0
        ],
        [
            1.0
        ],
        [
            1.0
        ],
        [
            1.0
        ],
        [
            1.0
        ],
        [
            1.0
        ],
        [
            1.0
        ],
        [
            1.0
        ],
        [
            1.0
        ],
        [
            1.0
        ],
        [
            1.0
        ],
        [
            1.0
        ],
        [
            1.0
        ],
        [
            1.0
        ],
        [
            1.0
        ],
        [
            1.0
        ],
        [
            1.0
        ],
        [
            1.0
        ],
        [
            1.0
        ],
        [
            1.0
        ],
        [
            1.0
        ],
        [
            1.0
        ],
        [
            1.0
        ],
        [
            1.0
        ],
        [
            1.0
        ],
        [
            1.0
        ],
        [
            1.0
        ],
        [
            1.0
        ],
        [
            1.0
        ],
        [
            1.0
        ],
        [
            1.0
        ],
        [
            1.0
        ],
        [
            1.0
        ]
    ],
    "validation": {
        "all_beliefs_valid": true,
        "actions_in_range": true,
        "beliefs_sum_to_one": true
    },
    "model_name": "Hidden Markov Model Baseline",