{
  "success": true,
  "framework": "PyMDP",
  "model_name": "Two State Bistable POMDP",
  "num_timesteps": 15,
  "simulation_trace": {
    "observations": [
      0,
      1,
      0,
      0,
      1,
      1,
      1,
      1,
      0,
      1,
      0,
      1,
      1,
      1,
      1
    ],
    "true_states": [
      0,
      1,
      1,
      0,
      1,
      1,
      1,
      1,
      1,
      0,
      0,
      1,
      1,
      1,
      1
    ],
    "beliefs": [
      [
        0.8,
        0.20000000000000004
      ],
      [
        0.1298245614035088,
        0.8701754385964913
      ],
      [
        0.6177841179267712,
        0.3822158820732287
      ],
      [
        0.7771513293662718,
        0.22284867063372807
      ],
      [
        0.13546211551153362,
        0.8645378844884664
      ],
      [
        0.09291217497713247,
        0.9070878250228676
      ],
      [
        0.08430469273729325,
        0.9156953072627066
      ],
      [
        0.0826055766690464,
        0.9173944233309537
      ],
      [
        0.5892137237517281,
        0.41078627624827185
      ],
      [
        0.18761910011335228,
        0.8123808998866477
      ],
      [
        0.6499014085331098,
        0.3500985914668902
      ],
      [
        0.16955214107615232,
        0.8304478589238476
      ],
      [
        0.10006858641180438,
        0.8999314135881957
      ],
      [
        0.08572797233870584,
        0.9142720276612942
      ],
      [
        0.08288557723581119,
        0.9171144227641889
      ]
    ],
    "actions": [
      1,
      0,
      1,
      1,
      0,
      0,
      0,
      0,
      1,
      0,
      1,
      0,
      0,
      0,
      0
    ],
    "efe_history": [
      [
        -1.097220927401219,
        -0.7941906243709157
      ],
      [
        -0.7123148652782446,
        -1.2216184272133854
      ],
      [
        -0.9761083859870708,
        -0.8939458188031056
      ],
      [
        -1.081356829590061,
        -0.8060218849036712
      ],
      [
        -0.7148481592252347,
        -1.2173183222415573
      ],
      [
        -0.696037444726272,
        -1.2500832932388382
      ],
      [
        -0.6923194440591304,
        -1.2567986043775627
      ],
      [
        -0.6915890027101003,
        -1.2581276976567102
      ],
      [
        -0.9582313575640858,
        -0.9106995711983547
      ],
      [
        -0.738873490318579,
        -1.1781230659387578
      ],
      [
        -0.9965633863912541,
        -0.8754707699874847
      ],
      [
        -0.730431555681419,
        -1.191580475589113
      ],
      [
        -0.699151100416962,
        -1.244522510826896
      ],
      [
        -0.6929321915576814,
        -1.255686164480462
      ],
      [
        -0.6917092942056969,
        -1.2579085945259256
      ]
    ],
    "belief_confidence": [
      0.8,
      0.8701754385964913,
      0.6177841179267712,
      0.7771513293662718,
      0.8645378844884664,
      0.9070878250228676,
      0.9156953072627066,
      0.9173944233309537,
      0.5892137237517281,
      0.8123808998866477,
      0.6499014085331098,
      0.8304478589238476,
      0.8999314135881957,
      0.9142720276612942,
      0.9171144227641889
    ]
  },
  "observations": [
    0,
    1,
    0,
    0,
    1,
    1,
    1,
    1,
    0,
    1,
    0,
    1,
    1,
    1,
    1
  ],
  "true_states": [
    0,
    1,
    1,
    0,
    1,
    1,
    1,
    1,
    1,
    0,
    0,
    1,
    1,
    1,
    1
  ],
  "beliefs": [
    [
      0.8,
      0.20000000000000004
    ],
    [
      0.1298245614035088,
      0.8701754385964913
    ],
    [
      0.6177841179267712,
      0.3822158820732287
    ],
    [
      0.7771513293662718,
      0.22284867063372807
    ],
    [
      0.13546211551153362,
      0.8645378844884664
    ],
    [
      0.09291217497713247,
      0.9070878250228676
    ],
    [
      0.08430469273729325,
      0.9156953072627066
    ],
    [
      0.0826055766690464,
      0.9173944233309537
    ],
    [
      0.5892137237517281,
      0.41078627624827185
    ],
    [
      0.18761910011335228,
      0.8123808998866477
    ],
    [
      0.6499014085331098,
      0.3500985914668902
    ],
    [
      0.16955214107615232,
      0.8304478589238476
    ],
    [
      0.10006858641180438,
      0.8999314135881957
    ],
    [
      0.08572797233870584,
      0.9142720276612942
    ],
    [
      0.08288557723581119,
      0.9171144227641889
    ]
  ],
  "actions": [
    1,
    0,
    1,
    1,
    0,
    0,
    0,
    0,
    1,
    0,
    1,
    0,
    0,
    0,
    0
  ],
  "model_parameters": {
    "A_shape": [
      2,
      2
    ],
    "B_shape": [
      2,
      2,
      2
    ],
    "C_shape": [
      2
    ],
    "D_shape": [
      2
    ],
    "num_states": 2,
    "num_observations": 2,
    "num_actions": 2
  },
  "metrics": {
    "expected_free_energy": [
      [
        -1.097220927401219,
        -0.7941906243709157
      ],
      [
        -0.7123148652782446,
        -1.2216184272133854
      ],
      [
        -0.9761083859870708,
        -0.8939458188031056
      ],
      [
        -1.081356829590061,
        -0.8060218849036712
      ],
      [
        -0.7148481592252347,
        -1.2173183222415573
      ],
      [
        -0.696037444726272,
        -1.2500832932388382
      ],
      [
        -0.6923194440591304,
        -1.2567986043775627
      ],
      [
        -0.6915890027101003,
        -1.2581276976567102
      ],
      [
        -0.9582313575640858,
        -0.9106995711983547
      ],
      [
        -0.738873490318579,
        -1.1781230659387578
      ],
      [
        -0.9965633863912541,
        -0.8754707699874847
      ],
      [
        -0.730431555681419,
        -1.191580475589113
      ],
      [
        -0.699151100416962,
        -1.244522510826896
      ],
      [
        -0.6929321915576814,
        -1.255686164480462
      ],
      [
        -0.6917092942056969,
        -1.2579085945259256
      ]
    ],
    "belief_confidence": [
      0.8,
      0.8701754385964913,
      0.6177841179267712,
      0.7771513293662718,
      0.8645378844884664,
      0.9070878250228676,
      0.9156953072627066,
      0.9173944233309537,
      0.5892137237517281,
      0.8123808998866477,
      0.6499014085331098,
      0.8304478589238476,
      0.8999314135881957,
      0.9142720276612942,
      0.9171144227641889
    ],
    "cumulative_preference": [
      0.0,
      2.0,
      0.0,
      0.0,
      2.0,
      2.0,
      2.0,
      2.0,
      0.0,
      2.0,
      0.0,
      2.0,
      2.0,
      2.0,
      2.0
    ]
  },
  "validation": {
    "all_beliefs_valid": true,
    "beliefs_sum_to_one": true,
    "actions_in_range": true
  }
}