{
  "success": true,
  "framework": "PyMDP",
  "model_name": "Two State Bistable POMDP",
  "num_timesteps": 15,
  "simulation_trace": {
    "observations": [
      0,
      1,
      1,
      1,
      1,
      1,
      1,
      1,
      0,
      1,
      0,
      1,
      1,
      0,
      1
    ],
    "true_states": [
      0,
      1,
      1,
      0,
      0,
      1,
      1,
      1,
      0,
      1,
      0,
      1,
      1,
      1,
      1
    ],
    "beliefs": [
      [
        0.8,
        0.20000000000000004
      ],
      [
        0.1298245614035088,
        0.8701754385964913
      ],
      [
        0.09175141242937858,
        0.9082485875706214
      ],
      [
        0.08407474899060285,
        0.9159252510093973
      ],
      [
        0.08256037537882377,
        0.9174396246211761
      ],
      [
        0.08226293197101404,
        0.9177370680289859
      ],
      [
        0.08220456005540126,
        0.9177954399445989
      ],
      [
        0.08219310675713208,
        0.9178068932428679
      ],
      [
        0.5889540986971887,
        0.41104590130281127
      ],
      [
        0.18769918062237875,
        0.8123008193776212
      ],
      [
        0.649943910366804,
        0.350056089633196
      ],
      [
        0.16953992722479744,
        0.8304600727752025
      ],
      [
        0.10006597936392606,
        0.8999340206360739
      ],
      [
        0.6000403185055748,
        0.3999596814944252
      ],
      [
        0.18430144886616567,
        0.8156985511338344
      ]
    ],
    "actions": [
      1,
      0,
      0,
      0,
      0,
      0,
      0,
      0,
      1,
      0,
      1,
      0,
      0,
      1,
      0
    ],
    "efe_history": [
      [
        -1.097220927401219,
        -0.7941906243709157
      ],
      [
        -0.7123148652782446,
        -1.2216184272133854
      ],
      [
        -0.6955343320269742,
        -1.250987165445909
      ],
      [
        -0.6922205249830974,
        -1.2569784049944879
      ],
      [
        -0.6915695866458992,
        -1.2581630710352036
      ],
      [
        -0.6914418411687883,
        -1.2583958630221046
      ],
      [
        -0.6914167758476885,
        -1.2584415515381109
      ],
      [
        -0.6914118578786072,
        -1.2584505163548103
      ],
      [
        -0.9580702812000682,
        -0.9108531918701425
      ],
      [
        -0.7389111894873278,
        -1.1780636978238386
      ],
      [
        -0.9965907069146757,
        -0.8754465731367312
      ],
      [
        -0.7304258914153734,
        -1.1915896159913761
      ],
      [
        -0.6991499624229301,
        -1.2445245328908983
      ],
      [
        -0.9649704428233482,
        -0.9043155113014393
      ],
      [
        -0.7373138292389565,
        -1.1805848003102706
      ]
    ],
    "belief_confidence": [
      0.8,
      0.8701754385964913,
      0.9082485875706214,
      0.9159252510093973,
      0.9174396246211761,
      0.9177370680289859,
      0.9177954399445989,
      0.9178068932428679,
      0.5889540986971887,
      0.8123008193776212,
      0.649943910366804,
      0.8304600727752025,
      0.8999340206360739,
      0.6000403185055748,
      0.8156985511338344
    ]
  },
  "observations": [
    0,
    1,
    1,
    1,
    1,
    1,
    1,
    1,
    0,
    1,
    0,
    1,
    1,
    0,
    1
  ],
  "true_states": [
    0,
    1,
    1,
    0,
    0,
    1,
    1,
    1,
    0,
    1,
    0,
    1,
    1,
    1,
    1
  ],
  "beliefs": [
    [
      0.8,
      0.20000000000000004
    ],
    [
      0.1298245614035088,
      0.8701754385964913
    ],
    [
      0.09175141242937858,
      0.9082485875706214
    ],
    [
      0.08407474899060285,
      0.9159252510093973
    ],
    [
      0.08256037537882377,
      0.9174396246211761
    ],
    [
      0.08226293197101404,
      0.9177370680289859
    ],
    [
      0.08220456005540126,
      0.9177954399445989
    ],
    [
      0.08219310675713208,
      0.9178068932428679
    ],
    [
      0.5889540986971887,
      0.41104590130281127
    ],
    [
      0.18769918062237875,
      0.8123008193776212
    ],
    [
      0.649943910366804,
      0.350056089633196
    ],
    [
      0.16953992722479744,
      0.8304600727752025
    ],
    [
      0.10006597936392606,
      0.8999340206360739
    ],
    [
      0.6000403185055748,
      0.3999596814944252
    ],
    [
      0.18430144886616567,
      0.8156985511338344
    ]
  ],
  "actions": [
    1,
    0,
    0,
    0,
    0,
    0,
    0,
    0,
    1,
    0,
    1,
    0,
    0,
    1,
    0
  ],
  "model_parameters": {
    "A_shape": [
      2,
      2
    ],
    "B_shape": [
      2,
      2,
      2
    ],
    "C_shape": [
      2
    ],
    "D_shape": [
      2
    ],
    "num_states": 2,
    "num_observations": 2,
    "num_actions": 2
  },
  "metrics": {
    "expected_free_energy": [
      [
        -1.097220927401219,
        -0.7941906243709157
      ],
      [
        -0.7123148652782446,
        -1.2216184272133854
      ],
      [
        -0.6955343320269742,
        -1.250987165445909
      ],
      [
        -0.6922205249830974,
        -1.2569784049944879
      ],
      [
        -0.6915695866458992,
        -1.2581630710352036
      ],
      [
        -0.6914418411687883,
        -1.2583958630221046
      ],
      [
        -0.6914167758476885,
        -1.2584415515381109
      ],
      [
        -0.6914118578786072,
        -1.2584505163548103
      ],
      [
        -0.9580702812000682,
        -0.9108531918701425
      ],
      [
        -0.7389111894873278,
        -1.1780636978238386
      ],
      [
        -0.9965907069146757,
        -0.8754465731367312
      ],
      [
        -0.7304258914153734,
        -1.1915896159913761
      ],
      [
        -0.6991499624229301,
        -1.2445245328908983
      ],
      [
        -0.9649704428233482,
        -0.9043155113014393
      ],
      [
        -0.7373138292389565,
        -1.1805848003102706
      ]
    ],
    "belief_confidence": [
      0.8,
      0.8701754385964913,
      0.9082485875706214,
      0.9159252510093973,
      0.9174396246211761,
      0.9177370680289859,
      0.9177954399445989,
      0.9178068932428679,
      0.5889540986971887,
      0.8123008193776212,
      0.649943910366804,
      0.8304600727752025,
      0.8999340206360739,
      0.6000403185055748,
      0.8156985511338344
    ],
    "cumulative_preference": [
      0.0,
      2.0,
      2.0,
      2.0,
      2.0,
      2.0,
      2.0,
      2.0,
      0.0,
      2.0,
      0.0,
      2.0,
      2.0,
      0.0,
      2.0
    ]
  },
  "validation": {
    "all_beliefs_valid": true,
    "beliefs_sum_to_one": true,
    "actions_in_range": true
  }
}