{
    "num_observations": 2,
    "time_steps": 15,
    "efe_per_action": [
        [
            0.8214006343287878,
            1.2032663080170527
        ],
        [
            0.7918472555037938,
            1.2465717515715515
        ],
        [
            0.7847175107461359,
            1.2574862234845863
        ],
        [
            1.127857731430338,
            0.8780676188768495
        ],
        [
            0.8061824230203888,
            1.2251893291050298
        ],
        [
            1.1411439034672777,
            0.8675716885089406
        ],
        [
            1.2679668401875857,
            0.7779877104008178
        ],
        [
            1.2958151634744914,
            0.7606462900802938
        ],
        [
            0.7774068695509644,
            1.2688797275856916
        ],
        [
            0.7813084123541172,
            1.2627733324855337
        ],
        [
            1.1256464186310933,
            0.8798368728919357
        ],
        [
            1.1798667903049855,
            0.8382482457250058
        ],
        [
            1.2771758337030805,
            0.7721671523294156
        ],
        [
            1.1195693500636656,
            0.8847324063868016
        ],
        [
            1.1821302239004317,
            0.8365906045057312
        ]
    ],
    "num_actions": 2,
    "efe_history": [
        0.8214006343287878,
        0.7918472555037938,
        0.7847175107461359,
        0.8780676188768495,
        0.8061824230203888,
        1.1411439034672777,
        1.2679668401875857,
        0.7606462900802938,
        0.7774068695509644,
        0.7813084123541172,
        0.8798368728919357,
        1.1798667903049855,
        0.7721671523294156,
        0.8847324063868016,
        0.8365906045057312
    ],
    "actions": [
        1,
        1,
        1,
        2,
        1,
        1,
        1,
        2,
        1,
        1,
        2,
        1,
        2,
        2,
        2
    ],
    "true_states": [
        2,
        2,
        2,
        1,
        2,
        1,
        1,
        1,
        2,
        2,
        2,
        1,
        1,
        1,
        2
    ],
    "framework": "rxinfer",
    "num_states": 2,
    "observations": [
        2,
        2,
        2,
        1,
        2,
        1,
        1,
        1,
        2,
        2,
        1,
        1,
        1,
        1,
        1
    ],
    "action_probabilities": [
        [
            0.821634772816413,
            0.17836522718358702
        ],
        [
            0.8604338413417532,
            0.13956615865824687
        ],
        [
            0.8688780358102702,
            0.13112196418972974
        ],
        [
            0.2691065188932576,
            0.7308934811067425
        ],
        [
            0.8423778063188908,
            0.15762219368110925
        ],
        [
            0.2508115187783615,
            0.7491884812216385
        ],
        [
            0.12347608239219436,
            0.8765239176078057
        ],
        [
            0.10520578326790977,
            0.8947942167320903
        ],
        [
            0.8771691274377517,
            0.1228308725622483
        ],
        [
            0.8727904405146393,
            0.1272095594853607
        ],
        [
            0.2722497301185845,
            0.7277502698814154
        ],
        [
            0.20319009328537224,
            0.7968099067146277
        ],
        [
            0.11711540023330894,
            0.8828845997666911
        ],
        [
            0.281032107878316,
            0.7189678921216839
        ],
        [
            0.20066256250652714,
            0.7993374374934729
        ]
    ],
    "validation": {
        "all_beliefs_valid": true,
        "actions_in_range": true,
        "beliefs_sum_to_one": true
    },
    "model_name": "Two State Bistable POMDP",
    "preferences": [
        0.0,
        2.0
    ],
    "beliefs": [
        [
            0.2,
            0.8
        ],
        [
            0.1428571428571429,
            0.8571428571428571
        ],
        [
            0.12871287128712872,
            0.8712871287128713
        ],
        [
            0.6963103122043519,
            0.3036896877956481
        ],
        [
            0.17086433886662852,
            0.8291356611333714
        ],
        [
            0.7149891825168235,
            0.28501081748317647
        ],
        [
            0.8847746750500894,
            0.11522532494991067
        ],
        [
            0.9201736195855281,
            0.07982638041447188
        ],
        [
            0.11405486139952699,
            0.885945138600473
        ],
        [
            0.12189739224720712,
            0.8781026077527929
        ],
        [
            0.6931836166654741,
            0.3068163833345259
        ],
        [
            0.7684153388953157,
            0.23158466110468437
        ],
        [
            0.8965504978212948,
            0.10344950217870524
        ],
        [
            0.6845643390677042,
            0.3154356609322958
        ],
        [
            0.7714930064577079,
            0.22850699354229206
        ]
    ]
}