{
  "success": true,
  "framework": "PyMDP",
  "model_name": "Dynamic Perception Model",
  "num_timesteps": 15,
  "simulation_trace": {
    "observations": [
      0,
      1,
      1,
      1,
      1,
      0,
      0,
      1,
      0,
      0,
      0,
      0,
      1,
      1,
      1
    ],
    "true_states": [
      0,
      1,
      1,
      0,
      1,
      0,
      0,
      0,
      0,
      0,
      0,
      0,
      1,
      1,
      1
    ],
    "beliefs": [
      [
        0.8804347826086956,
        0.11956521739130448
      ],
      [
        0.27720739219712526,
        0.7227926078028747
      ],
      [
        0.12485008145862946,
        0.8751499185413705
      ],
      [
        0.09918904281506785,
        0.9008109571849321
      ],
      [
        0.0952024823120089,
        0.904797517687991
      ],
      [
        0.7899619657761875,
        0.21003803422381248
      ],
      [
        0.9219465913856701,
        0.07805340861432986
      ],
      [
        0.29228774181344946,
        0.7077122581865506
      ],
      [
        0.8403861020651033,
        0.1596138979348967
      ],
      [
        0.9279264774079968,
        0.07207352259200313
      ],
      [
        0.9376163782360515,
        0.06238362176394861
      ],
      [
        0.9386388328783106,
        0.06136116712168945
      ],
      [
        0.2985943796671278,
        0.7014056203328721
      ],
      [
        0.1287510619540546,
        0.8712489380459453
      ],
      [
        0.09980299098797295,
        0.900197009012027
      ]
    ],
    "actions": [
      0,
      0,
      0,
      0,
      0,
      0,
      0,
      0,
      0,
      0,
      0,
      0,
      0,
      0,
      0
    ],
    "efe_history": [
      [
        -0.4410290394215462
      ],
      [
        -0.4197968491324766
      ],
      [
        -0.43325351732309236
      ],
      [
        -0.4363038957633453
      ],
      [
        -0.43679847559002405
      ],
      [
        -0.430379097876643
      ],
      [
        -0.4468086809280458
      ],
      [
        -0.4188901811266237
      ],
      [
        -0.4359869148983632
      ],
      [
        -0.44768790325520125
      ],
      [
        -0.44913764168566683
      ],
      [
        -0.4492924223179805
      ],
      [
        -0.4185333960756269
      ],
      [
        -0.43280990619136733
      ],
      [
        -0.4362282241843426
      ]
    ],
    "belief_confidence": [
      0.8804347826086956,
      0.7227926078028747,
      0.8751499185413705,
      0.9008109571849321,
      0.904797517687991,
      0.7899619657761875,
      0.9219465913856701,
      0.7077122581865506,
      0.8403861020651033,
      0.9279264774079968,
      0.9376163782360515,
      0.9386388328783106,
      0.7014056203328721,
      0.8712489380459453,
      0.900197009012027
    ]
  },
  "observations": [
    0,
    1,
    1,
    1,
    1,
    0,
    0,
    1,
    0,
    0,
    0,
    0,
    1,
    1,
    1
  ],
  "true_states": [
    0,
    1,
    1,
    0,
    1,
    0,
    0,
    0,
    0,
    0,
    0,
    0,
    1,
    1,
    1
  ],
  "beliefs": [
    [
      0.8804347826086956,
      0.11956521739130448
    ],
    [
      0.27720739219712526,
      0.7227926078028747
    ],
    [
      0.12485008145862946,
      0.8751499185413705
    ],
    [
      0.09918904281506785,
      0.9008109571849321
    ],
    [
      0.0952024823120089,
      0.904797517687991
    ],
    [
      0.7899619657761875,
      0.21003803422381248
    ],
    [
      0.9219465913856701,
      0.07805340861432986
    ],
    [
      0.29228774181344946,
      0.7077122581865506
    ],
    [
      0.8403861020651033,
      0.1596138979348967
    ],
    [
      0.9279264774079968,
      0.07207352259200313
    ],
    [
      0.9376163782360515,
      0.06238362176394861
    ],
    [
      0.9386388328783106,
      0.06136116712168945
    ],
    [
      0.2985943796671278,
      0.7014056203328721
    ],
    [
      0.1287510619540546,
      0.8712489380459453
    ],
    [
      0.09980299098797295,
      0.900197009012027
    ]
  ],
  "actions": [
    0,
    0,
    0,
    0,
    0,
    0,
    0,
    0,
    0,
    0,
    0,
    0,
    0,
    0,
    0
  ],
  "model_parameters": {
    "A_shape": [
      2,
      2
    ],
    "B_shape": [
      2,
      2,
      1
    ],
    "C_shape": [
      2
    ],
    "D_shape": [
      2
    ],
    "num_states": 2,
    "num_observations": 2,
    "num_actions": 1
  },
  "metrics": {
    "expected_free_energy": [
      [
        -0.4410290394215462
      ],
      [
        -0.4197968491324766
      ],
      [
        -0.43325351732309236
      ],
      [
        -0.4363038957633453
      ],
      [
        -0.43679847559002405
      ],
      [
        -0.430379097876643
      ],
      [
        -0.4468086809280458
      ],
      [
        -0.4188901811266237
      ],
      [
        -0.4359869148983632
      ],
      [
        -0.44768790325520125
      ],
      [
        -0.44913764168566683
      ],
      [
        -0.4492924223179805
      ],
      [
        -0.4185333960756269
      ],
      [
        -0.43280990619136733
      ],
      [
        -0.4362282241843426
      ]
    ],
    "belief_confidence": [
      0.8804347826086956,
      0.7227926078028747,
      0.8751499185413705,
      0.9008109571849321,
      0.904797517687991,
      0.7899619657761875,
      0.9219465913856701,
      0.7077122581865506,
      0.8403861020651033,
      0.9279264774079968,
      0.9376163782360515,
      0.9386388328783106,
      0.7014056203328721,
      0.8712489380459453,
      0.900197009012027
    ],
    "cumulative_preference": [
      0.0,
      0.0,
      0.0,
      0.0,
      0.0,
      0.0,
      0.0,
      0.0,
      0.0,
      0.0,
      0.0,
      0.0,
      0.0,
      0.0,
      0.0
    ]
  },
  "validation": {
    "all_beliefs_valid": true,
    "beliefs_sum_to_one": true,
    "actions_in_range": true
  }
}