{
  "success": true,
  "framework": "PyMDP",
  "model_name": "Dynamic Perception Model",
  "num_timesteps": 15,
  "simulation_trace": {
    "observations": [
      1,
      0,
      0,
      0,
      0,
      0,
      1,
      0,
      1,
      1,
      0,
      1,
      1,
      1,
      1
    ],
    "true_states": [
      1,
      0,
      0,
      0,
      0,
      0,
      0,
      0,
      1,
      1,
      1,
      1,
      1,
      1,
      1
    ],
    "beliefs": [
      [
        0.16981132075471703,
        0.830188679245283
      ],
      [
        0.8108316221765913,
        0.18916837782340867
      ],
      [
        0.9244590003941368,
        0.07554099960586336
      ],
      [
        0.9372481699085403,
        0.06275183009145958
      ],
      [
        0.938600154547538,
        0.061399845452461986
      ],
      [
        0.9387421062355416,
        0.06125789376445849
      ],
      [
        0.29863384893107076,
        0.7013661510689293
      ],
      [
        0.8417806111597871,
        0.15821938884021278
      ],
      [
        0.26389092087565424,
        0.7361090791243458
      ],
      [
        0.12246075373732972,
        0.8775392462626703
      ],
      [
        0.7978720067437591,
        0.20212799325624084
      ],
      [
        0.24954729752242882,
        0.7504527024775712
      ],
      [
        0.11992034119275924,
        0.8800796588072408
      ],
      [
        0.09841619963088857,
        0.9015838003691115
      ],
      [
        0.09508380081145472,
        0.9049161991885453
      ]
    ],
    "actions": [
      0,
      0,
      0,
      0,
      0,
      0,
      0,
      0,
      0,
      0,
      0,
      0,
      0,
      0,
      0
    ],
    "efe_history": [
      [
        -0.42845990255786537
      ],
      [
        -0.4326002561853843
      ],
      [
        -0.4471766452961468
      ],
      [
        -0.4490819863557715
      ],
      [
        -0.44928656085258867
      ],
      [
        -0.44930807518766713
      ],
      [
        -0.41853120468848226
      ],
      [
        -0.43615371205147924
      ],
      [
        -0.42066039345809725
      ],
      [
        -0.4335278397802749
      ],
      [
        -0.4312044021651903
      ],
      [
        -0.4216567891791414
      ],
      [
        -0.43382168826319956
      ],
      [
        -0.4363993399012426
      ],
      [
        -0.4368132850260423
      ]
    ],
    "belief_confidence": [
      0.830188679245283,
      0.8108316221765913,
      0.9244590003941368,
      0.9372481699085403,
      0.938600154547538,
      0.9387421062355416,
      0.7013661510689293,
      0.8417806111597871,
      0.7361090791243458,
      0.8775392462626703,
      0.7978720067437591,
      0.7504527024775712,
      0.8800796588072408,
      0.9015838003691115,
      0.9049161991885453
    ]
  },
  "observations": [
    1,
    0,
    0,
    0,
    0,
    0,
    1,
    0,
    1,
    1,
    0,
    1,
    1,
    1,
    1
  ],
  "true_states": [
    1,
    0,
    0,
    0,
    0,
    0,
    0,
    0,
    1,
    1,
    1,
    1,
    1,
    1,
    1
  ],
  "beliefs": [
    [
      0.16981132075471703,
      0.830188679245283
    ],
    [
      0.8108316221765913,
      0.18916837782340867
    ],
    [
      0.9244590003941368,
      0.07554099960586336
    ],
    [
      0.9372481699085403,
      0.06275183009145958
    ],
    [
      0.938600154547538,
      0.061399845452461986
    ],
    [
      0.9387421062355416,
      0.06125789376445849
    ],
    [
      0.29863384893107076,
      0.7013661510689293
    ],
    [
      0.8417806111597871,
      0.15821938884021278
    ],
    [
      0.26389092087565424,
      0.7361090791243458
    ],
    [
      0.12246075373732972,
      0.8775392462626703
    ],
    [
      0.7978720067437591,
      0.20212799325624084
    ],
    [
      0.24954729752242882,
      0.7504527024775712
    ],
    [
      0.11992034119275924,
      0.8800796588072408
    ],
    [
      0.09841619963088857,
      0.9015838003691115
    ],
    [
      0.09508380081145472,
      0.9049161991885453
    ]
  ],
  "actions": [
    0,
    0,
    0,
    0,
    0,
    0,
    0,
    0,
    0,
    0,
    0,
    0,
    0,
    0,
    0
  ],
  "model_parameters": {
    "A_shape": [
      2,
      2
    ],
    "B_shape": [
      2,
      2,
      1
    ],
    "C_shape": [
      2
    ],
    "D_shape": [
      2
    ],
    "num_states": 2,
    "num_observations": 2,
    "num_actions": 1
  },
  "metrics": {
    "expected_free_energy": [
      [
        -0.42845990255786537
      ],
      [
        -0.4326002561853843
      ],
      [
        -0.4471766452961468
      ],
      [
        -0.4490819863557715
      ],
      [
        -0.44928656085258867
      ],
      [
        -0.44930807518766713
      ],
      [
        -0.41853120468848226
      ],
      [
        -0.43615371205147924
      ],
      [
        -0.42066039345809725
      ],
      [
        -0.4335278397802749
      ],
      [
        -0.4312044021651903
      ],
      [
        -0.4216567891791414
      ],
      [
        -0.43382168826319956
      ],
      [
        -0.4363993399012426
      ],
      [
        -0.4368132850260423
      ]
    ],
    "belief_confidence": [
      0.830188679245283,
      0.8108316221765913,
      0.9244590003941368,
      0.9372481699085403,
      0.938600154547538,
      0.9387421062355416,
      0.7013661510689293,
      0.8417806111597871,
      0.7361090791243458,
      0.8775392462626703,
      0.7978720067437591,
      0.7504527024775712,
      0.8800796588072408,
      0.9015838003691115,
      0.9049161991885453
    ],
    "cumulative_preference": [
      0.0,
      0.0,
      0.0,
      0.0,
      0.0,
      0.0,
      0.0,
      0.0,
      0.0,
      0.0,
      0.0,
      0.0,
      0.0,
      0.0,
      0.0
    ]
  },
  "validation": {
    "all_beliefs_valid": true,
    "beliefs_sum_to_one": true,
    "actions_in_range": true
  }
}