{
    "num_observations": 2,
    "time_steps": 15,
    "efe_per_action": [
        [
            0.42846012762815866
        ],
        [
            0.4354241806632697
        ],
        [
            0.4366603592559686
        ],
        [
            0.4304132549436415
        ],
        [
            0.44681475349830013
        ],
        [
            0.44904244150387257
        ],
        [
            0.44928259360352474
        ],
        [
            0.4493078602172569
        ],
        [
            0.44931051175375236
        ],
        [
            0.4185311202077058
        ],
        [
            0.4328091930018677
        ],
        [
            0.4313930836018383
        ],
        [
            0.42161639484455243
        ],
        [
            0.4348571418802783
        ],
        [
            0.42090860364415494
        ]
    ],
    "num_actions": 2,
    "efe_history": [
        0.42846012762815866,
        0.4354241806632697,
        0.4366603592559686,
        0.4304132549436415,
        0.44681475349830013,
        0.44904244150387257,
        0.44928259360352474,
        0.4493078602172569,
        0.44931051175375236,
        0.4185311202077058,
        0.4328091930018677,
        0.4313930836018383,
        0.42161639484455243,
        0.4348571418802783,
        0.42090860364415494
    ],
    "actions": [
        1,
        1,
        1,
        1,
        1,
        1,
        1,
        1,
        1,
        1,
        1,
        1,
        1,
        1,
        1
    ],
    "true_states": [
        2,
        2,
        2,
        1,
        1,
        1,
        1,
        1,
        1,
        2,
        2,
        2,
        2,
        1,
        2
    ],
    "framework": "rxinfer",
    "num_states": 2,
    "observations": [
        2,
        2,
        2,
        1,
        1,
        1,
        1,
        1,
        1,
        2,
        2,
        1,
        2,
        1,
        2
    ],
    "action_probabilities": [
        [
            1.0
        ],
        [
            1.0
        ],
        [
            1.0
        ],
        [
            1.0
        ],
        [
            1.0
        ],
        [
            1.0
        ],
        [
            1.0
        ],
        [
            1.0
        ],
        [
            1.0
        ],
        [
            1.0
        ],
        [
            1.0
        ],
        [
            1.0
        ],
        [
            1.0
        ],
        [
            1.0
        ],
        [
            1.0
        ]
    ],
    "validation": {
        "all_beliefs_valid": true,
        "actions_in_range": true,
        "beliefs_sum_to_one": true
    },
    "model_name": "Dynamic Perception Model",
    "preferences": [
        0.0,
        0.0
    ],
    "beliefs": [
        [
            0.169811320754717,
            0.8301886792452831
        ],
        [
            0.10639587753864811,
            0.8936041224613519
        ],
        [
            0.09631306077034162,
            0.9036869392296584
        ],
        [
            0.7902910434017385,
            0.20970895659826144
        ],
        [
            0.9219866285795202,
            0.07801337142047987
        ],
        [
            0.9369848756901484,
            0.06301512430985154
        ],
        [
            0.9385724884894664,
            0.061427511510533654
        ],
        [
            0.9387392032847205,
            0.06126079671527955
        ],
        [
            0.9387566952064867,
            0.06124330479351325
        ],
        [
            0.29863942503155944,
            0.7013605749684406
        ],
        [
            0.1287593623003222,
            0.8712406376996779
        ],
        [
            0.7996515577684428,
            0.2003484422315573
        ],
        [
            0.2501132514660822,
            0.7498867485339178
        ],
        [
            0.8307957656416358,
            0.16920423435836424
        ],
        [
            0.2602268679486977,
            0.7397731320513022
        ]
    ]
}