{
  "metacognitive_awareness": {
    "metacognitive_sensitivity": -0.36896131336138405,
    "calibration_error": 0.2963298011809704,
    "meta_uncertainty": 0.08839378534955919,
    "confidence_resolution": 0.2537914719040679,
    "calibration_data": [
      [
        0.3819259143178798,
        1.0,
        1
      ],
      [
        0.46975551464768767,
        1.0,
        3
      ],
      [
        0.7620361261496014,
        1.0,
        13
      ],
      [
        0.8747527072750564,
        0.6666666666666666,
        3
      ]
    ]
  },
  "temporal_analysis": {
    "scale_1": {
      "action_consistency": 1.0,
      "temporal_coherence": -0.18113481203796075,
      "belief_stability": 1.0,
      "stability_trace": [
        1.0,
        1.0,
        1.0,
        1.0,
        1.0,
        1.0,
        1.0,
        1.0,
        1.0,
        1.0,
        1.0,
        1.0,
        1.0,
        1.0,
        1.0,
        1.0,
        1.0,
        1.0,
        1.0,
        1.0
      ],
      "consistency_trace": [
        1.0,
        1.0,
        1.0,
        1.0,
        1.0,
        1.0,
        1.0,
        1.0,
        1.0,
        1.0,
        1.0,
        1.0,
        1.0,
        1.0,
        1.0,
        1.0,
        1.0,
        1.0,
        1.0,
        1.0
      ]
    },
    "cross_scale_consistency": 0.046175533746556474,
    "scale_20": {
      "action_consistency": 0.5,
      "belief_stability": 0.9814597545148983,
      "stability_trace": [
        0.9814597545148983
      ],
      "consistency_trace": [
        0.5
      ]
    },
    "scale_5": {
      "action_consistency": 0.875,
      "temporal_coherence": -0.2422823470483136,
      "belief_stability": 0.9840441734095463,
      "stability_trace": [
        0.9977679207221221,
        0.999223380518951,
        0.9997405853224091,
        0.9999113278601579,
        0.9999701016295429,
        0.9999898392555194,
        0.999996562823355,
        0.9999988341591544,
        0.9999996051797675,
        0.999999866170051,
        0.9489293664584487,
        0.9529069764118225,
        0.955373888550036,
        0.9565672978595581,
        0.9670687649291785,
        0.9672624567026661
      ],
      "consistency_trace": [
        1.0,
        1.0,
        1.0,
        1.0,
        1.0,
        1.0,
        1.0,
        1.0,
        1.0,
        1.0,
        0.5,
        0.5,
        0.5,
        0.5,
        1.0,
        1.0
      ]
    },
    "scale_10": {
      "action_consistency": 0.7272727272727273,
      "temporal_coherence": -0.3892183731438197,
      "belief_stability": 0.9853960936826912,
      "stability_trace": [
        0.9979876522271603,
        0.9993068860129812,
        0.9997671241084712,
        0.9999206710451201,
        0.9999731988446161,
        0.9768555892605478,
        0.9770976733270778,
        0.9773918473584519,
        0.9775445889353063,
        0.9664516402110362,
        0.9670601591788361
      ],
      "consistency_trace": [
        1.0,
        1.0,
        1.0,
        1.0,
        1.0,
        0.5,
        0.5,
        0.5,
        0.5,
        0.5,
        0.5
      ]
    },
    "cross_scale_stability": 6.963373833742072e-5
  },
  "higher_order_beliefs": {
    "belief_volatility_trace": [
      0.0,
      0.13468700594029476,
      0.07922765055311476,
      0.045834178005934326,
      0.026775980278380903,
      0.015553977982160756,
      0.009065106334485838,
      0.005273148229421136,
      0.0030708113121799855,
      0.001787118987397404,
      0.0010404434507605552,
      0.0006056024861954662,
      0.00035254342094002126,
      0.00020521310973658317,
      0.4643670427972081,
      0.07601579787611808,
      0.033551342707024825,
      0.014398744885388769,
      0.4067787286859323,
      0.2214412843710518
    ],
    "mean_volatility": 0.07700158607068631,
    "belief_momentum": [
      [
        -0.09523809523809523,
        0.05602240896358557,
        -0.03240965807810747,
        0.018933477227760398,
        -0.010998323305612123,
        0.006409998161292063,
        -0.0037286788712255214,
        0.002171391502586828,
        -0.0012636839547759404,
        0.0007357046194739203,
        -0.0004282256246922467,
        0.00024928584360939254,
        -0.0001451075814831171,
        -0.3283570849214496,
        -0.05375128615550903,
        -0.02372438194605106,
        -0.010181450149033544,
        0.28763599749626556,
        -0.1565826338134294
      ],
      [
        0.09523809523809523,
        -0.05602240896358557,
        0.03240965807810747,
        -0.018933477227760398,
        0.010998323305612123,
        -0.006409998161292063,
        0.0037286788712255214,
        -0.002171391502586828,
        0.0012636839547759404,
        -0.0007357046194739203,
        0.0004282256246922467,
        -0.00024928584360939254,
        0.0001451075814831171,
        0.32835708492144955,
        0.05375128615550906,
        0.023724381946051087,
        0.010181450149033489,
        -0.28763599749626545,
        0.1565826338134293
      ]
    ],
    "acceleration_magnitude": [
      0.21391465649340952,
      0.1250618285590491,
      0.07261015828431523,
      0.04232995826054166,
      0.024619084316646594,
      0.014338254563906973,
      0.008343959541601121,
      0.00485793029957739,
      0.002827562438157959,
      0.0016460459369560213,
      0.0009581459071354875,
      0.0005577565306766044,
      0.4641618296874715,
      0.38835124492109,
      0.042464455169093245,
      0.01915259782163606,
      0.42117747357132107,
      0.628220013056984
    ],
    "belief_acceleration": [
      [
        0.1512605042016808,
        -0.08843206704169304,
        0.05134313530586787,
        -0.02993180053337252,
        0.017408321466904186,
        -0.010138677032517585,
        0.0059000703738123494,
        -0.0034350754573627684,
        0.0019993885742498607,
        -0.001163930244166167,
        0.0006775114683016392,
        -0.00039439342509250963,
        -0.3282119773399665,
        0.2746057987659406,
        0.030026904209457972,
        0.013542931797017516,
        0.2978174476452991,
        -0.44421863130969497
      ],
      [
        -0.1512605042016808,
        0.08843206704169304,
        -0.05134313530586787,
        0.02993180053337252,
        -0.017408321466904186,
        0.010138677032517585,
        -0.0059000703738123494,
        0.0034350754573627684,
        -0.0019993885742498607,
        0.001163930244166167,
        -0.0006775114683016392,
        0.00039439342509250963,
        0.32821197733996643,
        -0.2746057987659405,
        -0.030026904209457972,
        -0.013542931797017599,
        -0.29781744764529894,
        0.44421863130969474
      ]
    ],
    "momentum_magnitude": [
      0.13468700594029476,
      0.07922765055311476,
      0.045834178005934326,
      0.026775980278380903,
      0.015553977982160756,
      0.009065106334485838,
      0.005273148229421136,
      0.0030708113121799855,
      0.001787118987397404,
      0.0010404434507605552,
      0.0006056024861954662,
      0.00035254342094002126,
      0.00020521310973658317,
      0.4643670427972081,
      0.07601579787611808,
      0.033551342707024825,
      0.014398744885388769,
      0.4067787286859323,
      0.2214412843710518
    ],
    "meta_prediction_error": 0.13753294196442056,
    "mean_coherence": 0.5212949825169334,
    "coherence_trace": [
      0.52129602861432,
      0.503720444944745,
      0.5121352470983481,
      0.5066427368666789,
      0.5096355502928384,
      0.5078248658377145,
      0.5088555269949172,
      0.5082476830898252,
      0.5085988370311325,
      0.5083935208506996,
      0.508512729992979,
      0.5084432331741395,
      0.5084836526322641,
      0.5084601121431181,
      0.5395012726061112,
      0.5653043412865285,
      0.5799754161385695,
      0.587033067342146,
      0.5003307001166963,
      0.5245046832848931
    ],