{
  "schema_version": "pymdp_simulation_v1",
  "success": true,
  "framework": "PyMDP",
  "pymdp_version": "1.0.0",
  "backend": "jax",
  "model_name": "T-Maze Epistemic Foraging Agent",
  "num_timesteps": 3,
  "observations_by_modality": {
    "joint_observation": [
      0,
      0,
      9
    ]
  },
  "hidden_states_by_factor": {
    "joint_state": [
      1,
      1,
      7,
      5
    ]
  },
  "actions_by_control_factor": {
    "joint_action": [
      0,
      0,
      3
    ]
  },
  "beliefs_by_factor": {
    "joint_state": [
      [
        0.5,
        0.5,
        4.930391237080481e-32,
        4.930391237080481e-32,
        4.930391237080481e-32,
        4.930391237080481e-32,
        4.930391237080481e-32,
        4.930391237080481e-32
      ],
      [
        0.5,
        0.5,
        1.1102250098586267e-16,
        1.1102250098586267e-16,
        1.1102250098586267e-16,
        1.1102250098586267e-16,
        1.1102250098586267e-16,
        1.1102250098586267e-16
      ],
      [
        2.2204500197172533e-16,
        2.2204500197172533e-16,
        2.2204500197172533e-16,
        2.2204500197172533e-16,
        2.2204500197172533e-16,
        2.2204500197172533e-16,
        2.2204500197172533e-16,
        1.0
      ]
    ]
  },
  "expected_free_energy": [
    [
      2.0311546325683594,
      2.0311546325683594,
      2.0311546325683594,
      -1.0
    ],
    [
      2.0311546325683594,
      2.0311546325683594,
      2.0311546325683594,
      -1.0
    ],
    [
      -1.0,
      -1.0,
      -0.3068528175354004,
      1.6931471824645996
    ]
  ],
  "variational_free_energy": [
    Infinity,
    1.3862943649291992,
    2.079441547393799
  ],
  "policy_posterior": [
    [
      0.3333333432674408,
      0.3333333432674408,
      0.3333333432674408,
      2.885752398445902e-22
    ],
    [
      0.3333333432674408,
      0.3333333432674408,
      0.3333333432674408,
      2.885752398445902e-22
    ],
    [
      1.9323982132292368e-19,
      1.9323982132292368e-19,
      1.2664165777252073e-14,
      1.0
    ]
  ],
  "simulation_trace": {
    "observations": [
      0,
      0,
      9
    ],
    "true_states": [
      1,
      1,
      7,
      5
    ],
    "beliefs": [
      [
        0.5,
        0.5,
        4.930391237080481e-32,
        4.930391237080481e-32,
        4.930391237080481e-32,
        4.930391237080481e-32,
        4.930391237080481e-32,
        4.930391237080481e-32
      ],
      [
        0.5,
        0.5,
        1.1102250098586267e-16,
        1.1102250098586267e-16,
        1.1102250098586267e-16,
        1.1102250098586267e-16,
        1.1102250098586267e-16,
        1.1102250098586267e-16
      ],
      [
        2.2204500197172533e-16,
        2.2204500197172533e-16,
        2.2204500197172533e-16,
        2.2204500197172533e-16,
        2.2204500197172533e-16,
        2.2204500197172533e-16,
        2.2204500197172533e-16,
        1.0
      ]
    ],
    "actions": [
      0,
      0,
      3
    ],
    "efe_history": [
      [
        2.0311546325683594,
        2.0311546325683594,
        2.0311546325683594,
        -1.0
      ],
      [
        2.0311546325683594,
        2.0311546325683594,
        2.0311546325683594,
        -1.0
      ],
      [
        -1.0,
        -1.0,
        -0.3068528175354004,
        1.6931471824645996
      ]
    ],
    "vfe_history": [
      Infinity,
      1.3862943649291992,
      2.079441547393799
    ],
    "policy_posterior": [
      [
        0.3333333432674408,
        0.3333333432674408,
        0.3333333432674408,
        2.885752398445902e-22
      ],
      [
        0.3333333432674408,
        0.3333333432674408,
        0.3333333432674408,
        2.885752398445902e-22
      ],
      [
        1.9323982132292368e-19,
        1.9323982132292368e-19,
        1.2664165777252073e-14,
        1.0
      ]
    ],
    "belief_confidence": [
      0.5,
      0.5,
      1.0
    ]
  },
  "observations": [
    0,
    0,
    9
  ],
  "true_states": [
    1,
    1,
    7,
    5
  ],
  "beliefs": [
    [
      0.5,
      0.5,
      4.930391237080481e-32,
      4.930391237080481e-32,
      4.930391237080481e-32,
      4.930391237080481e-32,
      4.930391237080481e-32,
      4.930391237080481e-32
    ],
    [
      0.5,
      0.5,
      1.1102250098586267e-16,
      1.1102250098586267e-16,
      1.1102250098586267e-16,
      1.1102250098586267e-16,
      1.1102250098586267e-16,
      1.1102250098586267e-16
    ],
    [
      2.2204500197172533e-16,
      2.2204500197172533e-16,
      2.2204500197172533e-16,
      2.2204500197172533e-16,
      2.2204500197172533e-16,
      2.2204500197172533e-16,
      2.2204500197172533e-16,
      1.0
    ]
  ],
  "actions": [
    0,
    0,
    3
  ],
  "model_parameters": {
    "A_shape": [
      12,
      8
    ],
    "B_shape": [
      8,
      8,
      4
    ],
    "C_shape": [
      12
    ],
    "D_shape": [
      8
    ],
    "num_states": 8,
    "num_observations": 12,
    "num_actions": 4,
    "batch_size": 1,
    "policy_len": 1,
    "gamma": 16.0,
    "alpha": 16.0
  },
  "matrix_provenance": {
    "A_loc": {
      "source": "InitialParameterization",
      "shape": [
        4,
        4
      ],
      "derived": false
    },
    "A_rew": {
      "source": "InitialParameterization",
      "shape": [
        3,
        4,
        2
      ],
      "derived": false
    },
    "B_loc": {
      "source": "InitialParameterization",
      "shape": [
        4,
        4,
        4
      ],
      "derived": false
    },
    "B_ctx": {
      "source": "InitialParameterization",
      "shape": [
        2,
        2
      ],
      "derived": false
    },
    "C_loc": {
      "source": "InitialParameterization",
      "shape": [
        4
      ],
      "derived": false
    },
    "C_rew": {
      "source": "InitialParameterization",
      "shape": [
        3
      ],
      "derived": false
    },
    "D_loc": {
      "source": "InitialParameterization",
      "shape": [
        4
      ],
      "derived": false
    },
    "D_ctx": {
      "source": "InitialParameterization",
      "shape": [
        2
      ],
      "derived": false
    },
    "A": {
      "source": "factored_joint_composition",
      "source_keys": [
        "A_loc",
        "A_rew"
      ],
      "shape": [
        12,
        8
      ],
      "derived": true
    },
    "B": {
      "source": "factored_joint_composition",
      "source_keys": [
        "B_ctx",
        "B_loc"
      ],
      "shape": [
        8,
        8,
        4
      ],
      "derived": true,
      "source_order": "next_state_previous_state_action",
      "canonical_order": "next_state_previous_state_action"
    },
    "C": {
      "source": "factored_joint_composition",
      "source_keys": [
        "C_loc",
        "C_rew"
      ],
      "shape": [
        12
      ],
      "derived": true
    },
    "D": {
      "source": "factored_joint_composition",
      "source_keys": [
        "D_ctx",
        "D_loc"
      ],
      "shape": [
        8
      ],
      "derived": true
    }
  },
  "runtime_metadata": {
    "output_dir": "output/pymdp_simulations/T-Maze Epistemic Foraging Agent",
    "random_seed": 0,
    "schema_version": "pymdp_simulation_v1"
  },
  "metrics": {
    "expected_free_energy": [
      [
        2.0311546325683594,
        2.0311546325683594,
        2.0311546325683594,
        -1.0
      ],
      [
        2.0311546325683594,
        2.0311546325683594,
        2.0311546325683594,
        -1.0
      ],
      [
        -1.0,
        -1.0,
        -0.3068528175354004,
        1.6931471824645996
      ]
    ],
    "variational_free_energy": [
      Infinity,
      1.3862943649291992,
      2.079441547393799
    ],