{
  "success": true,
  "framework": "PyMDP",
  "model_name": "Multi Armed Bandit Agent",
  "num_timesteps": 15,
  "simulation_trace": {
    "observations": [
      0,
      1,
      0,
      0,
      1,
      0,
      0,
      1,
      2,
      0,
      1,
      2,
      0,
      0,
      0
    ],
    "true_states": [
      2,
      2,
      2,
      2,
      2,
      2,
      2,
      1,
      2,
      2,
      2,
      2,
      2,
      2,
      2
    ],
    "beliefs": [
      [
        0.09090909090909097,
        0.45454545454545453,
        0.45454545454545453
      ],
      [
        0.11111111111111126,
        0.5079365079365079,
        0.3809523809523809
      ],
      [
        0.032663316582914645,
        0.5446877243359655,
        0.4226489590811199
      ],
      [
        0.016584503268674358,
        0.547014942511138,
        0.43640055422018775
      ],
      [
        0.05470626566622098,
        0.5860235170839919,
        0.35927021724978714
      ],
      [
        0.020914684237899255,
        0.5939750155426753,
        0.38511030021942544
      ],
      [
        0.014332640545129859,
        0.5866902746482077,
        0.3989770848066626
      ],
      [
        0.05256824493174397,
        0.6184673651566841,
        0.3289643899115719
      ],
      [
        0.31507880926806014,
        0.3192934874027677,
        0.36562770332917216
      ],
      [
        0.08523460086295963,
        0.43097688451846333,
        0.4837885146185769
      ],
      [
        0.10752714005032413,
        0.4874591259787017,
        0.4050137339709741
      ],
      [
        0.40375376515968303,
        0.22098265836915956,
        0.3752635764711574
      ],
      [
        0.11472526633486096,
        0.34697811362583497,
        0.5382966200393041
      ],
      [
        0.0334509480697004,
        0.3910845255206492,
        0.5754645264096505
      ],
      [
        0.016736841839970897,
        0.4080239825495231,
        0.575239175610506
      ]
    ],
    "actions": [
      0,
      0,
      0,
      0,
      0,
      0,
      0,
      0,
      0,
      0,
      0,
      0,
      0,
      0,
      0
    ],
    "efe_history": [
      [
        -2.126858797151228,
        -2.126858797151228,
        -2.126858797151228
      ],
      [
        -2.10623005137435,
        -2.10623005137435,
        -2.10623005137435
      ],
      [
        -2.22310814465239,
        -2.22310814465239,
        -2.22310814465239
      ],
      [
        -2.2470278366881047,
        -2.2470278366881047,
        -2.2470278366881047
      ],
      [
        -2.197442491252768,
        -2.197442491252768,
        -2.197442491252768
      ],
      [
        -2.248035793272259,
        -2.248035793272259,
        -2.248035793272259
      ],
      [
        -2.2566131672026573,
        -2.2566131672026573,
        -2.2566131672026573
      ],
      [
        -2.2055257098759844,
        -2.2055257098759844,
        -2.2055257098759844
      ],
      [
        -1.818743982459539,
        -1.818743982459539,
        -1.818743982459539
      ],
      [
        -2.131493309509646,
        -2.131493309509646,
        -2.131493309509646
      ],
      [
        -2.1083411034295048,
        -2.1083411034295048,
        -2.1083411034295048
      ],
      [
        -1.704581461373213,
        -1.704581461373213,
        -1.704581461373213
      ],
      [
        -2.079515493459207,
        -2.079515493459207,
        -2.079515493459207
      ],
      [
        -2.1990987378173577,
        -2.1990987378173577,
        -2.1990987378173577
      ],
      [
        -2.225670026441838,
        -2.225670026441838,
        -2.225670026441838
      ]
    ],
    "belief_confidence": [
      0.45454545454545453,
      0.5079365079365079,
      0.5446877243359655,
      0.547014942511138,
      0.5860235170839919,
      0.5939750155426753,
      0.5866902746482077,
      0.6184673651566841,
      0.36562770332917216,
      0.4837885146185769,
      0.4874591259787017,
      0.40375376515968303,
      0.5382966200393041,
      0.5754645264096505,
      0.575239175610506
    ]
  },
  "observations": [
    0,
    1,
    0,
    0,
    1,
    0,
    0,
    1,
    2,
    0,
    1,
    2,
    0,
    0,
    0
  ],
  "true_states": [
    2,
    2,
    2,
    2,
    2,
    2,
    2,
    1,
    2,
    2,
    2,
    2,
    2,
    2,
    2
  ],
  "beliefs": [
    [
      0.09090909090909097,
      0.45454545454545453,
      0.45454545454545453
    ],
    [
      0.11111111111111126,
      0.5079365079365079,
      0.3809523809523809
    ],
    [
      0.032663316582914645,
      0.5446877243359655,
      0.4226489590811199
    ],
    [
      0.016584503268674358,
      0.547014942511138,
      0.43640055422018775
    ],
    [
      0.05470626566622098,
      0.5860235170839919,
      0.35927021724978714
    ],
    [
      0.020914684237899255,
      0.5939750155426753,
      0.38511030021942544
    ],
    [
      0.014332640545129859,
      0.5866902746482077,
      0.3989770848066626
    ],
    [
      0.05256824493174397,
      0.6184673651566841,
      0.3289643899115719
    ],
    [
      0.31507880926806014,
      0.3192934874027677,
      0.36562770332917216
    ],
    [
      0.08523460086295963,
      0.43097688451846333,
      0.4837885146185769
    ],
    [
      0.10752714005032413,
      0.4874591259787017,
      0.4050137339709741
    ],
    [
      0.40375376515968303,
      0.22098265836915956,
      0.3752635764711574
    ],
    [
      0.11472526633486096,
      0.34697811362583497,
      0.5382966200393041
    ],
    [
      0.0334509480697004,
      0.3910845255206492,
      0.5754645264096505
    ],
    [
      0.016736841839970897,
      0.4080239825495231,
      0.575239175610506
    ]
  ],
  "actions": [
    0,
    0,
    0,
    0,
    0,
    0,
    0,
    0,
    0,
    0,
    0,
    0,
    0,
    0,
    0
  ],
  "model_parameters": {
    "A_shape": [
      3,
      3
    ],
    "B_shape": [
      3,
      3,
      3
    ],
    "C_shape": [
      3
    ],
    "D_shape": [
      3
    ],
    "num_states": 3,
    "num_observations": 3,
    "num_actions": 3
  },
  "metrics": {
    "expected_free_energy": [
      [
        -2.126858797151228,
        -2.126858797151228,
        -2.126858797151228
      ],
      [
        -2.10623005137435,
        -2.10623005137435,
        -2.10623005137435
      ],
      [
        -2.22310814465239,
        -2.22310814465239,
        -2.22310814465239
      ],
      [
        -2.2470278366881047,
        -2.2470278366881047,
        -2.2470278366881047
      ],
      [
        -2.197442491252768,
        -2.197442491252768,
        -2.197442491252768
      ],
      [
        -2.248035793272259,
        -2.248035793272259,
        -2.248035793272259
      ],
      [
        -2.2566131672026573,
        -2.2566131672026573,
        -2.2566131672026573
      ],
      [
        -2.2055257098759844,
        -2.2055257098759844,
        -2.2055257098759844
      ],
      [
        -1.818743982459539,
        -1.818743982459539,
        -1.818743982459539
      ],
      [
        -2.131493309509646,
        -2.131493309509646,
        -2.131493309509646
      ],
      [
        -2.1083411034295048,
        -2.1083411034295048,
        -2.1083411034295048
      ],
      [
        -1.704581461373213,
        -1.704581461373213,
        -1.704581461373213
      ],
      [
        -2.079515493459207,
        -2.079515493459207,
        -2.079515493459207
      ],
      [
        -2.1990987378173577,
        -2.1990987378173577,
        -2.1990987378173577
      ],
      [
        -2.225670026441838,
        -2.225670026441838,
        -2.225670026441838
      ]
    ],