{
  "success": true,
  "framework": "PyMDP",
  "model_name": "Multi Armed Bandit Agent",
  "num_timesteps": 15,
  "simulation_trace": {
    "observations": [
      2,
      0,
      1,
      1,
      1,
      1,
      2,
      0,
      1,
      0,
      0,
      2,
      0,
      0,
      2
    ],
    "true_states": [
      0,
      2,
      2,
      2,
      0,
      0,
      0,
      1,
      1,
      1,
      1,
      2,
      2,
      2,
      2
    ],
    "beliefs": [
      [
        0.6666666666666665,
        0.11111111111111117,
        0.22222222222222224
      ],
      [
        0.24342105263157895,
        0.2850877192982457,
        0.47149122807017535
      ],
      [
        0.2340971158329448,
        0.35515886231932337,
        0.4107440218477319
      ],
      [
        0.22284405283192088,
        0.4199249431410015,
        0.35723100402707764
      ],
      [
        0.210820600153698,
        0.477773785690966,
        0.3114056141553361
      ],
      [
        0.19894997104494033,
        0.5278859978620493,
        0.27316403109301035
      ],
      [
        0.55289987498391,
        0.20973944419346605,
        0.23736068082262393
      ],
      [
        0.1780616059676592,
        0.39086909246867746,
        0.4310693015636635
      ],
      [
        0.17859682408280406,
        0.45205410885561975,
        0.3693490670615763
      ],
      [
        0.04813220425999581,
        0.5178508597729066,
        0.4340169359670976
      ],
      [
        0.019608606707546217,
        0.5286196872128152,
        0.4517717060796387
      ],
      [
        0.22633071276139516,
        0.2825296885178853,
        0.4911395987207195
      ],
      [
        0.06013709827537903,
        0.35994540808526004,
        0.579917493639361
      ],
      [
        0.022003218012422988,
        0.3872820952496354,
        0.5907146867379416
      ],
      [
        0.21745716944964838,
        0.2000345791171539,
        0.5825082514331977
      ]
    ],
    "actions": [
      0,
      0,
      0,
      0,
      0,
      0,
      0,
      0,
      0,
      0,
      0,
      0,
      0,
      0,
      0
    ],
    "efe_history": [
      [
        -1.420512259098088,
        -1.420512259098088,
        -1.420512259098088
      ],
      [
        -1.9035069580992223,
        -1.9035069580992223,
        -1.9035069580992223
      ],
      [
        -1.923339878099958,
        -1.923339878099958,
        -1.923339878099958
      ],
      [
        -1.9454603663700802,
        -1.9454603663700802,
        -1.9454603663700802
      ],
      [
        -1.9681831322386594,
        -1.9681831322386594,
        -1.9681831322386594
      ],
      [
        -1.9901414573935463,
        -1.9901414573935463,
        -1.9901414573935463
      ],
      [
        -1.5410755093996418,
        -1.5410755093996418,
        -1.5410755093996418
      ],
      [
        -2.0002563980207926,
        -2.0002563980207926,
        -2.0002563980207926
      ],
      [
        -2.007290085543196,
        -2.007290085543196,
        -2.007290085543196
      ],
      [
        -2.196628640320259,
        -2.196628640320259,
        -2.196628640320259
      ],
      [
        -2.239722248697566,
        -2.239722248697566,
        -2.239722248697566
      ],
      [
        -1.9248329100726305,
        -1.9248329100726305,
        -1.9248329100726305
      ],
      [
        -2.1568032627759854,
        -2.1568032627759854,
        -2.1568032627759854
      ],
      [
        -2.2150080871758653,
        -2.2150080871758653,
        -2.2150080871758653
      ],
      [
        -1.9268129871010142,
        -1.9268129871010142,
        -1.9268129871010142
      ]
    ],
    "belief_confidence": [
      0.6666666666666665,
      0.47149122807017535,
      0.4107440218477319,
      0.4199249431410015,
      0.477773785690966,
      0.5278859978620493,
      0.55289987498391,
      0.4310693015636635,
      0.45205410885561975,
      0.5178508597729066,
      0.5286196872128152,
      0.4911395987207195,
      0.579917493639361,
      0.5907146867379416,
      0.5825082514331977
    ]
  },
  "observations": [
    2,
    0,
    1,
    1,
    1,
    1,
    2,
    0,
    1,
    0,
    0,
    2,
    0,
    0,
    2
  ],
  "true_states": [
    0,
    2,
    2,
    2,
    0,
    0,
    0,
    1,
    1,
    1,
    1,
    2,
    2,
    2,
    2
  ],
  "beliefs": [
    [
      0.6666666666666665,
      0.11111111111111117,
      0.22222222222222224
    ],
    [
      0.24342105263157895,
      0.2850877192982457,
      0.47149122807017535
    ],
    [
      0.2340971158329448,
      0.35515886231932337,
      0.4107440218477319
    ],
    [
      0.22284405283192088,
      0.4199249431410015,
      0.35723100402707764
    ],
    [
      0.210820600153698,
      0.477773785690966,
      0.3114056141553361
    ],
    [
      0.19894997104494033,
      0.5278859978620493,
      0.27316403109301035
    ],
    [
      0.55289987498391,
      0.20973944419346605,
      0.23736068082262393
    ],
    [
      0.1780616059676592,
      0.39086909246867746,
      0.4310693015636635
    ],
    [
      0.17859682408280406,
      0.45205410885561975,
      0.3693490670615763
    ],
    [
      0.04813220425999581,
      0.5178508597729066,
      0.4340169359670976
    ],
    [
      0.019608606707546217,
      0.5286196872128152,
      0.4517717060796387
    ],
    [
      0.22633071276139516,
      0.2825296885178853,
      0.4911395987207195
    ],
    [
      0.06013709827537903,
      0.35994540808526004,
      0.579917493639361
    ],
    [
      0.022003218012422988,
      0.3872820952496354,
      0.5907146867379416
    ],
    [
      0.21745716944964838,
      0.2000345791171539,
      0.5825082514331977
    ]
  ],
  "actions": [
    0,
    0,
    0,
    0,
    0,
    0,
    0,
    0,
    0,
    0,
    0,
    0,
    0,
    0,
    0
  ],
  "model_parameters": {
    "A_shape": [
      3,
      3
    ],
    "B_shape": [
      3,
      3,
      3
    ],
    "C_shape": [
      3
    ],
    "D_shape": [
      3
    ],
    "num_states": 3,
    "num_observations": 3,
    "num_actions": 3
  },
  "metrics": {
    "expected_free_energy": [
      [
        -1.420512259098088,
        -1.420512259098088,
        -1.420512259098088
      ],
      [
        -1.9035069580992223,
        -1.9035069580992223,
        -1.9035069580992223
      ],
      [
        -1.923339878099958,
        -1.923339878099958,
        -1.923339878099958
      ],
      [
        -1.9454603663700802,
        -1.9454603663700802,
        -1.9454603663700802
      ],
      [
        -1.9681831322386594,
        -1.9681831322386594,
        -1.9681831322386594
      ],
      [
        -1.9901414573935463,
        -1.9901414573935463,
        -1.9901414573935463
      ],
      [
        -1.5410755093996418,
        -1.5410755093996418,
        -1.5410755093996418
      ],
      [
        -2.0002563980207926,
        -2.0002563980207926,
        -2.0002563980207926
      ],
      [
        -2.007290085543196,
        -2.007290085543196,
        -2.007290085543196
      ],
      [
        -2.196628640320259,
        -2.196628640320259,
        -2.196628640320259
      ],
      [
        -2.239722248697566,
        -2.239722248697566,
        -2.239722248697566
      ],
      [
        -1.9248329100726305,
        -1.9248329100726305,
        -1.9248329100726305
      ],
      [
        -2.1568032627759854,
        -2.1568032627759854,
        -2.1568032627759854
      ],
      [
        -2.2150080871758653,
        -2.2150080871758653,
        -2.2150080871758653
      ],
      [
        -1.9268129871010142,
        -1.9268129871010142,
        -1.9268129871010142
      ]
    ],