{
  "success": true,
  "framework": "PyMDP",
  "model_name": "Multi Armed Bandit Agent",
  "num_timesteps": 15,
  "simulation_trace": {
    "observations": [
      1,
      0,
      1,
      2,
      0,
      0,
      0,
      2,
      0,
      0,
      0,
      2,
      0,
      1,
      1
    ],
    "true_states": [
      2,
      2,
      2,
      2,
      2,
      2,
      2,
      2,
      2,
      2,
      2,
      2,
      2,
      2,
      2
    ],
    "beliefs": [
      [
        0.30000000000000004,
        0.4,
        0.30000000000000004
      ],
      [
        0.08068783068783078,
        0.5158730158730157,
        0.40343915343915343
      ],
      [
        0.10197929700830412,
        0.5601183028096915,
        0.33790240018200424
      ],
      [
        0.4058609440223834,
        0.2603647397591107,
        0.33377431621850595
      ],
      [
        0.1154892970513705,
        0.39664364682944325,
        0.48786705611918624
      ],
      [
        0.03361801536841919,
        0.4392075684093639,
        0.5271744162222168
      ],
      [
        0.016769177297394796,
        0.4517217771964868,
        0.5315090455061183
      ],
      [
        0.21147113154686192,
        0.23804235089720274,
        0.5504865175559354
      ],
      [
        0.05629761475401301,
        0.3091596575376559,
        0.6345427277083311
      ],
      [
        0.021232744217704845,
        0.33935090471571133,
        0.6394163510665838
      ],
      [
        0.014393102035143424,
        0.35793355088617435,
        0.6276733470786822
      ],
      [
        0.19707932352613786,
        0.18696618021686415,
        0.6159544962569979
      ],
      [
        0.0526685462455943,
        0.2529355679244411,
        0.6943958858299647
      ],
      [
        0.08707663339772895,
        0.3246500700262677,
        0.5882732965760034
      ],
      [
        0.11186131146069087,
        0.3920110749494764,
        0.49612761358983265
      ]
    ],
    "actions": [
      0,
      0,
      0,
      0,
      0,
      0,
      0,
      0,
      0,
      0,
      0,
      0,
      0,
      0,
      0
    ],
    "efe_history": [
      [
        -1.84597940572726,
        -1.84597940572726,
        -1.84597940572726
      ],
      [
        -2.149915318583289,
        -2.149915318583289,
        -2.149915318583289
      ],
      [
        -2.126354997725879,
        -2.126354997725879,
        -2.126354997725879
      ],
      [
        -1.7059120986200564,
        -1.7059120986200564,
        -1.7059120986200564
      ],
      [
        -2.0850198352596925,
        -2.0850198352596925,
        -2.0850198352596925
      ],
      [
        -2.205869256191826,
        -2.205869256191826,
        -2.205869256191826
      ],
      [
        -2.2321403060018374,
        -2.2321403060018374,
        -2.2321403060018374
      ],
      [
        -1.938696620483697,
        -1.938696620483697,
        -1.938696620483697
      ],
      [
        -2.155217026423239,
        -2.155217026423239,
        -2.155217026423239
      ],
      [
        -2.2091949559520976,
        -2.2091949559520976,
        -2.2091949559520976
      ],
      [
        -2.2217235663934654,
        -2.2217235663934654,
        -2.2217235663934654
      ],
      [
        -1.951330434124945,
        -1.951330434124945,
        -1.951330434124945
      ],
      [
        -2.15271275515233,
        -2.15271275515233,
        -2.15271275515233
      ],
      [
        -2.1144758526203806,
        -2.1144758526203806,
        -2.1144758526203806
      ],
      [
        -2.0893674316655435,
        -2.0893674316655435,
        -2.0893674316655435
      ]
    ],
    "belief_confidence": [
      0.4,
      0.5158730158730157,
      0.5601183028096915,
      0.4058609440223834,
      0.48786705611918624,
      0.5271744162222168,
      0.5315090455061183,
      0.5504865175559354,
      0.6345427277083311,
      0.6394163510665838,
      0.6276733470786822,
      0.6159544962569979,
      0.6943958858299647,
      0.5882732965760034,
      0.49612761358983265
    ]
  },
  "observations": [
    1,
    0,
    1,
    2,
    0,
    0,
    0,
    2,
    0,
    0,
    0,
    2,
    0,
    1,
    1
  ],
  "true_states": [
    2,
    2,
    2,
    2,
    2,
    2,
    2,
    2,
    2,
    2,
    2,
    2,
    2,
    2,
    2
  ],
  "beliefs": [
    [
      0.30000000000000004,
      0.4,
      0.30000000000000004
    ],
    [
      0.08068783068783078,
      0.5158730158730157,
      0.40343915343915343
    ],
    [
      0.10197929700830412,
      0.5601183028096915,
      0.33790240018200424
    ],
    [
      0.4058609440223834,
      0.2603647397591107,
      0.33377431621850595
    ],
    [
      0.1154892970513705,
      0.39664364682944325,
      0.48786705611918624
    ],
    [
      0.03361801536841919,
      0.4392075684093639,
      0.5271744162222168
    ],
    [
      0.016769177297394796,
      0.4517217771964868,
      0.5315090455061183
    ],
    [
      0.21147113154686192,
      0.23804235089720274,
      0.5504865175559354
    ],
    [
      0.05629761475401301,
      0.3091596575376559,
      0.6345427277083311
    ],
    [
      0.021232744217704845,
      0.33935090471571133,
      0.6394163510665838
    ],
    [
      0.014393102035143424,
      0.35793355088617435,
      0.6276733470786822
    ],
    [
      0.19707932352613786,
      0.18696618021686415,
      0.6159544962569979
    ],
    [
      0.0526685462455943,
      0.2529355679244411,
      0.6943958858299647
    ],
    [
      0.08707663339772895,
      0.3246500700262677,
      0.5882732965760034
    ],
    [
      0.11186131146069087,
      0.3920110749494764,
      0.49612761358983265
    ]
  ],
  "actions": [
    0,
    0,
    0,
    0,
    0,
    0,
    0,
    0,
    0,
    0,
    0,
    0,
    0,
    0,
    0
  ],
  "model_parameters": {
    "A_shape": [
      3,
      3
    ],
    "B_shape": [
      3,
      3,
      3
    ],
    "C_shape": [
      3
    ],
    "D_shape": [
      3
    ],
    "num_states": 3,
    "num_observations": 3,
    "num_actions": 3
  },
  "metrics": {
    "expected_free_energy": [
      [
        -1.84597940572726,
        -1.84597940572726,
        -1.84597940572726
      ],
      [
        -2.149915318583289,
        -2.149915318583289,
        -2.149915318583289
      ],
      [
        -2.126354997725879,
        -2.126354997725879,
        -2.126354997725879
      ],
      [
        -1.7059120986200564,
        -1.7059120986200564,
        -1.7059120986200564
      ],
      [
        -2.0850198352596925,
        -2.0850198352596925,
        -2.0850198352596925
      ],
      [
        -2.205869256191826,
        -2.205869256191826,
        -2.205869256191826
      ],
      [
        -2.2321403060018374,
        -2.2321403060018374,
        -2.2321403060018374
      ],
      [
        -1.938696620483697,
        -1.938696620483697,
        -1.938696620483697
      ],
      [
        -2.155217026423239,
        -2.155217026423239,
        -2.155217026423239
      ],
      [
        -2.2091949559520976,
        -2.2091949559520976,
        -2.2091949559520976
      ],
      [
        -2.2217235663934654,
        -2.2217235663934654,
        -2.2217235663934654
      ],
      [
        -1.951330434124945,
        -1.951330434124945,
        -1.951330434124945
      ],
      [
        -2.15271275515233,
        -2.15271275515233,
        -2.15271275515233
      ],
      [
        -2.1144758526203806,
        -2.1144758526203806,
        -2.1144758526203806
      ],
      [
        -2.0893674316655435,
        -2.0893674316655435,
        -2.0893674316655435
      ]
    ],