{
  "success": true,
  "framework": "PyMDP",
  "model_name": "Multi Armed Bandit Agent",
  "num_timesteps": 15,
  "simulation_trace": {
    "observations": [
      0,
      0,
      1,
      0,
      0,
      0,
      2,
      2,
      1,
      0,
      2,
      2,
      0,
      1,
      1
    ],
    "true_states": [
      2,
      2,
      2,
      2,
      2,
      2,
      2,
      2,
      2,
      2,
      2,
      2,
      2,
      2,
      2
    ],
    "beliefs": [
      [
        0.09090909090909097,
        0.45454545454545453,
        0.45454545454545453
      ],
      [
        0.02834008097165998,
        0.48582995951416996,
        0.48582995951416996
      ],
      [
        0.06418425206056015,
        0.5347518559653942,
        0.40106389197404574
      ],
      [
        0.022820118294879895,
        0.5505936433087864,
        0.42658623839633375
      ],
      [
        0.01469526726196753,
        0.5484534607848162,
        0.4368512719532163
      ],
      [
        0.013155895233513341,
        0.543348968033642,
        0.44349513673284463
      ],
      [
        0.21184060119082795,
        0.2953727969441001,
        0.49278660186507195
      ],
      [
        0.5270279938522777,
        0.11494650762280095,
        0.35802549852492127
      ],
      [
        0.4746066123370176,
        0.1876980891976689,
        0.3376952984653135
      ],
      [
        0.1422999346168955,
        0.3288154105312489,
        0.5288846548518555
      ],
      [
        0.4356785639843994,
        0.13995215784033765,
        0.4243692781752629
      ],
      [
        0.7180270382825209,
        0.048104386178286114,
        0.23386857553919296
      ],
      [
        0.2799511270528256,
        0.19266633589321333,
        0.5273825370539611
      ],
      [
        0.2688046579489695,
        0.266063378437334,
        0.4651319636136966
      ],
      [
        0.25500996305267054,
        0.3371683779075004,
        0.4078216590398291
      ]
    ],
    "actions": [
      0,
      0,
      0,
      0,
      0,
      0,
      0,
      0,
      0,
      0,
      0,
      0,
      0,
      0,
      0
    ],
    "efe_history": [
      [
        -2.126858797151228,
        -2.126858797151228,
        -2.126858797151228
      ],
      [
        -2.2204445210343056,
        -2.2204445210343056,
        -2.2204445210343056
      ],
      [
        -2.176118272764012,
        -2.176118272764012,
        -2.176118272764012
      ],
      [
        -2.2384186742832757,
        -2.2384186742832757,
        -2.2384186742832757
      ],
      [
        -2.25003707907322,
        -2.25003707907322,
        -2.25003707907322
      ],
      [
        -2.251507556763654,
        -2.251507556763654,
        -2.251507556763654
      ],
      [
        -1.9448118055428725,
        -1.9448118055428725,
        -1.9448118055428725
      ],
      [
        -1.5604207103601406,
        -1.5604207103601406,
        -1.5604207103601406
      ],
      [
        -1.6225266262689755,
        -1.6225266262689755,
        -1.6225266262689755
      ],
      [
        -2.039967552122371,
        -2.039967552122371,
        -2.039967552122371
      ],
      [
        -1.6612317112800141,
        -1.6612317112800141,
        -1.6612317112800141
      ],
      [
        -1.3685726732830246,
        -1.3685726732830246,
        -1.3685726732830246
      ],
      [
        -1.8481589937085245,
        -1.8481589937085245,
        -1.8481589937085245
      ],
      [
        -1.8697035436486087,
        -1.8697035436486087,
        -1.8697035436486087
      ],
      [
        -1.8948220215889022,
        -1.8948220215889022,
        -1.8948220215889022
      ]
    ],
    "belief_confidence": [
      0.45454545454545453,
      0.48582995951416996,
      0.5347518559653942,
      0.5505936433087864,
      0.5484534607848162,
      0.543348968033642,
      0.49278660186507195,
      0.5270279938522777,
      0.4746066123370176,
      0.5288846548518555,
      0.4356785639843994,
      0.7180270382825209,
      0.5273825370539611,
      0.4651319636136966,
      0.4078216590398291
    ]
  },
  "observations": [
    0,
    0,
    1,
    0,
    0,
    0,
    2,
    2,
    1,
    0,
    2,
    2,
    0,
    1,
    1
  ],
  "true_states": [
    2,
    2,
    2,
    2,
    2,
    2,
    2,
    2,
    2,
    2,
    2,
    2,
    2,
    2,
    2
  ],
  "beliefs": [
    [
      0.09090909090909097,
      0.45454545454545453,
      0.45454545454545453
    ],
    [
      0.02834008097165998,
      0.48582995951416996,
      0.48582995951416996
    ],
    [
      0.06418425206056015,
      0.5347518559653942,
      0.40106389197404574
    ],
    [
      0.022820118294879895,
      0.5505936433087864,
      0.42658623839633375
    ],
    [
      0.01469526726196753,
      0.5484534607848162,
      0.4368512719532163
    ],
    [
      0.013155895233513341,
      0.543348968033642,
      0.44349513673284463
    ],
    [
      0.21184060119082795,
      0.2953727969441001,
      0.49278660186507195
    ],
    [
      0.5270279938522777,
      0.11494650762280095,
      0.35802549852492127
    ],
    [
      0.4746066123370176,
      0.1876980891976689,
      0.3376952984653135
    ],
    [
      0.1422999346168955,
      0.3288154105312489,
      0.5288846548518555
    ],
    [
      0.4356785639843994,
      0.13995215784033765,
      0.4243692781752629
    ],
    [
      0.7180270382825209,
      0.048104386178286114,
      0.23386857553919296
    ],
    [
      0.2799511270528256,
      0.19266633589321333,
      0.5273825370539611
    ],
    [
      0.2688046579489695,
      0.266063378437334,
      0.4651319636136966
    ],
    [
      0.25500996305267054,
      0.3371683779075004,
      0.4078216590398291
    ]
  ],
  "actions": [
    0,
    0,
    0,
    0,
    0,
    0,
    0,
    0,
    0,
    0,
    0,
    0,
    0,
    0,
    0
  ],
  "model_parameters": {
    "A_shape": [
      3,
      3
    ],
    "B_shape": [
      3,
      3,
      3
    ],
    "C_shape": [
      3
    ],
    "D_shape": [
      3
    ],
    "num_states": 3,
    "num_observations": 3,
    "num_actions": 3
  },
  "metrics": {
    "expected_free_energy": [
      [
        -2.126858797151228,
        -2.126858797151228,
        -2.126858797151228
      ],
      [
        -2.2204445210343056,
        -2.2204445210343056,
        -2.2204445210343056
      ],
      [
        -2.176118272764012,
        -2.176118272764012,
        -2.176118272764012
      ],
      [
        -2.2384186742832757,
        -2.2384186742832757,
        -2.2384186742832757
      ],
      [
        -2.25003707907322,
        -2.25003707907322,
        -2.25003707907322
      ],
      [
        -2.251507556763654,
        -2.251507556763654,
        -2.251507556763654
      ],
      [
        -1.9448118055428725,
        -1.9448118055428725,
        -1.9448118055428725
      ],
      [
        -1.5604207103601406,
        -1.5604207103601406,
        -1.5604207103601406
      ],
      [
        -1.6225266262689755,
        -1.6225266262689755,
        -1.6225266262689755
      ],
      [
        -2.039967552122371,
        -2.039967552122371,
        -2.039967552122371
      ],
      [
        -1.6612317112800141,
        -1.6612317112800141,
        -1.6612317112800141
      ],
      [
        -1.3685726732830246,
        -1.3685726732830246,
        -1.3685726732830246
      ],
      [
        -1.8481589937085245,
        -1.8481589937085245,
        -1.8481589937085245
      ],
      [
        -1.8697035436486087,
        -1.8697035436486087,
        -1.8697035436486087
      ],
      [
        -1.8948220215889022,
        -1.8948220215889022,
        -1.8948220215889022
      ]
    ],