{
  "success": true,
  "framework": "PyMDP",
  "model_name": "Multi Armed Bandit Agent",
  "num_timesteps": 15,
  "simulation_trace": {
    "observations": [
      1,
      0,
      2,
      0,
      2,
      1,
      1,
      2,
      2,
      2,
      2,
      2,
      1,
      2,
      1
    ],
    "true_states": [
      0,
      0,
      0,
      0,
      0,
      0,
      0,
      0,
      0,
      0,
      0,
      0,
      0,
      0,
      0
    ],
    "beliefs": [
      [
        0.30000000000000004,
        0.4,
        0.30000000000000004
      ],
      [
        0.08068783068783078,
        0.5158730158730157,
        0.40343915343915343
      ],
      [
        0.3582894824485448,
        0.2459868114300939,
        0.3957237061213613
      ],
      [
        0.09898500756874182,
        0.36167241295947106,
        0.5393425794717871
      ],
      [
        0.36933293161505937,
        0.16402048763199417,
        0.4666465807529465
      ],
      [
        0.34231924948398273,
        0.23755738415023384,
        0.4201233663657835
      ],
      [
        0.3145565998709819,
        0.3098766070054631,
        0.375566793123555
      ],
      [
        0.6441731955626789,
        0.10601650813454097,
        0.24981029630278004
      ],
      [
        0.843581216390012,
        0.03296742702657283,
        0.12345135658341497
      ],
      [
        0.9222690055373156,
        0.01563525208718639,
        0.06209574237549816
      ],
      [
        0.9490077632346438,
        0.012003958030857279,
        0.03898827873449885
      ],
      [
        0.9577962011417251,
        0.011218527496274354,
        0.030985271362000664
      ],
      [
        0.8473116597153547,
        0.07783631670722059,
        0.07485202357742457
      ],
      [
        0.9308297794233015,
        0.02339736497477382,
        0.04577285560192467
      ],
      [
        0.8220547898277333,
        0.09106230023648103,
        0.08688290993578557
      ]
    ],
    "actions": [
      0,
      0,
      0,
      0,
      0,
      0,
      0,
      0,
      0,
      0,
      0,
      0,
      0,
      0,
      0
    ],
    "efe_history": [
      [
        -1.84597940572726,
        -1.84597940572726,
        -1.84597940572726
      ],
      [
        -2.149915318583289,
        -2.149915318583289,
        -2.149915318583289
      ],
      [
        -1.759642829201765,
        -1.759642829201765,
        -1.759642829201765
      ],
      [
        -2.102996290394411,
        -2.102996290394411,
        -2.102996290394411
      ],
      [
        -1.7388069029419657,
        -1.7388069029419657,
        -1.7388069029419657
      ],
      [
        -1.7776423808623636,
        -1.7776423808623636,
        -1.7776423808623636
      ],
      [
        -1.8183733548211565,
        -1.8183733548211565,
        -1.8183733548211565
      ],
      [
        -1.44170862979116,
        -1.44170862979116,
        -1.44170862979116
      ],
      [
        -1.2597187664593714,
        -1.2597187664593714,
        -1.2597187664593714
      ],
      [
        -1.1978061140009992,
        -1.1978061140009992,
        -1.1978061140009992
      ],
      [
        -1.1781752085107733,
        -1.1781752085107733,
        -1.1781752085107733
      ],
      [
        -1.1718921401042812,
        -1.1718921401042812,
        -1.1718921401042812
      ],
      [
        -1.2592273624916028,
        -1.2592273624916028,
        -1.2592273624916028
      ],
      [
        -1.1918949932795546,
        -1.1918949932795546,
        -1.1918949932795546
      ],
      [
        -1.2806963842194987,
        -1.2806963842194987,
        -1.2806963842194987
      ]
    ],
    "belief_confidence": [
      0.4,
      0.5158730158730157,
      0.3957237061213613,
      0.5393425794717871,
      0.4666465807529465,
      0.4201233663657835,
      0.375566793123555,
      0.6441731955626789,
      0.843581216390012,
      0.9222690055373156,
      0.9490077632346438,
      0.9577962011417251,
      0.8473116597153547,
      0.9308297794233015,
      0.8220547898277333
    ]
  },
  "observations": [
    1,
    0,
    2,
    0,
    2,
    1,
    1,
    2,
    2,
    2,
    2,
    2,
    1,
    2,
    1
  ],
  "true_states": [
    0,
    0,
    0,
    0,
    0,
    0,
    0,
    0,
    0,
    0,
    0,
    0,
    0,
    0,
    0
  ],
  "beliefs": [
    [
      0.30000000000000004,
      0.4,
      0.30000000000000004
    ],
    [
      0.08068783068783078,
      0.5158730158730157,
      0.40343915343915343
    ],
    [
      0.3582894824485448,
      0.2459868114300939,
      0.3957237061213613
    ],
    [
      0.09898500756874182,
      0.36167241295947106,
      0.5393425794717871
    ],
    [
      0.36933293161505937,
      0.16402048763199417,
      0.4666465807529465
    ],
    [
      0.34231924948398273,
      0.23755738415023384,
      0.4201233663657835
    ],
    [
      0.3145565998709819,
      0.3098766070054631,
      0.375566793123555
    ],
    [
      0.6441731955626789,
      0.10601650813454097,
      0.24981029630278004
    ],
    [
      0.843581216390012,
      0.03296742702657283,
      0.12345135658341497
    ],
    [
      0.9222690055373156,
      0.01563525208718639,
      0.06209574237549816
    ],
    [
      0.9490077632346438,
      0.012003958030857279,
      0.03898827873449885
    ],
    [
      0.9577962011417251,
      0.011218527496274354,
      0.030985271362000664
    ],
    [
      0.8473116597153547,
      0.07783631670722059,
      0.07485202357742457
    ],
    [
      0.9308297794233015,
      0.02339736497477382,
      0.04577285560192467
    ],
    [
      0.8220547898277333,
      0.09106230023648103,
      0.08688290993578557
    ]
  ],
  "actions": [
    0,
    0,
    0,
    0,
    0,
    0,
    0,
    0,
    0,
    0,
    0,
    0,
    0,
    0,
    0
  ],
  "model_parameters": {
    "A_shape": [
      3,
      3
    ],
    "B_shape": [
      3,
      3,
      3
    ],
    "C_shape": [
      3
    ],
    "D_shape": [
      3
    ],
    "num_states": 3,
    "num_observations": 3,
    "num_actions": 3
  },
  "metrics": {
    "expected_free_energy": [
      [
        -1.84597940572726,
        -1.84597940572726,
        -1.84597940572726
      ],
      [
        -2.149915318583289,
        -2.149915318583289,
        -2.149915318583289
      ],
      [
        -1.759642829201765,
        -1.759642829201765,
        -1.759642829201765
      ],
      [
        -2.102996290394411,
        -2.102996290394411,
        -2.102996290394411
      ],
      [
        -1.7388069029419657,
        -1.7388069029419657,
        -1.7388069029419657
      ],
      [
        -1.7776423808623636,
        -1.7776423808623636,
        -1.7776423808623636
      ],
      [
        -1.8183733548211565,
        -1.8183733548211565,
        -1.8183733548211565
      ],
      [
        -1.44170862979116,
        -1.44170862979116,
        -1.44170862979116
      ],
      [
        -1.2597187664593714,
        -1.2597187664593714,
        -1.2597187664593714
      ],
      [
        -1.1978061140009992,
        -1.1978061140009992,
        -1.1978061140009992
      ],
      [
        -1.1781752085107733,
        -1.1781752085107733,
        -1.1781752085107733
      ],
      [
        -1.1718921401042812,
        -1.1718921401042812,
        -1.1718921401042812
      ],
      [
        -1.2592273624916028,
        -1.2592273624916028,
        -1.2592273624916028
      ],
      [
        -1.1918949932795546,
        -1.1918949932795546,
        -1.1918949932795546
      ],
      [
        -1.2806963842194987,
        -1.2806963842194987,
        -1.2806963842194987
      ]
    ],