{
  "adaptive_precision": {
    "error_based_precision": [
      1.0,
      0.95,
      0.9025,
      0.8573749999999999,
      0.8145062499999999,
      0.7737809374999999,
      0.7350918906249998,
      0.6983372960937497,
      0.6634204312890623,
      0.6302494097246091,
      0.5987369392383786,
      0.5688000922764596,
      0.5403600876626365,
      0.5133420832795047,
      0.5646762916074552,
      0.5364424770270825,
      0.5096203531757283,
      0.4841393355169418,
      0.4599323687410947,
      0.43693575030403997
    ],
    "precision_statistics": {
      "mean_precision": 0.7475986776460417,
      "precision_range": [
        0.6789849406813594,
        0.7905303603195163
      ],
      "adaptation_magnitude": 0.1115454196381569,
      "precision_variance": 0.0007667752801593848
    },
    "context_precision": [
      1.0,
      1.0472426224852172,
      1.2617023559464404,
      1.2223266738987846,
      1.3212422022744423,
      1.5584169823448897,
      1.5629785672566152,
      1.7322355019722786,
      1.7122670833256706,
      1.8223792468275093,
      1.9276696268316504,
      1.8150005616325846,
      1.9790103402421384,
      1.91835428984088,
      1.8745597719516534,
      1.9027802383830186,
      1.9999988381099891,
      1.9195328520270403,
      1.847595211099922,
      1.9528481905645303
    ],
    "uncertainty_modulation": [
      0.3991987626776607,
      0.373354041709673,
      0.38573325041461837,
      0.3776537789540005,
      0.38205660280658216,
      0.3793929448159182,
      0.38090916780222406,
      0.38001497055532274,
      0.3805315564004196,
      0.3802295152821554,
      0.38040488462958394,
      0.3803026475718209,
      0.3803621088606244,
      0.3803274783357412,
      0.42589444447989877,
      0.46349548171373073,
      0.4847068453421184,
      0.49485942288232093,
      0.36836607219703255,
      0.4039110214264848
    ],
    "combined_precision": [
      0.7363140069565988,
      0.7188372774462182,
      0.76014609213157,
      0.7342049585818528,
      0.7435922521730766,
      0.7705431837748831,
      0.7592276684130586,
      0.7717754494572137,
      0.7561077261809426,
      0.7586923030890012,
      0.7600431468644548,
      0.7322430476712193,
      0.7409283137066538,
      0.720827140195394,
      0.7667732272450966,
      0.7792062585860018,
      0.7905303603195163,
      0.7718790514220478,
      0.6789849406813594,
      0.7011171480246735
    ]
  },
  "precision_learning": {
    "final_parameters": {
      "temporal_precision": 1.0814119173672294,
      "observation_precision": 1.0364351223693682,
      "action_precision": 0.9988272007028682
    },
    "log_likelihood_trace": [
      0.0,
      -1.553258418875396,
      -1.5386231638354901,
      -1.4737302366797294,
      -1.471233198626084,
      -1.4507374241936735,
      -1.450680793795935,
      -1.4444708721370083,
      -1.4451020214741717,
      -1.44365868478667,
      -1.4445212314058102,
      -1.4446876802276394,
      -1.445633200767243,
      -1.446345540829055,
      -2.278284676324478,
      -1.8393936940890165,
      -1.8710636326653578,
      -1.88761924697465,
      -2.061511548792963,
      -1.8053051647796847
    ],
    "precision_trace": [
      [
        1.0,
        1.00141183557987,
        1.0032327004941377,
        1.0048154397517242,
        1.0065367669632537,
        1.0081774151531417,
        1.0098650247038814,
        1.0115252968598492,
        1.013201482080357,
        1.0148684040694362,
        1.0165407182386348,
        1.0182098935597987,
        1.0198808960295511,
        1.0215508348981446,
        1.024088962714903,
        1.0270588495509878,
        1.0302249474291285,
        1.0334763813303487,
        1.0342337907396306,
        1.0364351223693682
      ],
      [
        1.0,
        1.0004133121758267,
        1.0004450456747467,
        1.000697228587382,
        1.0008205662151484,
        1.001018720516678,
        1.0011732623577712,
        1.00135317038634,
        1.001518305470929,
        1.0016920376174665,
        1.0018607645235555,
        1.0020324047503308,
        1.0022023490131342,
        1.0023732804804744,
        1.001763276945919,
        1.0007757344938928,
        0.9996163752707398,
        0.998381895127264,
        0.9991393045365461,
        0.9988272007028682
      ],
      [
        1.0,
        1.0037361881274298,
        1.007973701161717,
        1.0125255494079888,
        1.0172613112212414,
        1.0221069686260267,
        1.0270167259715213,
        1.03196413303223,
        1.036933471972152,
        1.0419156167322505,
        1.0469052177066134,
        1.0518991635147932,
        1.056895638701882,
        1.061893586781328,
        1.063050061716566,
        1.0673173843638197,
        1.0719873755678566,
        1.0768444148585277,
        1.0784139064345557,
        1.0814119173672294
      ]
    ],
    "learning_efficiency": -0.6561994047732186
  },
  "attention_dynamics": {
    "windowed_metrics": [
      {
        "focus_consistency": 1.0,
        "surprise_correlation": 0.0,
        "action_alignment": 0.0,
        "time_window": [
          1,
          5
        ]
      },
      {
        "focus_consistency": 1.0,
        "surprise_correlation": 0.0,
        "action_alignment": 0.0,
        "time_window": [
          2,
          6
        ]
      },
      {
        "focus_consistency": 1.0,
        "surprise_correlation": 0.0,
        "action_alignment": 0.0,
        "time_window": [
          3,
          7
        ]
      },
      {
        "focus_consistency": 1.0,
        "surprise_correlation": 0.0,
        "action_alignment": 0.0,
        "time_window": [
          4,
          8
        ]
      },
      {
        "focus_consistency": 1.0,
        "surprise_correlation": 0.0,
        "action_alignment": 0.0,
        "time_window": [
          5,
          9
        ]
      },
      {
        "focus_consistency": 1.0,
        "surprise_correlation": 0.0,
        "action_alignment": 0.0,
        "time_window": [
          6,
          10
        ]
      },
      {
        "focus_consistency": 1.0,
        "surprise_correlation": 0.0,
        "action_alignment": 0.0,
        "time_window": [
          7,
          11
        ]
      },
      {
        "focus_consistency": 1.0,
        "surprise_correlation": 0.0,
        "action_alignment": 0.0,
        "time_window": [
          8,
          12
        ]
      },
      {
        "focus_consistency": 1.0,
        "surprise_correlation": 0.0,
        "action_alignment": 0.0,
        "time_window": [
          9,
          13
        ]
      },
      {
        "focus_consistency": 1.0,
        "surprise_correlation": 0.0,
        "action_alignment": 0.0,
        "time_window": [
          10,
          14
        ]
      },
      {
        "focus_consistency": 0.5,
        "surprise_correlation": 1.0,
        "action_alignment": 0.0,
        "time_window": [
          11,
          15
        ]
      },
      {
        "focus_consistency": 0.5,
        "surprise_correlation": 1.0,
        "action_alignment": 0.0,
        "time_window": [
          12,
          16
        ]
      },
      {
        "focus_consistency": 0.5,
        "surprise_correlation": 1.0,
        "action_alignment": 0.0,
        "time_window": [
          13,
          17
        ]
      },
      {
        "focus_consistency": 0.5,
        "surprise_correlation": 1.0,
        "action_alignment": 0.0,
        "time_window": [
          14,
          18
        ]
      },
      {
        "focus_consistency": 1.0,
        "surprise_correlation": 0.0,
        "action_alignment": 0.0,
        "time_window": [
          15,
          19
        ]
      },
      {
        "focus_consistency": 1.0,
        "surprise_correlation": 0.0,
        "action_alignment": 0.0,
        "time_window": [
          16,
          20
        ]
      }
    ],
    "mean_focus": 0.6419519944992267,