{
  "model_name": "pytorch_pomdp",
  "framework": "pytorch",
  "num_timesteps": 15,
  "num_states": 4,
  "num_observations": 4,
  "num_actions": 2,
  "beliefs": [
    [
      0.0,
      0.0,
      0.0,
      0.9999999999999996
    ],
    [
      0.0,
      0.0,
      0.0,
      0.9999999999999999
    ],
    [
      0.0,
      0.0,
      0.0,
      0.9999999999999999
    ],
    [
      0.0,
      0.0,
      0.0,
      0.9999999999999999
    ],
    [
      0.0,
      0.0,
      0.0,
      0.9999999999999999
    ],
    [
      0.0,
      0.0,
      0.0,
      0.9999999999999999
    ],
    [
      0.0,
      0.0,
      0.0,
      0.9999999999999999
    ],
    [
      0.0,
      0.0,
      0.0,
      0.9999999999999999
    ],
    [
      0.0,
      0.0,
      0.0,
      0.9999999999999999
    ],
    [
      0.0,
      0.0,
      0.0,
      0.9999999999999999
    ],
    [
      0.0,
      0.0,
      0.0,
      0.9999999999999999
    ],
    [
      0.0,
      0.0,
      0.0,
      0.9999999999999999
    ],
    [
      0.0,
      0.0,
      0.0,
      0.9999999999999999
    ],
    [
      0.0,
      0.0,
      0.0,
      0.9999999999999999
    ],
    [
      0.0,
      0.0,
      0.0,
      0.9999999999999999
    ]
  ],
  "actions": [
    1,
    1,
    0,
    0,
    0,
    1,
    1,
    0,
    0,
    1,
    1,
    0,
    0,
    0,
    0
  ],
  "observations": [
    3,
    3,
    3,
    3,
    3,
    3,
    3,
    3,
    3,
    3,
    3,
    3,
    3,
    3,
    3
  ],
  "efe_history": [
    [
      0.13920631421945598,
      0.13920631421945598
    ],
    [
      0.13920631421945634,
      0.13920631421945634
    ],
    [
      0.13920631421945634,
      0.13920631421945634
    ],
    [
      0.13920631421945634,
      0.13920631421945634
    ],
    [
      0.13920631421945634,
      0.13920631421945634
    ],
    [
      0.13920631421945634,
      0.13920631421945634
    ],
    [
      0.13920631421945634,
      0.13920631421945634
    ],
    [
      0.13920631421945634,
      0.13920631421945634
    ],
    [
      0.13920631421945634,
      0.13920631421945634
    ],
    [
      0.13920631421945634,
      0.13920631421945634
    ],
    [
      0.13920631421945634,
      0.13920631421945634
    ],
    [
      0.13920631421945634,
      0.13920631421945634
    ],
    [
      0.13920631421945634,
      0.13920631421945634
    ],
    [
      0.13920631421945634,
      0.13920631421945634
    ],
    [
      0.13920631421945634,
      0.13920631421945634
    ]
  ],
  "validation": {
    "beliefs_in_range": true,
    "beliefs_sum_to_one": true,
    "actions_in_range": true,
    "all_valid": true
  },
  "execution_time_seconds": 0.0224,
  "torch_version": "2.9.1"
}