{
  "num_observations": 3,
  "time_steps": 30,
  "num_actions": 3,
  "efe_history": [
    [
      -1.9371129853028326,
      -1.9371129853028326,
      -1.9371129853028326
    ],
    [
      -2.0313472348552297,
      -2.0313472348552297,
      -2.0313472348552297
    ],
    [
      -2.0897627753175994,
      -2.0897627753175994,
      -2.0897627753175994
    ],
    [
      -2.1239880144536953,
      -2.1239880144536953,
      -2.1239880144536953
    ],
    [
      -2.143382027279764,
      -2.143382027279764,
      -2.143382027279764
    ],
    [
      -2.1541643015725445,
      -2.1541643015725445,
      -2.1541643015725445
    ],
    [
      -2.106721614646837,
      -2.106721614646837,
      -2.106721614646837
    ],
    [
      -2.06888521703371,
      -2.06888521703371,
      -2.06888521703371
    ],
    [
      -2.038629962712755,
      -2.038629962712755,
      -2.038629962712755
    ],
    [
      -2.014387585168984,
      -2.014387585168984,
      -2.014387585168984
    ],
    [
      -1.8552392100612698,
      -1.8552392100612698,
      -1.8552392100612698
    ],
    [
      -1.861812914185977,
      -1.861812914185977,
      -1.861812914185977
    ],
    [
      -1.9826201766465636,
      -1.9826201766465636,
      -1.9826201766465636
    ],
    [
      -1.8280820151686596,
      -1.8280820151686596,
      -1.8280820151686596
    ],
    [
      -1.957320623087099,
      -1.957320623087099,
      -1.957320623087099
    ],
    [
      -2.043233735182734,
      -2.043233735182734,
      -2.043233735182734
    ],
    [
      -2.095878282169232,
      -2.095878282169232,
      -2.095878282169232
    ],
    [
      -2.126583267175502,
      -2.126583267175502,
      -2.126583267175502
    ],
    [
      -2.144005977389013,
      -2.144005977389013,
      -2.144005977389013
    ],
    [
      -2.1537618482081218,
      -2.1537618482081218,
      -2.1537618482081218
    ],
    [
      -2.159205330173014,
      -2.159205330173014,
      -2.159205330173014
    ],
    [
      -2.1622552092420877,
      -2.1622552092420877,
      -2.1622552092420877
    ],
    [
      -2.1639840317864554,
      -2.1639840317864554,
      -2.1639840317864554
    ],
    [
      -2.114459753763688,
      -2.114459753763688,
      -2.114459753763688
    ],
    [
      -2.074982710590668,
      -2.074982710590668,
      -2.074982710590668
    ],
    [
      -1.9214767516005287,
      -1.9214767516005287,
      -1.9214767516005287
    ],
    [
      -1.773625311407225,
      -1.773625311407225,
      -1.773625311407225
    ],
    [
      -1.7907571596757652,
      -1.7907571596757652,
      -1.7907571596757652
    ],
    [
      -1.80617675797907,
      -1.80617675797907,
      -1.80617675797907
    ],
    [
      -1.8199666020308451,
      -1.8199666020308451,
      -1.8199666020308451
    ]
  ],
  "actions": [
    3,
    3,
    3,
    2,
    1,
    2,
    2,
    1,
    3,
    2,
    1,
    2,
    1,
    1,
    3,
    1,
    3,
    2,
    2,
    3,
    3,
    2,
    1,
    3,
    1,
    2,
    1,
    2,
    1,
    3
  ],
  "policy_history": [
    3,
    3,
    3,
    2,
    1,
    2,
    2,
    1,
    3,
    2,
    1,
    2,
    1,
    1,
    3,
    1,
    3,
    2,
    2,
    3,
    3,
    2,
    1,
    3,
    1,
    2,
    1,
    2,
    1,
    3
  ],
  "framework": "activeinference_jl",
  "num_states": 3,
  "observations": [
    1,
    1,
    1,
    1,
    1,
    1,
    2,
    2,
    2,
    2,
    3,
    2,
    1,
    3,
    1,
    1,
    1,
    1,
    1,
    1,
    1,
    1,
    1,
    2,
    2,
    3,
    3,
    2,
    2,
    2
  ],
  "validation": {
    "beliefs_in_range": true,
    "actions_in_range": true,
    "all_valid": true,
    "beliefs_sum_to_one": true
  },
  "model_name": "Multi Armed Bandit Agent",
  "beliefs": [
    [
      0.22624680632922126,
      0.38687659683538944,
      0.38687659683538944
    ],
    [
      0.15755458435478786,
      0.42122270782260607,
      0.42122270782260607
    ],
    [
      0.11645045059250243,
      0.44177477470374876,
      0.44177477470374876
    ],
    [
      0.09287041932236194,
      0.45356479033881897,
      0.45356479033881897
    ],
    [
      0.07966962858965605,
      0.460165185705172,
      0.460165185705172
    ],
    [
      0.07238029861781192,
      0.463809850691094,
      0.463809850691094
    ],
    [
      0.10675052094879443,
      0.4680226664719821,
      0.42522681257922357
    ],
    [
      0.13466848624211056,
      0.4716325815946032,
      0.3936989321632862
    ],
    [
      0.1573288763683748,
      0.4747238976416418,
      0.3679472259899834
    ],
    [
      0.1757096509401775,
      0.4773696650523025,
      0.34692068400752013
    ],
    [
      0.28921186762666823,
      0.36387260886430406,
      0.3469155235090277
    ],
    [
      0.2855061875636865,
      0.38165120179713147,
      0.3328426106391821
    ],
    [
      0.19483700951857863,
      0.4261946072600867,
      0.3789683832213347
    ],
    [
      0.3077940426122243,
      0.32387805881098314,
      0.3683278985767926
    ],
    [
      0.20932270536080047,
      0.3736399696894321,
      0.4170373249497675
    ],
    [
      0.14722316150325243,
      0.40601669890588515,
      0.4467601395908624
    ],
    [
      0.1104542540680036,
      0.42609899527397316,
      0.4634467506580231
    ],
    [
      0.0894914183285378,
      0.43837298885323833,
      0.47213559281822404
    ],
    [
      0.07779695701539796,
      0.4459598567047578,
      0.47624318627984424
    ],
    [
      0.07135200976183952,
      0.4508015878515696,
      0.47784640238659093
    ],
    [
      0.06782396091093046,
      0.454040496184005,
      0.4781355429050645
    ],
    [
      0.06589977610754053,
      0.4563305971148296,
      0.47776962677762974
    ],
    [
      0.06485244512869934,
      0.4580426588402174,
      0.47710489603108325
    ],
    [
      0.10067322486368048,
      0.46307678328528606,
      0.4362499918510334
    ],
    [
      0.12977810153343863,
      0.46739425472652973,
      0.40282764374003166
    ],
    [
      0.23625955865312698,
      0.36276528109988393,
      0.4009751602469891
    ],
    [
      0.3488396405008043,
      0.2742753866984353,
      0.3768849728007604
    ],
    [
      0.33691325100024194,
      0.30299543145358127,
      0.36009131754617685
    ],
    [
      0.32627726917798944,
      0.3283355971286228,
      0.34538713369338775
    ],
    [
      0.3168418956569553,
      0.35059355705571316,
      0.3325645472873315
    ]
  ]
}