time,rewards_trace
1.0,3.0745623403432543
2.0,3.032415436262878
3.0,2.706893693415389
4.0,1.4175914292179195
