{
  "model_name": "pytorch_pomdp",
  "framework": "pytorch",
  "num_timesteps": 30,
  "num_states": 4,
  "num_observations": 4,
  "num_actions": 4,
  "beliefs": [
    [
      0.02499999999999999,
      0.02499999999999999,
      0.04999999999999998,
      0.8999999999999996
    ],
    [
      0.0007680491551459293,
      0.0007680491551459293,
      0.0030721966205837174,
      0.9953917050691242
    ],
    [
      2.142887755539365e-05,
      2.142887755539365e-05,
      0.0001714310204431492,
      0.9997857112244459
    ],
    [
      5.953678003660322e-07,
      5.953678003660322e-07,
      9.525884805856515e-06,
      0.9999892833795933
    ],
    [
      1.653816238854726e-08,
      1.653816238854726e-08,
      5.292211964335123e-07,
      0.9999994377024788
    ],
    [
      4.5939364406897674e-10,
      4.5939364406897674e-10,
      2.940119322041451e-08,
      0.9999999696800195
    ],
    [
      1.2760934923213483e-11,
      1.2760934923213483e-11,
      1.6333996701713258e-09,
      0.9999999983410783
    ],
    [
      3.544704150893289e-13,
      3.544704150893289e-13,
      9.07444262628682e-11,
      0.9999999999085465
    ],
    [
      9.84640041999868e-15,
      9.84640041999868e-15,
      5.041357015039324e-12,
      0.9999999999949388
    ],
    [
      2.7351112277904863e-16,
      2.7351112277904863e-16,
      2.800753897257458e-13,
      0.9999999999997192
    ],
    [
      7.59753118830892e-18,
      7.59753118830892e-18,
      1.555974387365667e-14,
      0.9999999999999843
    ],
    [
      2.1104253300858422e-19,
      2.1104253300858422e-19,
      8.64430215203161e-16,
      0.999999999999999
    ],
    [
      5.8622925835717886e-21,
      5.8622925835717886e-21,
      4.802390084462009e-17,
      0.9999999999999999
    ],
    [
      1.628414606547719e-22,
      1.628414606547719e-22,
      2.667994491367783e-18,
      0.9999999999999999
    ],
    [
      5.862292583571765e-21,
      3.2568292130954253e-22,
      2.6679944913677724e-18,
      0.999999999999996
    ],
    [
      1.1724585167143532e-20,
      1.1724585167143532e-20,
      2.6679944913677724e-18,
      0.999999999999996
    ],
    [
      4.220850660171672e-19,
      2.3449170334287064e-20,
      2.6679944913677724e-18,
      0.999999999999996
    ],
    [
      8.441701320343344e-19,
      8.441701320343344e-19,
      2.6679944913677724e-18,
      0.999999999999996
    ],
    [
      1.6883402640686687e-18,
      3.0390124753236033e-17,
      2.6679944913677724e-18,
      0.999999999999996
    ],
    [
      3.3766805281373336e-18,
      1.0940444911164958e-15,
      2.6679944913677693e-18,
      0.9999999999999949
    ],
    [
      6.7533610562744084e-18,
      3.938560168019234e-14,
      2.6679944913676673e-18,
      0.9999999999999566
    ],
    [
      1.3506722112530198e-17,
      1.4178816604849698e-12,
      2.6679944913639895e-18,
      0.9999999999985781
    ],
    [
      6.753361056269901e-18,
      7.08940830242989e-13,
      4.802390084458596e-17,
      0.9999999999992891
    ],
    [
      3.3766805281361446e-18,
      3.5447041512161984e-13,
      8.644302152028529e-16,
      0.9999999999996427
    ],
    [
      6.7533610561884896e-18,
      1.2760934944219969e-11,
      8.644302151921266e-16,
      0.9999999999872342
    ],
    [
      2.4312099801968314e-16,
      2.5521869888114248e-11,
      8.644302151810954e-16,
      0.9999999999744731
    ],
    [
      8.752355928485142e-15,
      5.104373977492533e-11,
      8.644302151590262e-16,
      0.9999999999489426
    ],
    [
      4.376177964354223e-15,
      2.552186988811382e-11,
      1.5559743873259456e-14,
      0.9999999999744562
    ],
    [
      2.1880889822044598e-15,
      1.2760934944216405e-11,
      2.8007538972217075e-13,
      0.9999999999869549
    ],
    [
      1.0940444911040025e-15,
      6.3804674721185405e-12,
      5.041357015007242e-12,
      0.9999999999885751
    ]
  ],
  "actions": [
    2,
    0,
    2,
    2,
    1,
    3,
    1,
    1,
    2,
    0,
    0,
    1,
    2,
    3,
    3,
    2,
    3,
    0,
    1,
    1,
    0,
    3,
    0,
    1,
    3,
    1,
    3,
    1,
    2,
    3
  ],
  "observations": [
    3,
    3,
    3,
    3,
    3,
    3,
    3,
    3,
    3,
    3,
    3,
    3,
    3,
    3,
    0,
    1,
    0,
    1,
    1,
    1,
    1,
    1,
    2,
    2,
    1,
    0,
    0,
    2,
    2,
    2
  ],
  "efe_history": [
    [
      0.4929652113879181,
      0.4850804874233191,
      0.5269150596144057,
      0.5883637446744112
    ],
    [
      0.48877468066447244,
      0.47661336483521544,
      0.4978519529526978,
      0.5344096455655019
    ],
    [
      0.48982359924405217,
      0.47647623370325193,
      0.4977723447595491,
      0.53224119035577
    ],
    [
      0.4898828883201959,
      0.47644216960349056,
      0.49779195290357536,
      0.5321436487026423
    ],
    [
      0.4898861050114465,
      0.4764394786496695,
      0.4977936323919624,
      0.5321388609642254
    ],
    [
      0.4898862812891662,
      0.4764393068594153,
      0.4977937418607804,
      0.5321386124910366
    ],
    [
      0.4898862910141142,
      0.47643929669600427,
      0.4977937483906919,
      0.5321385991733454
    ],
    [
      0.4898862915524903,
      0.47643929611416114,
      0.4977937487659155,
      0.5321385984469837
    ],
    [
      0.4898862915823475,
      0.4764392960813587,
      0.4977937487871073,
      0.5321385984070057
    ],
    [
      0.48988629158400454,
      0.4764392960795226,
      0.4977937487882941,
      0.5321385984047953
    ],
    [
      0.48988629158409663,
      0.47643929607942054,
      0.49779374878836036,
      0.5321385984046726
    ],
    [
      0.48988629158410185,
      0.47643929607941476,
      0.497793748788364,
      0.5321385984046658
    ],
    [
      0.48988629158410213,
      0.47643929607941454,
      0.49779374878836413,
      0.5321385984046654
    ],
    [
      0.48988629158410196,
      0.4764392960794145,
      0.49779374878836413,
      0.5321385984046654
    ],
    [
      0.4898862915840963,
      0.4764392960794088,
      0.4977937487883583,
      0.5321385984046594
    ],
    [
      0.4898862915840963,
      0.4764392960794088,
      0.4977937487883583,
      0.5321385984046594
    ],
    [
      0.4898862915840963,
      0.4764392960794088,
      0.49779374878835836,
      0.5321385984046594
    ],
    [
      0.4898862915840963,
      0.4764392960794088,
      0.49779374878835836,
      0.5321385984046594
    ],
    [
      0.4898862915840963,
      0.4764392960794088,
      0.4977937487883584,
      0.5321385984046595
    ],
    [
      0.48988629158409536,
      0.47643929607940777,
      0.4977937487883587,
      0.5321385984046599
    ],
    [
      0.4898862915840653,
      0.4764392960793729,
      0.4977937487883701,
      0.5321385984046758
    ],
    [
      0.48988629158298463,
      0.4764392960781211,
      0.49779374878878546,
      0.5321385984052508
    ],
    [
      0.4898862915835435,
      0.4764392960787681,
      0.4977937487885753,
      0.5321385984049585
    ],
    [
      0.48988629158382124,
      0.47643929607909025,
      0.49779374878846816,
      0.5321385984048108
    ],
    [
      0.48988629157409136,
      0.4764392960678206,
      0.49779374879220156,
      0.5321385984099809
    ],
    [
      0.4898862915640871,
      0.4764392960562322,
      0.4977937487960447,
      0.5321385984153022
    ],
    [
      0.48988629154408325,
      0.47643929603305146,
      0.49779374880373706,
      0.53213859842595
    ],
    [
      0.4898862915640875,
      0.4764392960562389,
      0.4977937487960471,
      0.5321385984153147
    ],
    [
      0.4898862915739987,
      0.4764392960679311,
      0.4977937487921358,
      0.5321385984101147
    ],
    [
      0.4898862915773446,
      0.4764392960755748,
      0.49779374878901705,
      0.5321385984096534
    ]
  ],
  "validation": {
    "beliefs_in_range": true,