{
    "num_observations": 4,
    "time_steps": 15,
    "efe_per_action": [
        [
            2.0867152113879195,
            1.9258304874233205,
            1.9761650596144067,
            1.6721137446744125
        ],
        [
            2.2979764147114956,
            2.1198480808949025,
            2.1476557818654176,
            1.7771926183544458
        ],
        [
            2.3330696554659243,
            2.154324489366872,
            2.1741328697379165,
            1.7928698718218556
        ],
        [
            2.3126115727658294,
            2.132976665428304,
            2.159742656628307,
            1.7844804290317031
        ],
        [
            2.3116575765444054,
            2.1320566164873673,
            2.159009686761993,
            1.7840456628916332
        ],
        [
            2.134733023264619,
            2.291543210237703,
            2.027292922524441,
            1.8621284575416353
        ],
        [
            2.5509037504253955,
            2.804041740900493,
            2.2987062227160706,
            2.0879357602252666
        ],
        [
            2.5763817022636006,
            2.8295822478965107,
            2.316483725464937,
            2.0986856159167466
        ],
        [
            2.5470637359740937,
            2.7981189582918686,
            2.294318677186437,
            2.0842823639475347
        ],
        [
            1.9442678651853884,
            1.8219328494577358,
            1.9102211595542935,
            1.6421439159109137
        ],
        [
            2.2846163759622775,
            2.1077703786639184,
            2.1398727402807105,
            1.7726424837389898
        ],
        [
            2.088498553667815,
            2.0315316613471164,
            1.7894683906185833,
            1.6729229210165804
        ],
        [
            2.1221853905289407,
            1.9222061976489255,
            1.9857362995736219,
            1.6896973358434255
        ],
        [
            2.2267763656666073,
            2.1680846022883515,
            1.8767687243080187,
            1.7362250111254078
        ],
        [
            2.466890345757552,
            2.382086440134587,
            2.0382221822560145,
            1.8357675506256477
        ]
    ],
    "num_actions": 4,
    "efe_history": [
        1.6721137446744125,
        2.1198480808949025,
        1.7928698718218556,
        1.7844804290317031,
        1.7840456628916332,
        2.291543210237703,
        2.5509037504253955,
        2.0986856159167466,
        2.0842823639475347,
        1.6421439159109137,
        1.7726424837389898,
        2.088498553667815,
        1.6896973358434255,
        1.8767687243080187,
        2.0382221822560145
    ],
    "actions": [
        4,
        2,
        4,
        4,
        4,
        2,
        1,
        4,
        4,
        4,
        4,
        1,
        4,
        3,
        3
    ],
    "true_states": [
        3,
        3,
        3,
        3,
        3,
        1,
        1,
        1,
        1,
        3,
        3,
        3,
        3,
        2,
        2
    ],
    "framework": "rxinfer",
    "num_states": 4,
    "observations": [
        3,
        3,
        3,
        3,
        3,
        1,
        1,
        1,
        1,
        3,
        3,
        2,
        3,
        2,
        2
    ],
    "action_probabilities": [
        [
            0.10298379502841895,
            0.19599919300276744,
            0.16025595457181394,
            0.5407610573969996
        ],
        [
            0.07756043995929887,
            0.1581542524537782,
            0.1415057049934192,
            0.6227796025935037
        ],
        [
            0.07347187931551824,
            0.15018733322644562,
            0.1387466879313019,
            0.6375940995267342
        ],
        [
            0.07596662598885554,
            0.1558406080218626,
            0.14001783070307636,
            0.6281749352862055
        ],
        [
            0.07607680126613171,
            0.15604543474885832,
            0.14009698491142936,
            0.6277807790735807
        ],
        [
            0.16538572687057987,
            0.0883264611825288,
            0.2541795449564885,
            0.49210826699040294
        ],
        [
            0.09544436552860518,
            0.03467404956162069,
            0.2617352845432222,
            0.608146300366552
        ],
        [
            0.09132711923333807,
            0.033169991452871875,
            0.25827881637017086,
            0.6172240729436193
        ],
        [
            0.0954052355996028,
            0.03494979377800842,
            0.26220160500147915,
            0.6074433656209096
        ],
        [
            0.1403394643893041,
            0.22892725657330693,
            0.1608144242580727,
            0.4699188547793164
        ],
        [
            0.07958959520308267,
            0.1614616026605654,
            0.14200438160575027,
            0.6169444205306017
        ],
        [
            0.09229676864751618,
            0.11591726465995648,
            0.30524959428213777,
            0.4865363724103896
        ],
        [
            0.0944133501134358,
            0.21010328756857494,
            0.16295577543871753,
            0.5325275868792718
        ],
        [
            0.0744327883278594,
            0.09412875711975119,
            0.30184906676612816,
            0.5295893877862613
        ],
        [
            0.04891591536432565,
            0.06867041277387352,
            0.27172090775932206,
            0.6106927641024786
        ]
    ],
    "validation": {
        "all_beliefs_valid": true,
        "actions_in_range": true,
        "beliefs_sum_to_one": true
    },
    "model_name": "Deep Planning Horizon POMDP",
    "preferences": [
        -1.0,
        -0.5,
        -0.5,
        2.0
    ],