{
    "num_observations": 3,
    "observations": [
        2,
        1,
        1,
        2,
        1,
        2,
        2,
        2,
        1,
        2,
        1,
        1,
        3,
        1,
        2,
        2,
        2,
        2,
        1,
        3,
        1,
        2,
        2,
        2,
        2,
        2,
        1,
        3,
        3,
        3
    ],
    "time_steps": 30,
    "true_states": [
        2,
        1,
        1,
        2,
        1,
        2,
        2,
        2,
        1,
        2,
        1,
        3,
        3,
        1,
        2,
        2,
        2,
        2,
        1,
        1,
        1,
        2,
        2,
        2,
        2,
        2,
        1,
        3,
        3,
        3
    ],
    "model_name": "Active Inference POMDP Agent",
    "framework": "rxinfer",
    "num_states": 3,
    "beliefs": [
        [
            5.013677436199211e-7,
            0.947367946657142,
            0.05263155197511436
        ],
        [
            0.9473679466562999,
            5.013676383663427e-7,
            0.05263155197606173
        ],
        [
            0.947367946639253,
            5.013675829737597e-7,
            0.052631551993164036
        ],
        [
            5.013675331042414e-7,
            0.9473679463323031,
            0.05263155230016371
        ],
        [
            0.05263155782526612,
            0.9473679408072008,
            5.01367533095718e-7
        ],
        [
            0.9473679405002011,
            0.05263155813221608,
            5.013675828032946e-7
        ],
        [
            0.9473679404830987,
            0.052631558149265775,
            5.013676354258219e-7
        ],
        [
            0.052631558150157604,
            0.9473679404821514,
            5.013676909633003e-7
        ],
        [
            0.05263155816720439,
            0.9473679404641544,
            5.013686412456853e-7
        ],
        [
            5.013696412441762e-7,
            0.9473679404623123,
            0.05263155816804649
        ],
        [
            0.05263155818504356,
            0.94736794042821,
            5.01386746498045e-7
        ],
        [
            0.052631558184990906,
            0.9473679404102626,
            5.014047464888765e-7
        ],
        [
            0.05263155816704355,
            0.9473679403941047,
            5.014388517365395e-7
        ],
        [
            5.014407464719932e-7,
            0.947367940394052,
            0.052631558165201466
        ],
        [
            5.014408517255759e-7,
            0.9473679403948941,
            0.0526315581642541
        ],
        [
            0.9473679403930522,
            5.014418517240667e-7,
            0.052631558165096196
        ],
        [
            5.014419072615423e-7,
            0.9473679403921047,
            0.05263155816598801
        ],
        [
            0.9473679403741078,
            5.014428575439259e-7,
            0.052631558183034804
        ],
        [
            0.9473679403570053,
            5.014429101664274e-7,
            0.05263155820008449
        ],
        [
            0.052631558507031516,
            5.014438575338364e-7,
            0.947367940049111
        ],
        [
            0.05263156403208131,
            5.014609101566058e-7,
            0.9473679345070085
        ],
        [
            0.052631564339025425,
            5.014779656943488e-7,
            0.9473679341830089
        ],
        [
            5.014789130617456e-7,
            0.05263156464597246,
            0.9473679338751144
        ],
        [
            0.9473679338571174,
            0.05263156466301926,
            5.014798633441276e-7
        ],
        [
            5.014808633426234e-7,
            0.05263156466386137,
            0.9473679338552752
        ],
        [
            0.9473679338552227,
            0.05263156466201927,
            5.014827580781913e-7
        ],
        [
            5.015007580725563e-7,
            0.052631564627916946,
            0.947367933871325
        ],
        [
            0.9473679338883221,
            0.05263156460991987,
            5.015017580632162e-7
        ],
        [
            5.015018134557679e-7,
            0.05263156459281753,
            0.947367933905369
        ],
        [
            0.05263156459187016,
            5.015019187093558e-7,
            0.9473679339062111
        ]
    ]
}