{
    "num_observations": 3,
    "observations": [
        2,
        1,
        1,
        2,
        1,
        2,
        2,
        2,
        1,
        2,
        1,
        1,
        3,
        1,
        2,
        2,
        2,
        2,
        1,
        3
    ],
    "time_steps": 20,
    "true_states": [
        2,
        1,
        1,
        2,
        1,
        2,
        2,
        2,
        1,
        2,
        1,
        3,
        3,
        1,
        2,
        2,
        2,
        2,
        1,
        1
    ],
    "model_name": "Active Inference POMDP Agent",
    "framework": "rxinfer",
    "num_states": 3,
    "beliefs": [
        [
            0.003076923076745214,
            0.996923076832666,
            9.058884514993864e-11
        ],
        [
            0.0030769230767482914,
            0.9969230768327213,
            9.053038361320245e-11
        ],
        [
            0.9969230768337706,
            0.0030769230757546158,
            9.0474828060908e-11
        ],
        [
            0.9969230768337737,
            0.0030769230757547866,
            9.047158022860158e-11
        ],
        [
            0.00307692307476095,
            0.9969230768347705,
            9.046849386747111e-11
        ],
        [
            9.046541697370323e-11,
            0.996923076852718,
            0.0030769230568165043
        ],
        [
            0.0030769230558226578,
            0.9969230768537121,
            9.046524656112453e-11
        ],
        [
            9.046524656112682e-11,
            0.9969230768537122,
            0.0030769230558226586
        ],
        [
            0.9969230768527181,
            9.046541697374452e-11,
            0.003076923056816505
        ],
        [
            0.9969230768347705,
            9.04684938682093e-11,
            0.00307692307476095
        ],
        [
            0.996923076584007,
            3.240061705958711e-10,
            0.0030769230919868258
        ],
        [
            0.003076923415708478,
            9.047172223915443e-11,
            0.9969230764938198
        ],
        [
            3.2405846978926925e-10,
            0.003076923432934203,
            0.9969230762430072
        ],
        [
            0.9969230704449088,
            0.003076923739038993,
            5.816052235882948e-9
        ],
        [
            3.250000167133644e-10,
            0.0030769295699929512,
            0.996923070105007
        ],
        [
            0.9969230700137616,
            0.003076929893714386,
            9.25240393534245e-11
        ],
        [
            0.9969230699948202,
            0.0030769299116586595,
            9.352113336222985e-11
        ],
        [
            9.452113336196602e-11,
            0.0030769299126494286,
            0.9969230699928294
        ],
        [
            9.557344117030253e-11,
            0.003076929912594043,
            0.9969230699918326
        ],
        [
            0.003076929912590966,
            9.563190271339872e-11,
            0.996923069991777
        ]
    ]
}