{
    "num_observations": 3,
    "time_steps": 15,
    "efe_per_action": [
        [
            1.1990840975349357,
            1.1990840975349357,
            1.1990840975349357
        ],
        [
            1.4327894567487478,
            1.4327894567487478,
            0.6748293340493614
        ],
        [
            0.6844802599506191,
            0.6844802599506191,
            1.449086876337318
        ],
        [
            0.6850275431793631,
            0.6850275431793631,
            1.4500056814559548
        ],
        [
            0.6850579828580426,
            0.6850579828580426,
            1.4500567682959995
        ],
        [
            0.6850596740596255,
            0.6850596740596255,
            1.450059606583889
        ],
        [
            0.6850597680156032,
            0.6850597680156032,
            1.4500597642669513
        ],
        [
            0.685059773235381,
            0.685059773235381,
            1.450059773027122
        ],
        [
            0.6850597735253687,
            0.6850597735253687,
            1.4500597735137986
        ],
        [
            0.685059773538667,
            0.685059773538667,
            1.4500597735361174
        ],
        [
            0.685059773538667,
            0.685059773538667,
            1.4500597735361174
        ],
        [
            0.6850597734747538,
            0.6850597734747538,
            1.4500597734288543
        ],
        [
            0.685059773538667,
            0.685059773538667,
            1.4500597735361174
        ],
        [
            0.685059773538667,
            0.685059773538667,
            1.4500597735361174
        ],
        [
            0.685059773538667,
            0.685059773538667,
            1.4500597735361174
        ]
    ],
    "num_actions": 3,
    "efe_history": [
        1.1990840975349357,
        0.6748293340493614,
        0.6844802599506191,
        0.6850275431793631,
        0.6850579828580426,
        0.6850596740596255,
        0.6850597680156032,
        0.685059773235381,
        0.6850597735253687,
        0.685059773538667,
        0.685059773538667,
        0.6850597734747538,
        0.685059773538667,
        0.685059773538667,
        0.685059773538667
    ],
    "actions": [
        2,
        3,
        1,
        2,
        2,
        1,
        1,
        2,
        1,
        2,
        2,
        1,
        2,
        1,
        1
    ],
    "true_states": [
        2,
        1,
        3,
        3,
        3,
        3,
        3,
        3,
        3,
        3,
        3,
        3,
        3,
        3,
        3
    ],
    "framework": "rxinfer",
    "num_states": 3,
    "observations": [
        2,
        1,
        3,
        3,
        3,
        3,
        3,
        3,
        3,
        3,
        3,
        1,
        3,
        3,
        3
    ],
    "action_probabilities": [
        [
            0.3333333333333333,
            0.3333333333333333,
            0.3333333333333333
        ],
        [
            0.043984347193266694,
            0.043984347193266694,
            0.9120313056134667
        ],
        [
            0.48852896550538855,
            0.48852896550538855,
            0.022942068989222932
        ],
        [
            0.48854560957160453,
            0.48854560957160453,
            0.022908780856791034
        ],
        [
            0.48854653386600866,
            0.48854653386600866,
            0.0229069322679827
        ],
        [
            0.48854658521453737,
            0.48854658521453737,
            0.022906829570925307
        ],
        [
            0.48854658806722984,
            0.48854658806722984,
            0.022906823865540375
        ],
        [
            0.4885465882257127,
            0.4885465882257127,
            0.022906823548574637
        ],
        [
            0.4885465882345173,
            0.4885465882345173,
            0.022906823530965407
        ],
        [
            0.48854658823492103,
            0.48854658823492103,
            0.022906823530157806
        ],
        [
            0.48854658823492103,
            0.48854658823492103,
            0.022906823530157806
        ],
        [
            0.48854658823298064,
            0.48854658823298064,
            0.022906823534038855
        ],
        [
            0.48854658823492103,
            0.48854658823492103,
            0.022906823530157806
        ],
        [
            0.48854658823492103,
            0.48854658823492103,
            0.022906823530157806
        ],
        [
            0.48854658823492103,
            0.48854658823492103,
            0.022906823530157806
        ]
    ],
    "validation": {
        "all_beliefs_valid": true,
        "actions_in_range": true,
        "beliefs_sum_to_one": true
    },
    "model_name": "Active Inference POMDP Agent",
    "preferences": [
        0.1,
        0.1,
        1.0
    ],
    "beliefs": [
        [
            0.05000000000000001,
            0.9,
            0.05000000000000001
        ],
        [
            0.9938650306748466,
            0.0030674846625766876,
            0.0030674846625766876
        ],
        [
            0.000171408981830648,
            0.000171408981830648,
            0.9996571820363387
        ],
        [
            9.525805406847153e-6,
            9.525805406847153e-6,
            0.9999809483891863
        ],
        [
            5.292209338632603e-7,
            5.292209338632603e-7,
            0.9999989415581323
        ],
        [
            2.9401192382997833e-8,
            2.9401192382997833e-8,
            0.9999999411976153
        ],
        [
            1.6333996675450201e-9,
            1.6333996675450201e-9,
            0.9999999967332006
        ],
        [
            9.07444262546981e-11,
            9.07444262546981e-11,
            0.9999999998185112
        ],
        [
            5.041357015014015e-12,
            5.041357015014015e-12,
            0.9999999999899173
        ],
        [
            1.111111111119845e-12,
            1.111111111119845e-12,
            0.9999999999977778
        ],
        [
            1.111111111111111e-12,
            1.111111111111111e-12,
            0.9999999999977778
        ],
        [
            1.999999999924444e-11,
            1.999999999924444e-11,
            0.9999999999600001
        ],
        [
            1.1111111111530864e-12,
            1.1111111111530864e-12,
            0.9999999999977778
        ],
        [
            1.111111111111111e-12,
            1.111111111111111e-12,
            0.9999999999977778
        ],
        [
            1.111111111111111e-12,
            1.111111111111111e-12,
            0.9999999999977778
        ]
    ]
}