{
  "model_name": "pytorch_pomdp",
  "framework": "pytorch",
  "num_timesteps": 10,
  "num_states": 3,
  "num_observations": 3,
  "num_actions": 2,
  "beliefs": [
    [
      0.9999999999999997,
      0.0,
      0.0
    ],
    [
      0.9999999999999999,
      0.0,
      0.0
    ],
    [
      0.9999999999999999,
      0.0,
      0.0
    ],
    [
      0.9999999999999999,
      0.0,
      0.0
    ],
    [
      0.9999999999999999,
      0.0,
      0.0
    ],
    [
      0.9999999999999999,
      0.0,
      0.0
    ],
    [
      0.9999999999999999,
      0.0,
      0.0
    ],
    [
      0.9999999999999999,
      0.0,
      0.0
    ],
    [
      0.9999999999999999,
      0.0,
      0.0
    ],
    [
      0.9999999999999999,
      0.0,
      0.0
    ]
  ],
  "actions": [
    0,
    0,
    1,
    1,
    0,
    1,
    1,
    1,
    1,
    0
  ],
  "observations": [
    0,
    0,
    0,
    0,
    0,
    0,
    0,
    0,
    0,
    0
  ],
  "efe_history": [
    [
      1.5514447139320497,
      1.5514447139320497
    ],
    [
      1.5514447139320502,
      1.5514447139320502
    ],
    [
      1.5514447139320502,
      1.5514447139320502
    ],
    [
      1.5514447139320502,
      1.5514447139320502
    ],
    [
      1.5514447139320502,
      1.5514447139320502
    ],
    [
      1.5514447139320502,
      1.5514447139320502
    ],
    [
      1.5514447139320502,
      1.5514447139320502
    ],
    [
      1.5514447139320502,
      1.5514447139320502
    ],
    [
      1.5514447139320502,
      1.5514447139320502
    ],
    [
      1.5514447139320502,
      1.5514447139320502
    ]
  ],
  "validation": {
    "beliefs_in_range": true,
    "beliefs_sum_to_one": true,
    "actions_in_range": true,
    "all_valid": true
  },
  "execution_time_seconds": 0.001,
  "torch_version": "2.11.0"
}