{
  "model_name": "pytorch_pomdp",
  "framework": "pytorch",
  "num_timesteps": 15,
  "num_states": 3,
  "num_observations": 3,
  "num_actions": 2,
  "beliefs": [
    [
      0.9999999999999997,
      0.0,
      0.0
    ],
    [
      0.9999999999999999,
      0.0,
      0.0
    ],
    [
      0.9999999999999999,
      0.0,
      0.0
    ],
    [
      0.9999999999999999,
      0.0,
      0.0
    ],
    [
      0.9999999999999999,
      0.0,
      0.0
    ],
    [
      0.9999999999999999,
      0.0,
      0.0
    ],
    [
      0.9999999999999999,
      0.0,
      0.0
    ],
    [
      0.9999999999999999,
      0.0,
      0.0
    ],
    [
      0.9999999999999999,
      0.0,
      0.0
    ],
    [
      0.9999999999999999,
      0.0,
      0.0
    ],
    [
      0.9999999999999999,
      0.0,
      0.0
    ],
    [
      0.9999999999999999,
      0.0,
      0.0
    ],
    [
      0.9999999999999999,
      0.0,
      0.0
    ],
    [
      0.9999999999999999,
      0.0,
      0.0
    ],
    [
      0.9999999999999999,
      0.0,
      0.0
    ]
  ],
  "actions": [
    0,
    1,
    1,
    0,
    1,
    1,
    1,
    0,
    1,
    1,
    1,
    1,
    1,
    0,
    1
  ],
  "observations": [
    0,
    0,
    0,
    0,
    0,
    0,
    0,
    0,
    0,
    0,
    0,
    0,
    0,
    0,
    0
  ],
  "efe_history": [
    [
      1.4950597735424256,
      1.4950597735424256
    ],
    [
      1.495059773542426,
      1.495059773542426
    ],
    [
      1.495059773542426,
      1.495059773542426
    ],
    [
      1.495059773542426,
      1.495059773542426
    ],
    [
      1.495059773542426,
      1.495059773542426
    ],
    [
      1.495059773542426,
      1.495059773542426
    ],
    [
      1.495059773542426,
      1.495059773542426
    ],
    [
      1.495059773542426,
      1.495059773542426
    ],
    [
      1.495059773542426,
      1.495059773542426
    ],
    [
      1.495059773542426,
      1.495059773542426
    ],
    [
      1.495059773542426,
      1.495059773542426
    ],
    [
      1.495059773542426,
      1.495059773542426
    ],
    [
      1.495059773542426,
      1.495059773542426
    ],
    [
      1.495059773542426,
      1.495059773542426
    ],
    [
      1.495059773542426,
      1.495059773542426
    ]
  ],
  "validation": {
    "beliefs_in_range": true,
    "beliefs_sum_to_one": true,
    "actions_in_range": true,
    "all_valid": true
  },
  "execution_time_seconds": 0.0021,
  "torch_version": "2.9.1"
}