{
  "success": true,
  "framework": "PyMDP",
  "model_name": "Deep Planning Horizon POMDP",
  "num_timesteps": 15,
  "simulation_trace": {
    "observations": [
      3,
      2,
      2,
      0,
      1,
      1,
      0,
      0,
      3,
      0,
      0,
      3,
      2,
      2,
      1
    ],
    "true_states": [
      2,
      2,
      2,
      0,
      1,
      1,
      0,
      0,
      0,
      0,
      0,
      3,
      2,
      2,
      2
    ],
    "beliefs": [
      [
        0.025000000000000095,
        0.025000000000000095,
        0.050000000000000065,
        0.8999999999999998
      ],
      [
        0.003824091778202717,
        0.004206500956022985,
        0.7434034416826002,
        0.2485659655831741
      ],
      [
        0.005024134628026244,
        0.0050354037150423785,
        0.965467761020228,
        0.02447270063670348
      ],
      [
        0.787617967502972,
        0.04375942575267213,
        0.14426603103932698,
        0.024356575705028822
      ],
      [
        0.19112709385869908,
        0.7586062578914111,
        0.03113728376749066,
        0.019129364482399283
      ],
      [
        0.020796514142562433,
        0.968055244437061,
        0.005748608704940012,
        0.00539963271543635
      ],
      [
        0.7208120155535044,
        0.24239461741075213,
        0.018415320220977836,
        0.018378046814765483
      ],
      [
        0.9641418356809555,
        0.02468873683251462,
        0.005585276148797275,
        0.005584151337732711
      ],
      [
        0.14372801442470431,
        0.024321653168752642,
        0.04378713048277669,
        0.7881632019237664
      ],
      [
        0.8413711023203811,
        0.009316903498727954,
        0.020966195511804734,
        0.1283457986690862
      ],
      [
        0.9775182336512441,
        0.009480858861104356,
        0.0050542237617615445,
        0.007946683725889983
      ],
      [
        0.14392525726624494,
        0.022157326076714393,
        0.04320101292375582,
        0.7907164037332849
      ],
      [
        0.022504268676377358,
        0.0041441978165666915,
        0.7253192193784226,
        0.24803231412863333
      ],
      [
        0.005680660172500053,
        0.005129321125048226,
        0.9642838249522514,
        0.02490619375020013
      ],
      [
        0.04389966939374148,
        0.7876662185586331,
        0.14403574918539774,
        0.024398362862227588
      ]
    ],
    "actions": [
      1,
      3,
      3,
      3,
      3,
      3,
      3,
      3,
      1,
      3,
      3,
      1,
      3,
      3,
      3
    ],
    "efe_history": [
      [
        -0.49296476124786054,
        -0.4850800372832618,
        -0.5269146094743482,
        -0.5883632945343542
      ],
      [
        -1.4794656306619622,
        -1.585810436914075,
        -1.3945948503085033,
        -1.3446230651607864
      ],
      [
        -2.0777491526245453,
        -2.24766663721477,
        -1.9233785666426424,
        -1.749570842695806
      ],
      [
        -2.289273188691279,
        -2.1320637469342976,
        -2.1771957028329436,
        -1.8600254201430793
      ],
      [
        -2.1138325476660014,
        -2.1501203035316427,
        -1.8006665047186985,
        -1.7173008315298912
      ],
      [
        -2.353279981010154,
        -2.436686930184332,
        -1.9437345302416293,
        -1.8237823405802764
      ],
      [
        -2.348206825737957,
        -2.168241180417163,
        -2.113452597566671,
        -1.8442340579061052
      ],
      [
        -2.7538371665528807,
        -2.5039881207552206,
        -2.496178764008681,
        -2.0611387298555357
      ],
      [
        -0.6207453722668592,
        -0.5569304772158867,
        -0.6517841285856768,
        -0.6924271808992587
      ],
      [
        -2.2397279367414353,
        -2.0664183297867162,
        -2.0722626618409627,
        -1.7771707679192765
      ],
      [
        -2.772252365800376,
        -2.525626456295911,
        -2.5147779483431782,
        -2.0715404892799736
      ],
      [
        -0.6209035293055277,
        -0.5567624008808509,
        -0.6507594176949005,
        -0.6910002472886585
      ],
      [
        -1.4536530195045119,
        -1.5512597663274805,
        -1.3858672556960903,
        -1.3369966769124007
      ],
      [
        -2.074868251567131,
        -2.244425711846107,
        -1.921575655536321,
        -1.748236027750158
      ],
      [
        -2.027183329989106,
        -2.0837285708360755,
        -1.7324318869028474,
        -1.67033521713401
      ]
    ],
    "belief_confidence": [
      0.8999999999999998,
      0.7434034416826002,
      0.965467761020228,
      0.787617967502972,
      0.7586062578914111,
      0.968055244437061,
      0.7208120155535044,
      0.9641418356809555,
      0.7881632019237664,
      0.8413711023203811,
      0.9775182336512441,
      0.7907164037332849,
      0.7253192193784226,
      0.9642838249522514,
      0.7876662185586331
    ]
  },
  "observations": [
    3,
    2,
    2,
    0,
    1,
    1,
    0,
    0,
    3,
    0,
    0,
    3,
    2,
    2,
    1
  ],
  "true_states": [
    2,
    2,
    2,
    0,
    1,
    1,
    0,
    0,
    0,
    0,
    0,
    3,
    2,
    2,
    2
  ],
  "beliefs": [
    [
      0.025000000000000095,
      0.025000000000000095,
      0.050000000000000065,
      0.8999999999999998
    ],
    [
      0.003824091778202717,
      0.004206500956022985,
      0.7434034416826002,
      0.2485659655831741
    ],
    [
      0.005024134628026244,
      0.0050354037150423785,
      0.965467761020228,
      0.02447270063670348
    ],
    [
      0.787617967502972,
      0.04375942575267213,
      0.14426603103932698,
      0.024356575705028822
    ],
    [
      0.19112709385869908,
      0.7586062578914111,
      0.03113728376749066,
      0.019129364482399283
    ],
    [
      0.020796514142562433,
      0.968055244437061,
      0.005748608704940012,
      0.00539963271543635
    ],
    [
      0.7208120155535044,
      0.24239461741075213,
      0.018415320220977836,
      0.018378046814765483
    ],
    [
      0.9641418356809555,
      0.02468873683251462,
      0.005585276148797275,
      0.005584151337732711
    ],
    [
      0.14372801442470431,
      0.024321653168752642,
      0.04378713048277669,
      0.7881632019237664
    ],
    [
      0.8413711023203811,
      0.009316903498727954,
      0.020966195511804734,
      0.1283457986690862
    ],
    [
      0.9775182336512441,
      0.009480858861104356,
      0.0050542237617615445,
      0.007946683725889983
    ],
    [
      0.14392525726624494,
      0.022157326076714393,
      0.04320101292375582,
      0.7907164037332849
    ],
    [
      0.022504268676377358,
      0.0041441978165666915,
      0.7253192193784226,
      0.24803231412863333
    ],
    [
      0.005680660172500053,
      0.005129321125048226,
      0.9642838249522514,
      0.02490619375020013
    ],
    [
      0.04389966939374148,
      0.7876662185586331,
      0.14403574918539774,
      0.024398362862227588
    ]
  ],
  "actions": [
    1,
    3,
    3,
    3,
    3,
    3,
    3,
    3,
    1,
    3,
    3,
    1,
    3,
    3,
    3
  ],
  "model_parameters": {
    "A_shape": [
      4,
      4
    ],
    "B_shape": [
      4,
      4,
      4
    ],
    "C_shape": [
      4
    ],
    "D_shape": [
      4
    ],
    "num_states": 4,
    "num_observations": 4,
    "num_actions": 4
  },