{
  "success": true,
  "framework": "PyMDP",
  "model_name": "Deep Planning Horizon POMDP",
  "num_timesteps": 15,
  "simulation_trace": {
    "observations": [
      1,
      1,
      0,
      0,
      0,
      0,
      0,
      3,
      2,
      2,
      2,
      2,
      2,
      2,
      2
    ],
    "true_states": [
      1,
      1,
      0,
      0,
      0,
      0,
      0,
      2,
      2,
      2,
      2,
      2,
      2,
      2,
      2
    ],
    "beliefs": [
      [
        0.050000000000000065,
        0.8999999999999998,
        0.025000000000000095,
        0.025000000000000095
      ],
      [
        0.011049723756906106,
        0.9791755206119847,
        0.004887377815554634,
        0.004887377815554634
      ],
      [
        0.7083013127146687,
        0.253713084801054,
        0.018992801242138684,
        0.018992801242138684
      ],
      [
        0.9629457616088363,
        0.02570271201545017,
        0.005675763187856782,
        0.005675763187856782
      ],
      [
        0.982379144412762,
        0.009294223443888755,
        0.0041633160716747055,
        0.0041633160716747055
      ],
      [
        0.9835094049481771,
        0.008367289946052925,
        0.004061652552885039,
        0.004061652552885039
      ],
      [
        0.9835734049129192,
        0.008315574406854978,
        0.004055510340112791,
        0.004055510340112788
      ],
      [
        0.14722761898159664,
        0.022397253715861196,
        0.04370395406855493,
        0.7866711732339872
      ],
      [
        0.02302243756639343,
        0.004190837085284334,
        0.7258167509359701,
        0.24696997441235216
      ],
      [
        0.0056934248291546944,
        0.005128203636375283,
        0.9643481723294175,
        0.02483019920505252
      ],
      [
        0.00415889900331782,
        0.004145260707846381,
        0.9824545348601753,
        0.0092413054286605
      ],
      [
        0.004061297849307052,
        0.004060973605217184,
        0.9835134691801429,
        0.008364259365332735
      ],
      [
        0.004055488502930692,
        0.004055480800805371,
        0.9835736277663161,
        0.008315402929947901
      ],
      [
        0.0040551523930558685,
        0.004055152210107781,
        0.9835770196628443,
        0.008312675733992166
      ],
      [
        0.004055133237228477,
        0.004055133232882936,
        0.9835772102554139,
        0.0083125232744746
      ]
    ],
    "actions": [
      3,
      3,
      3,
      3,
      3,
      3,
      3,
      1,
      3,
      3,
      3,
      3,
      3,
      3,
      3
    ],
    "efe_history": [
      [
        -2.198464761247859,
        -2.267080037283261,
        -1.8449146094743472,
        -1.7508632945343534
      ],
      [
        -2.371038013020225,
        -2.4543036443545025,
        -1.9559957482149457,
        -1.830740829497854
      ],
      [
        -2.331937720914448,
        -2.15694931716715,
        -2.097518485645576,
        -1.8355398289981562
      ],
      [
        -2.7512691498357493,
        -2.5015320995739527,
        -2.493863395074378,
        -2.0597887000849644
      ],
      [
        -2.793771937687319,
        -2.542853105042962,
        -2.532051776035944,
        -2.0820772585209983
      ],
      [
        -2.796349049224423,
        -2.54538504183289,
        -2.5343383669249295,
        -2.083415655958523
      ],
      [
        -2.7964968739221137,
        -2.54552973114677,
        -2.5344688391474417,
        -2.0834921085509084
      ],
      [
        -0.6253178432381221,
        -0.560537857903845,
        -0.6551469255056743,
        -0.6948889974474513
      ],
      [
        -1.455335738255132,
        -1.5529114712711465,
        -1.3877551498459857,
        -1.3384568338986202
      ],
      [
        -2.075077132659634,
        -2.244674242526091,
        -1.9217726341931087,
        -1.7483835949341084
      ],
      [
        -2.1286798430679585,
        -2.307687102004125,
        -1.9670079337577744,
        -1.7819666389979767
      ],
      [
        -2.131820938077086,
        -2.3113850495270696,
        -1.9696476698954974,
        -1.7839049263047089
      ],
      [
        -2.1319986104997235,
        -2.311593436074636,
        -1.9697966885561353,
        -1.7840138473951164
      ],
      [
        -2.132008602875585,
        -2.311605131188621,
        -1.969805059932409,
        -1.784019953045887
      ],
      [
        -2.1320091636195424,
        -2.3116057867946234,
        -1.9698055294084904,
        -1.784020295099154
      ]
    ],
    "belief_confidence": [
      0.8999999999999998,
      0.9791755206119847,
      0.7083013127146687,
      0.9629457616088363,
      0.982379144412762,
      0.9835094049481771,
      0.9835734049129192,
      0.7866711732339872,
      0.7258167509359701,
      0.9643481723294175,
      0.9824545348601753,
      0.9835134691801429,
      0.9835736277663161,
      0.9835770196628443,
      0.9835772102554139
    ]
  },
  "observations": [
    1,
    1,
    0,
    0,
    0,
    0,
    0,
    3,
    2,
    2,
    2,
    2,
    2,
    2,
    2
  ],
  "true_states": [
    1,
    1,
    0,
    0,
    0,
    0,
    0,
    2,
    2,
    2,
    2,
    2,
    2,
    2,
    2
  ],
  "beliefs": [
    [
      0.050000000000000065,
      0.8999999999999998,
      0.025000000000000095,
      0.025000000000000095
    ],
    [
      0.011049723756906106,
      0.9791755206119847,
      0.004887377815554634,
      0.004887377815554634
    ],
    [
      0.7083013127146687,
      0.253713084801054,
      0.018992801242138684,
      0.018992801242138684
    ],
    [
      0.9629457616088363,
      0.02570271201545017,
      0.005675763187856782,
      0.005675763187856782
    ],
    [
      0.982379144412762,
      0.009294223443888755,
      0.0041633160716747055,
      0.0041633160716747055
    ],
    [
      0.9835094049481771,
      0.008367289946052925,
      0.004061652552885039,
      0.004061652552885039
    ],
    [
      0.9835734049129192,
      0.008315574406854978,
      0.004055510340112791,
      0.004055510340112788
    ],
    [
      0.14722761898159664,
      0.022397253715861196,
      0.04370395406855493,
      0.7866711732339872
    ],
    [
      0.02302243756639343,
      0.004190837085284334,
      0.7258167509359701,
      0.24696997441235216
    ],
    [
      0.0056934248291546944,
      0.005128203636375283,
      0.9643481723294175,
      0.02483019920505252
    ],
    [
      0.00415889900331782,
      0.004145260707846381,
      0.9824545348601753,
      0.0092413054286605
    ],
    [
      0.004061297849307052,
      0.004060973605217184,
      0.9835134691801429,
      0.008364259365332735
    ],
    [
      0.004055488502930692,
      0.004055480800805371,
      0.9835736277663161,
      0.008315402929947901
    ],
    [
      0.0040551523930558685,
      0.004055152210107781,
      0.9835770196628443,
      0.008312675733992166
    ],
    [
      0.004055133237228477,
      0.004055133232882936,
      0.9835772102554139,
      0.0083125232744746
    ]
  ],
  "actions": [
    3,
    3,
    3,
    3,
    3,
    3,
    3,
    1,
    3,
    3,
    3,
    3,
    3,
    3,
    3
  ],
  "model_parameters": {
    "A_shape": [
      4,
      4
    ],
    "B_shape": [
      4,
      4,
      4
    ],
    "C_shape": [
      4
    ],
    "D_shape": [
      4
    ],
    "num_states": 4,
    "num_observations": 4,
    "num_actions": 4
  },