{
  "success": true,
  "framework": "PyMDP",
  "model_name": "Deep Planning Horizon POMDP",
  "num_timesteps": 15,
  "simulation_trace": {
    "observations": [
      3,
      3,
      2,
      2,
      3,
      0,
      1,
      1,
      2,
      2,
      2,
      3,
      3,
      3,
      3
    ],
    "true_states": [
      3,
      3,
      2,
      2,
      0,
      0,
      1,
      1,
      2,
      2,
      2,
      3,
      3,
      3,
      3
    ],
    "beliefs": [
      [
        0.025000000000000095,
        0.025000000000000095,
        0.050000000000000065,
        0.8999999999999998
      ],
      [
        0.0008453799983092494,
        0.0009299179981401734,
        0.00913010398173982,
        0.9890945980218108
      ],
      [
        0.0001513970500060156,
        0.00031028900347765555,
        0.6838230003597551,
        0.3157153135867612
      ],
      [
        0.005226754178187753,
        0.005231732590975825,
        0.9593134674832932,
        0.030228045747543206
      ],
      [
        0.01775032012136323,
        0.017750834209803893,
        0.23254534970825233,
        0.7319534959605806
      ],
      [
        0.775636078543664,
        0.00857790306884646,
        0.050997830232138726,
        0.16478818815535085
      ],
      [
        0.21556753365156103,
        0.7216223424617787,
        0.02489719943960801,
        0.03791292444705242
      ],
      [
        0.023068530349079353,
        0.9649774799793261,
        0.005780614156687814,
        0.0061733755149068386
      ],
      [
        0.024092864141043124,
        0.1436978963839055,
        0.7883142561518758,
        0.043894983323175596
      ],
      [
        0.0054037138155587465,
        0.00879180856712637,
        0.9738751664866026,
        0.01192931113071249
      ],
      [
        0.004120042286101481,
        0.004201166612128173,
        0.9831262095523986,
        0.008552581549371902
      ],
      [
        0.019084162069652924,
        0.01909322711807022,
        0.2569618412445122,
        0.7048607695677646
      ],
      [
        0.0036021968762271735,
        0.0007845410403401885,
        0.01916323792843125,
        0.9764500241550013
      ],
      [
        0.0001041355171083214,
        8.224416447219279e-05,
        0.007206491017078828,
        0.9926071293013408
      ],
      [
        3.149094613145367e-06,
        2.454709376285639e-05,
        0.006532961743156133,
        0.9934393420684677
      ]
    ],
    "actions": [
      1,
      1,
      3,
      3,
      0,
      3,
      3,
      3,
      3,
      3,
      3,
      0,
      1,
      1,
      1
    ],
    "efe_history": [
      [
        -0.49296476124786054,
        -0.4850800372832618,
        -0.5269146094743482,
        -0.5883632945343542
      ],
      [
        -0.48706122534923757,
        -0.47896834761508733,
        -0.4968323434927564,
        -0.5374208946737516
      ],
      [
        -1.3402178542370016,
        -1.438723370379733,
        -1.266373275204732,
        -1.2433636317024788
      ],
      [
        -2.059341622609743,
        -2.2261007557301653,
        -1.9074760857178799,
        -1.7376605531201101
      ],
      [
        -0.6084378019229103,
        -0.657979391813234,
        -0.629864043304429,
        -0.7178226177076673
      ],
      [
        -2.0385943397863118,
        -1.8914337472148715,
        -1.9187685856816987,
        -1.6702195441363188
      ],
      [
        -2.0446793595892943,
        -2.072172260436874,
        -1.7599505886384263,
        -1.680287587200788
      ],
      [
        -2.3466861712849703,
        -2.429975073487171,
        -1.939495584367817,
        -1.8209124931228424
      ],
      [
        -1.798784211602234,
        -1.975481237883326,
        -1.68015667806768,
        -1.6109652935911973
      ],
      [
        -2.107575448438352,
        -2.2874877857402223,
        -1.9496426353789362,
        -1.7718361875807433
      ],
      [
        -2.130793698361976,
        -2.3103121580515538,
        -1.9688076689503597,
        -1.7833637465417886
      ],
      [
        -0.6356183479443702,
        -0.6883235142312777,
        -0.6558571679842982,
        -0.7425442595662581
      ],
      [
        -0.48713060354560717,
        -0.4824815901622724,
        -0.4977277517287936,
        -0.5442261023644313
      ],
      [
        -0.4877085163958169,
        -0.47922891842237786,
        -0.49635582168285625,
        -0.5356350535888392
      ],
      [
        -0.48786625613245027,
        -0.4790461722594314,
        -0.4963870630865541,
        -0.5352204310032365
      ]
    ],
    "belief_confidence": [
      0.8999999999999998,
      0.9890945980218108,
      0.6838230003597551,
      0.9593134674832932,
      0.7319534959605806,
      0.775636078543664,
      0.7216223424617787,
      0.9649774799793261,
      0.7883142561518758,
      0.9738751664866026,
      0.9831262095523986,
      0.7048607695677646,
      0.9764500241550013,
      0.9926071293013408,
      0.9934393420684677
    ]
  },
  "observations": [
    3,
    3,
    2,
    2,
    3,
    0,
    1,
    1,
    2,
    2,
    2,
    3,
    3,
    3,
    3
  ],
  "true_states": [
    3,
    3,
    2,
    2,
    0,
    0,
    1,
    1,
    2,
    2,
    2,
    3,
    3,
    3,
    3
  ],
  "beliefs": [
    [
      0.025000000000000095,
      0.025000000000000095,
      0.050000000000000065,
      0.8999999999999998
    ],
    [
      0.0008453799983092494,
      0.0009299179981401734,
      0.00913010398173982,
      0.9890945980218108
    ],
    [
      0.0001513970500060156,
      0.00031028900347765555,
      0.6838230003597551,
      0.3157153135867612
    ],
    [
      0.005226754178187753,
      0.005231732590975825,
      0.9593134674832932,
      0.030228045747543206
    ],
    [
      0.01775032012136323,
      0.017750834209803893,
      0.23254534970825233,
      0.7319534959605806
    ],
    [
      0.775636078543664,
      0.00857790306884646,
      0.050997830232138726,
      0.16478818815535085
    ],
    [
      0.21556753365156103,
      0.7216223424617787,
      0.02489719943960801,
      0.03791292444705242
    ],
    [
      0.023068530349079353,
      0.9649774799793261,
      0.005780614156687814,
      0.0061733755149068386
    ],
    [
      0.024092864141043124,
      0.1436978963839055,
      0.7883142561518758,
      0.043894983323175596
    ],
    [
      0.0054037138155587465,
      0.00879180856712637,
      0.9738751664866026,
      0.01192931113071249
    ],
    [
      0.004120042286101481,
      0.004201166612128173,
      0.9831262095523986,
      0.008552581549371902
    ],
    [
      0.019084162069652924,
      0.01909322711807022,
      0.2569618412445122,
      0.7048607695677646
    ],
    [
      0.0036021968762271735,
      0.0007845410403401885,
      0.01916323792843125,
      0.9764500241550013
    ],
    [
      0.0001041355171083214,
      8.224416447219279e-05,
      0.007206491017078828,
      0.9926071293013408
    ],
    [
      3.149094613145367e-06,
      2.454709376285639e-05,
      0.006532961743156133,
      0.9934393420684677
    ]
  ],
  "actions": [
    1,
    1,
    3,
    3,
    0,
    3,
    3,
    3,
    3,
    3,
    3,
    0,
    1,
    1,
    1
  ],
  "model_parameters": {
    "A_shape": [
      4,
      4
    ],
    "B_shape": [
      4,
      4,
      4
    ],
    "C_shape": [
      4
    ],
    "D_shape": [
      4
    ],
    "num_states": 4,
    "num_observations": 4,
    "num_actions": 4
  },