{
  "success": true,
  "framework": "PyMDP",
  "model_name": "Deep Planning Horizon POMDP",
  "num_timesteps": 15,
  "simulation_trace": {
    "observations": [
      1,
      1,
      1,
      1,
      1,
      1,
      1,
      1,
      3,
      3,
      0,
      3,
      2,
      2,
      2
    ],
    "true_states": [
      1,
      1,
      1,
      1,
      1,
      1,
      1,
      1,
      3,
      3,
      3,
      3,
      2,
      2,
      2
    ],
    "beliefs": [
      [
        0.050000000000000065,
        0.8999999999999998,
        0.025000000000000095,
        0.025000000000000095
      ],
      [
        0.011049723756906106,
        0.9791755206119847,
        0.004887377815554634,
        0.004887377815554634
      ],
      [
        0.00847300222547172,
        0.983347798336468,
        0.004089599719030001,
        0.004089599719030001
      ],
      [
        0.00832169382148648,
        0.9835648880365784,
        0.004056709070967471,
        0.004056709070967471
      ],
      [
        0.008313033746912224,
        0.9835765457660647,
        0.004055210243511634,
        0.004055210243511638
      ],
      [
        0.00831254348638362,
        0.9835771841646603,
        0.004055136174478112,
        0.004055136174478112
      ],
      [
        0.00831251588125723,
        0.9835772194984337,
        0.004055132310154462,
        0.004055132310154462
      ],
      [
        0.008312514331127965,
        0.9835772214650597,
        0.00405513210190618,
        0.00405513210190618
      ],
      [
        0.022396901069661686,
        0.14722836409203435,
        0.043703933412542396,
        0.7866708014257616
      ],
      [
        0.0013427528917099962,
        0.0052692170053825526,
        0.009085175391326455,
        0.9843028547115811
      ],
      [
        0.05858493356495132,
        0.010598025047073214,
        0.09996995890042892,
        0.8308470824875466
      ],
      [
        0.0019523287308324756,
        0.0007090877942910463,
        0.012563266986020295,
        0.9847753164888562
      ],
      [
        0.00031908199327926144,
        0.00033068989379815225,
        0.6898718456547295,
        0.30947838245819304
      ],
      [
        0.005198540501792915,
        0.005198901874793144,
        0.9599562034588507,
        0.029646354164563304
      ],
      [
        0.004161911180491157,
        0.004161919931548774,
        0.9821682833800732,
        0.009507885507886895
      ]
    ],
    "actions": [
      3,
      3,
      3,
      3,
      3,
      3,
      3,
      3,
      1,
      1,
      1,
      1,
      3,
      3,
      3
    ],
    "efe_history": [
      [
        -2.198464761247859,
        -2.267080037283261,
        -1.8449146094743472,
        -1.7508632945343534
      ],
      [
        -2.371038013020225,
        -2.4543036443545025,
        -1.9559957482149457,
        -1.830740829497854
      ],
      [
        -2.380003754504301,
        -2.4637166280692306,
        -1.961898878866498,
        -1.8346101890914004
      ],
      [
        -2.380443182214242,
        -2.4641677318397446,
        -1.96219241876793,
        -1.8347943257497747
      ],
      [
        -2.380465862203041,
        -2.464190698769328,
        -1.9622077001484632,
        -1.8348036630597973
      ],
      [
        -2.3804670764880784,
        -2.4641919186764616,
        -1.9622085223634649,
        -1.8348041578368264
      ],
      [
        -2.380467142881165,
        -2.464191985084711,
        -1.9622085674410275,
        -1.8348041847352898
      ],
      [
        -2.380467146552837,
        -2.464191988748628,
        -1.962208569937483,
        -1.8348041862182913
      ],
      [
        -0.5302202638429147,
        -0.5201361316660954,
        -0.6011797562505544,
        -0.6630575326494832
      ],
      [
        -0.48436824453191535,
        -0.47525773738843974,
        -0.49859994457323065,
        -0.5396016720815898
      ],
      [
        -0.5428922977695888,
        -0.5350101417511468,
        -0.5707748486137195,
        -0.6409289427913168
      ],
      [
        -0.48719103150513104,
        -0.4801763196923927,
        -0.49708861767183365,
        -0.5397577358906259
      ],
      [
        -1.3537012650200078,
        -1.4527216707724377,
        -1.2785023111554157,
        -1.2528344479111961
      ],
      [
        -2.061239965075014,
        -2.228304306215695,
        -1.9091087696948816,
        -1.7388761032011886
      ],
      [
        -2.1278024173269277,
        -2.306641793002225,
        -1.9662431816862789,
        -1.7814010193116547
      ]
    ],
    "belief_confidence": [
      0.8999999999999998,
      0.9791755206119847,
      0.983347798336468,
      0.9835648880365784,
      0.9835765457660647,
      0.9835771841646603,
      0.9835772194984337,
      0.9835772214650597,
      0.7866708014257616,
      0.9843028547115811,
      0.8308470824875466,
      0.9847753164888562,
      0.6898718456547295,
      0.9599562034588507,
      0.9821682833800732
    ]
  },
  "observations": [
    1,
    1,
    1,
    1,
    1,
    1,
    1,
    1,
    3,
    3,
    0,
    3,
    2,
    2,
    2
  ],
  "true_states": [
    1,
    1,
    1,
    1,
    1,
    1,
    1,
    1,
    3,
    3,
    3,
    3,
    2,
    2,
    2
  ],
  "beliefs": [
    [
      0.050000000000000065,
      0.8999999999999998,
      0.025000000000000095,
      0.025000000000000095
    ],
    [
      0.011049723756906106,
      0.9791755206119847,
      0.004887377815554634,
      0.004887377815554634
    ],
    [
      0.00847300222547172,
      0.983347798336468,
      0.004089599719030001,
      0.004089599719030001
    ],
    [
      0.00832169382148648,
      0.9835648880365784,
      0.004056709070967471,
      0.004056709070967471
    ],
    [
      0.008313033746912224,
      0.9835765457660647,
      0.004055210243511634,
      0.004055210243511638
    ],
    [
      0.00831254348638362,
      0.9835771841646603,
      0.004055136174478112,
      0.004055136174478112
    ],
    [
      0.00831251588125723,
      0.9835772194984337,
      0.004055132310154462,
      0.004055132310154462
    ],
    [
      0.008312514331127965,
      0.9835772214650597,
      0.00405513210190618,
      0.00405513210190618
    ],
    [
      0.022396901069661686,
      0.14722836409203435,
      0.043703933412542396,
      0.7866708014257616
    ],
    [
      0.0013427528917099962,
      0.0052692170053825526,
      0.009085175391326455,
      0.9843028547115811
    ],
    [
      0.05858493356495132,
      0.010598025047073214,
      0.09996995890042892,
      0.8308470824875466
    ],
    [
      0.0019523287308324756,
      0.0007090877942910463,
      0.012563266986020295,
      0.9847753164888562
    ],
    [
      0.00031908199327926144,
      0.00033068989379815225,
      0.6898718456547295,
      0.30947838245819304
    ],
    [
      0.005198540501792915,
      0.005198901874793144,
      0.9599562034588507,
      0.029646354164563304
    ],
    [
      0.004161911180491157,
      0.004161919931548774,
      0.9821682833800732,
      0.009507885507886895
    ]
  ],
  "actions": [
    3,
    3,
    3,
    3,
    3,
    3,
    3,
    3,
    1,
    1,
    1,
    1,
    3,
    3,
    3
  ],
  "model_parameters": {
    "A_shape": [
      4,
      4
    ],
    "B_shape": [
      4,
      4,
      4
    ],
    "C_shape": [
      4
    ],
    "D_shape": [
      4
    ],
    "num_states": 4,
    "num_observations": 4,
    "num_actions": 4
  },