{
  "success": true,
  "framework": "PyMDP",
  "model_name": "Deep Planning Horizon POMDP",
  "num_timesteps": 15,
  "simulation_trace": {
    "observations": [
      1,
      1,
      1,
      1,
      1,
      3,
      1,
      1,
      1,
      0,
      0,
      1,
      0,
      0,
      0
    ],
    "true_states": [
      1,
      1,
      1,
      1,
      1,
      1,
      1,
      1,
      1,
      0,
      0,
      0,
      0,
      0,
      0
    ],
    "beliefs": [
      [
        0.050000000000000065,
        0.8999999999999998,
        0.025000000000000095,
        0.025000000000000095
      ],
      [
        0.011049723756906106,
        0.9791755206119847,
        0.004887377815554634,
        0.004887377815554634
      ],
      [
        0.00847300222547172,
        0.983347798336468,
        0.004089599719030001,
        0.004089599719030001
      ],
      [
        0.00832169382148648,
        0.9835648880365784,
        0.004056709070967471,
        0.004056709070967471
      ],
      [
        0.008313033746912224,
        0.9835765457660647,
        0.004055210243511634,
        0.004055210243511638
      ],
      [
        0.022396959489130605,
        0.14722822459184023,
        0.043703937679949005,
        0.7866708782390802
      ],
      [
        0.011974899582080189,
        0.8458502768830009,
        0.02025576593594433,
        0.12191905759897463
      ],
      [
        0.009582900713194467,
        0.9776632157666689,
        0.0050135563360584195,
        0.007740327184078196
      ],
      [
        0.008413979245196301,
        0.9833250908049537,
        0.004097921642106282,
        0.004163008307743872
      ],
      [
        0.7046695309593274,
        0.2571399622804441,
        0.019091615009961153,
        0.01909889175026745
      ],
      [
        0.9625885134783749,
        0.02601058734542602,
        0.005700337937952782,
        0.005700561238246362
      ],
      [
        0.2367504158443758,
        0.7271125026804075,
        0.018068529033779517,
        0.018068552441437194
      ],
      [
        0.8706820683921845,
        0.1071674851866739,
        0.01107522250890426,
        0.01107522391223736
      ],
      [
        0.9763867649845914,
        0.014318984147559952,
        0.004647125415579013,
        0.004647125452269663
      ],
      [
        0.9831655256110592,
        0.008648319958128791,
        0.004093077214967676,
        0.004093077215844301
      ]
    ],
    "actions": [
      3,
      3,
      3,
      3,
      3,
      1,
      3,
      3,
      3,
      3,
      3,
      3,
      3,
      3,
      3
    ],
    "efe_history": [
      [
        -2.198464761247859,
        -2.267080037283261,
        -1.8449146094743472,
        -1.7508632945343534
      ],
      [
        -2.371038013020225,
        -2.4543036443545025,
        -1.9559957482149457,
        -1.830740829497854
      ],
      [
        -2.380003754504301,
        -2.4637166280692306,
        -1.961898878866498,
        -1.8346101890914004
      ],
      [
        -2.380443182214242,
        -2.4641677318397446,
        -1.96219241876793,
        -1.8347943257497747
      ],
      [
        -2.380465862203041,
        -2.464190698769328,
        -1.9622077001484632,
        -1.8348036630597973
      ],
      [
        -0.530220219601332,
        -0.5201360530641238,
        -0.6011796979150332,
        -0.6630574744178444
      ],
      [
        -1.898905926222083,
        -1.9483970776195816,
        -1.6492902157848888,
        -1.5765983373035024
      ],
      [
        -2.360183857426422,
        -2.4423514061493274,
        -1.9498369929504253,
        -1.8251273792323328
      ],
      [
        -2.379743809082232,
        -2.463421055067406,
        -1.9617565416370908,
        -1.834472067804901
      ],
      [
        -2.3276387820471416,
        -2.154081533337883,
        -2.093153589721683,
        -1.8332116748423872
      ],
      [
        -2.7505146562088147,
        -2.5008078519282666,
        -2.493178587031421,
        -2.0593900794538125
      ],
      [
        -2.1279995689506475,
        -2.152737425050674,
        -1.8154697537271471,
        -1.7236753996271612
      ],
      [
        -2.5750603214320855,
        -2.3431348149633564,
        -2.330892807374999,
        -1.9658226997754777
      ],
      [
        -2.780439336582701,
        -2.529749945143329,
        -2.5201184430232675,
        -2.0751054341851676
      ],
      [
        -2.795562215607282,
        -2.544612306507968,
        -2.53364114631745,
        -2.0830074464385073
      ]
    ],
    "belief_confidence": [
      0.8999999999999998,
      0.9791755206119847,
      0.983347798336468,
      0.9835648880365784,
      0.9835765457660647,
      0.7866708782390802,
      0.8458502768830009,
      0.9776632157666689,
      0.9833250908049537,
      0.7046695309593274,
      0.9625885134783749,
      0.7271125026804075,
      0.8706820683921845,
      0.9763867649845914,
      0.9831655256110592
    ]
  },
  "observations": [
    1,
    1,
    1,
    1,
    1,
    3,
    1,
    1,
    1,
    0,
    0,
    1,
    0,
    0,
    0
  ],
  "true_states": [
    1,
    1,
    1,
    1,
    1,
    1,
    1,
    1,
    1,
    0,
    0,
    0,
    0,
    0,
    0
  ],
  "beliefs": [
    [
      0.050000000000000065,
      0.8999999999999998,
      0.025000000000000095,
      0.025000000000000095
    ],
    [
      0.011049723756906106,
      0.9791755206119847,
      0.004887377815554634,
      0.004887377815554634
    ],
    [
      0.00847300222547172,
      0.983347798336468,
      0.004089599719030001,
      0.004089599719030001
    ],
    [
      0.00832169382148648,
      0.9835648880365784,
      0.004056709070967471,
      0.004056709070967471
    ],
    [
      0.008313033746912224,
      0.9835765457660647,
      0.004055210243511634,
      0.004055210243511638
    ],
    [
      0.022396959489130605,
      0.14722822459184023,
      0.043703937679949005,
      0.7866708782390802
    ],
    [
      0.011974899582080189,
      0.8458502768830009,
      0.02025576593594433,
      0.12191905759897463
    ],
    [
      0.009582900713194467,
      0.9776632157666689,
      0.0050135563360584195,
      0.007740327184078196
    ],
    [
      0.008413979245196301,
      0.9833250908049537,
      0.004097921642106282,
      0.004163008307743872
    ],
    [
      0.7046695309593274,
      0.2571399622804441,
      0.019091615009961153,
      0.01909889175026745
    ],
    [
      0.9625885134783749,
      0.02601058734542602,
      0.005700337937952782,
      0.005700561238246362
    ],
    [
      0.2367504158443758,
      0.7271125026804075,
      0.018068529033779517,
      0.018068552441437194
    ],
    [
      0.8706820683921845,
      0.1071674851866739,
      0.01107522250890426,
      0.01107522391223736
    ],
    [
      0.9763867649845914,
      0.014318984147559952,
      0.004647125415579013,
      0.004647125452269663
    ],
    [
      0.9831655256110592,
      0.008648319958128791,
      0.004093077214967676,
      0.004093077215844301
    ]
  ],
  "actions": [
    3,
    3,
    3,
    3,
    3,
    1,
    3,
    3,
    3,
    3,
    3,
    3,
    3,
    3,
    3
  ],
  "model_parameters": {
    "A_shape": [
      4,
      4
    ],
    "B_shape": [
      4,
      4,
      4
    ],
    "C_shape": [
      4
    ],
    "D_shape": [
      4
    ],
    "num_states": 4,
    "num_observations": 4,
    "num_actions": 4
  },