{
  "success": true,
  "framework": "PyMDP",
  "model_name": "Deep Planning Horizon POMDP",
  "num_timesteps": 15,
  "simulation_trace": {
    "observations": [
      0,
      3,
      3,
      3,
      3,
      2,
      3,
      3,
      3,
      3,
      3,
      3,
      2,
      3,
      3
    ],
    "true_states": [
      0,
      3,
      3,
      3,
      3,
      3,
      3,
      3,
      3,
      3,
      3,
      3,
      3,
      3,
      3
    ],
    "beliefs": [
      [
        0.8999999999999998,
        0.050000000000000065,
        0.025000000000000095,
        0.025000000000000095
      ],
      [
        0.12451361867704304,
        0.025291828793774392,
        0.04474708171206232,
        0.8054474708171202
      ],
      [
        0.00425544212526464,
        0.0010114803014211401,
        0.008973275245464618,
        0.9857598023278497
      ],
      [
        0.00012218470199475,
        5.618565050374438e-05,
        0.006629906759441428,
        0.99319172288806
      ],
      [
        3.5683953573837318e-06,
        2.2029334934026005e-05,
        0.006500896297740672,
        0.9934735059719679
      ],
      [
        9.710238693778713e-07,
        0.00012014142404317883,
        0.6791771056962488,
        0.3207017818558386
      ],
      [
        0.008516309601400216,
        0.008522398918062201,
        0.0864411056600449,
        0.8965201858204928
      ],
      [
        0.003285331189158715,
        0.0002876885799517418,
        0.005310266214842002,
        0.9911167140160475
      ],
      [
        9.233074573504551e-05,
        2.4429643258277203e-05,
        0.006425798193657564,
        0.9934574414173492
      ],
      [
        2.640195098352928e-06,
        2.0511715880270672e-05,
        0.0064895700142513744,
        0.99348727807477
      ],
      [
        1.3664631602986646e-07,
        2.0599276550321343e-05,
        0.006493159598835745,
        0.9934861044782979
      ],
      [
        6.737373418635909e-08,
        2.0612814849064005e-05,
        0.006493360316544659,
        0.9934859594948722
      ],
      [
        3.80553060047762e-07,
        0.00011978157266639968,
        0.6791636395145536,
        0.3207161983597199
      ],
      [
        0.008516065722545756,
        0.008522166670197192,
        0.08643756036625444,
        0.8965242072410026
      ],
      [
        0.0032853250385215245,
        0.0002876796216707728,
        0.005310029304142747,
        0.9911169660356649
      ]
    ],
    "actions": [
      3,
      1,
      1,
      1,
      1,
      3,
      0,
      1,
      1,
      1,
      1,
      1,
      3,
      0,
      1
    ],
    "efe_history": [
      [
        -2.56033003728326,
        -2.338714761247858,
        -2.344389888016529,
        -1.9676132945343527
      ],
      [
        -0.5962861260546942,
        -0.5386121323706969,
        -0.629197262676816,
        -0.6740245714298155
      ],
      [
        -0.48924177515656775,
        -0.47743517827316423,
        -0.4993600764496394,
        -0.5397085514630536
      ],
      [
        -0.48789101471596963,
        -0.4790019673672983,
        -0.4964639477555085,
        -0.5353603217683384
      ],
      [
        -0.4878770191920217,
        -0.47903484075076663,
        -0.4963924651654731,
        -0.5352043422648497
      ],
      [
        -1.329902946916249,
        -1.4279205735208493,
        -1.2569908553379623,
        -1.2359628068883737
      ],
      [
        -0.4962202046829983,
        -0.5173631408981242,
        -0.5165937795991972,
        -0.5904754705705312
      ],
      [
        -0.49009782758014286,
        -0.47687634325667794,
        -0.4990535429213335,
        -0.5369761118912556
      ],
      [
        -0.4879511394789493,
        -0.4789591827387938,
        -0.4964702465355677,
        -0.5352293548692563
      ],
      [
        -0.4878806321007704,
        -0.479031910938555,
        -0.49639341560000627,
        -0.5351976706357576
      ],
      [
        -0.48787802999556246,
        -0.4790345234085049,
        -0.4963910002426426,
        -0.5351977333968181
      ],
      [
        -0.4878779223317247,
        -0.4790346280824766,
        -0.4963909182212527,
        -0.5351977882193786
      ],
      [
        -1.3298730326847128,
        -1.4278894746819253,
        -1.2569636140101776,
        -1.2359413953732563
      ],
      [
        -0.49621876241157115,
        -0.5173606637407939,
        -0.516592122709199,
        -0.5904728602539202
      ],
      [
        -0.4900978970655779,
        -0.476876255543482,
        -0.49905358078612116,
        -0.536975991125904
      ]
    ],
    "belief_confidence": [
      0.8999999999999998,
      0.8054474708171202,
      0.9857598023278497,
      0.99319172288806,
      0.9934735059719679,
      0.6791771056962488,
      0.8965201858204928,
      0.9911167140160475,
      0.9934574414173492,
      0.99348727807477,
      0.9934861044782979,
      0.9934859594948722,
      0.6791636395145536,
      0.8965242072410026,
      0.9911169660356649
    ]
  },
  "observations": [
    0,
    3,
    3,
    3,
    3,
    2,
    3,
    3,
    3,
    3,
    3,
    3,
    2,
    3,
    3
  ],
  "true_states": [
    0,
    3,
    3,
    3,
    3,
    3,
    3,
    3,
    3,
    3,
    3,
    3,
    3,
    3,
    3
  ],
  "beliefs": [
    [
      0.8999999999999998,
      0.050000000000000065,
      0.025000000000000095,
      0.025000000000000095
    ],
    [
      0.12451361867704304,
      0.025291828793774392,
      0.04474708171206232,
      0.8054474708171202
    ],
    [
      0.00425544212526464,
      0.0010114803014211401,
      0.008973275245464618,
      0.9857598023278497
    ],
    [
      0.00012218470199475,
      5.618565050374438e-05,
      0.006629906759441428,
      0.99319172288806
    ],
    [
      3.5683953573837318e-06,
      2.2029334934026005e-05,
      0.006500896297740672,
      0.9934735059719679
    ],
    [
      9.710238693778713e-07,
      0.00012014142404317883,
      0.6791771056962488,
      0.3207017818558386
    ],
    [
      0.008516309601400216,
      0.008522398918062201,
      0.0864411056600449,
      0.8965201858204928
    ],
    [
      0.003285331189158715,
      0.0002876885799517418,
      0.005310266214842002,
      0.9911167140160475
    ],
    [
      9.233074573504551e-05,
      2.4429643258277203e-05,
      0.006425798193657564,
      0.9934574414173492
    ],
    [
      2.640195098352928e-06,
      2.0511715880270672e-05,
      0.0064895700142513744,
      0.99348727807477
    ],
    [
      1.3664631602986646e-07,
      2.0599276550321343e-05,
      0.006493159598835745,
      0.9934861044782979
    ],
    [
      6.737373418635909e-08,
      2.0612814849064005e-05,
      0.006493360316544659,
      0.9934859594948722
    ],
    [
      3.80553060047762e-07,
      0.00011978157266639968,
      0.6791636395145536,
      0.3207161983597199
    ],
    [
      0.008516065722545756,
      0.008522166670197192,
      0.08643756036625444,
      0.8965242072410026
    ],
    [
      0.0032853250385215245,
      0.0002876796216707728,
      0.005310029304142747,
      0.9911169660356649
    ]
  ],
  "actions": [
    3,
    1,
    1,
    1,
    1,
    3,
    0,
    1,
    1,
    1,
    1,
    1,
    3,
    0,
    1
  ],
  "model_parameters": {
    "A_shape": [
      4,
      4
    ],
    "B_shape": [
      4,
      4,
      4
    ],
    "C_shape": [
      4
    ],
    "D_shape": [
      4
    ],
    "num_states": 4,
    "num_observations": 4,
    "num_actions": 4
  },