{
  "success": true,
  "framework": "PyMDP",
  "model_name": "Deep Planning Horizon POMDP",
  "num_timesteps": 15,
  "simulation_trace": {
    "observations": [
      2,
      1,
      0,
      0,
      2,
      0,
      0,
      0,
      0,
      0,
      0,
      0,
      0,
      0,
      2
    ],
    "true_states": [
      2,
      1,
      1,
      0,
      2,
      0,
      0,
      0,
      0,
      0,
      0,
      0,
      0,
      0,
      2
    ],
    "beliefs": [
      [
        0.025000000000000095,
        0.025000000000000095,
        0.8999999999999998,
        0.050000000000000065
      ],
      [
        0.04474708171206232,
        0.8054474708171202,
        0.12451361867704304,
        0.025291828793774392
      ],
      [
        0.7581885134698622,
        0.19368176238775117,
        0.029007041798565912,
        0.019122682343820724
      ],
      [
        0.9679576232508665,
        0.020952349947504917,
        0.005688694170317149,
        0.005401332631311414
      ],
      [
        0.1441493398131987,
        0.023836222811077074,
        0.7882933770702302,
        0.04372106030549413
      ],
      [
        0.8785814730667428,
        0.02991628948235609,
        0.07498275010640758,
        0.01651948734449353
      ],
      [
        0.9787238828418069,
        0.010226196633704202,
        0.00628527137029139,
        0.004764649154197449
      ],
      [
        0.9833500626830847,
        0.008437083766816351,
        0.004124558678134051,
        0.004088294871964884
      ],
      [
        0.9835658120760666,
        0.008319978604429866,
        0.0040575354244993585,
        0.004056673895004143
      ],
      [
        0.9835766204040608,
        0.008312946216061108,
        0.004055226921931947,
        0.00405520645794641
      ],
      [
        0.9835771890015337,
        0.008312538829650794,
        0.004055136327447039,
        0.004055135841368487
      ],
      [
        0.9835772197881559,
        0.008312515627529413,
        0.0040551322979302164,
        0.004055132286384456
      ],
      [
        0.9835772214818246,
        0.008312514317122368,
        0.004055132100663533,
        0.004055132100389292
      ],
      [
        0.983577221575793,
        0.008312514243424976,
        0.004055132090394351,
        0.00405513209038784
      ],
      [
        0.14722836411401774,
        0.02239690105962401,
        0.7866708014144462,
        0.043703933411912074
      ]
    ],
    "actions": [
      3,
      3,
      3,
      3,
      3,
      3,
      3,
      3,
      3,
      3,
      3,
      3,
      3,
      3,
      3
    ],
    "efe_history": [
      [
        -1.9258300372832609,
        -2.086714761247859,
        -1.8083898880165297,
        -1.672113294534353
      ],
      [
        -2.048542935393214,
        -2.1039817821761426,
        -1.7461622432215615,
        -1.6799000578111372
      ],
      [
        -2.371899841215187,
        -2.1801037887543604,
        -2.1523141890503776,
        -1.8624950822258102
      ],
      [
        -2.7611177978008667,
        -2.511326949922085,
        -2.5033209684772624,
        -2.0652414384160847
      ],
      [
        -1.821725607748667,
        -1.945578740242056,
        -1.7824497901598213,
        -1.6418680131474406
      ],
      [
        -2.496671819874201,
        -2.296539921167549,
        -2.327835516092697,
        -1.9545615357059904
      ],
      [
        -2.781849169658129,
        -2.532767572794345,
        -2.524004527777515,
        -2.077119526927259
      ],
      [
        -2.795871650468788,
        -2.5449655691384714,
        -2.533986399299056,
        -2.083202538048512
      ],
      [
        -2.7964759830252235,
        -2.545510722265083,
        -2.534452335581698,
        -2.0834822392541805
      ],
      [
        -2.796504247267135,
        -2.545536972440187,
        -2.534475383198246,
        -2.0834959396425923
      ],
      [
        -2.7965056655513334,
        -2.5455383163564913,
        -2.5344765798215025,
        -2.0834966467153495
      ],
      [
        -2.7965057401540987,
        -2.545538387924084,
        -2.534476643977762,
        -2.0834966844958687
      ],
      [
        -2.796505744191,
        -2.545538391824078,
        -2.5344766474847846,
        -2.0834966865572886
      ],
      [
        -2.7965057444129604,
        -2.545538392039335,
        -2.534476647678624,
        -2.083496686671116
      ],
      [
        -1.8220003092211052,
        -1.944411851232953,
        -1.7840282581378009,
        -1.6421723124400904
      ]
    ],
    "belief_confidence": [
      0.8999999999999998,
      0.8054474708171202,
      0.7581885134698622,
      0.9679576232508665,
      0.7882933770702302,
      0.8785814730667428,
      0.9787238828418069,
      0.9833500626830847,
      0.9835658120760666,
      0.9835766204040608,
      0.9835771890015337,
      0.9835772197881559,
      0.9835772214818246,
      0.983577221575793,
      0.7866708014144462
    ]
  },
  "observations": [
    2,
    1,
    0,
    0,
    2,
    0,
    0,
    0,
    0,
    0,
    0,
    0,
    0,
    0,
    2
  ],
  "true_states": [
    2,
    1,
    1,
    0,
    2,
    0,
    0,
    0,
    0,
    0,
    0,
    0,
    0,
    0,
    2
  ],
  "beliefs": [
    [
      0.025000000000000095,
      0.025000000000000095,
      0.8999999999999998,
      0.050000000000000065
    ],
    [
      0.04474708171206232,
      0.8054474708171202,
      0.12451361867704304,
      0.025291828793774392
    ],
    [
      0.7581885134698622,
      0.19368176238775117,
      0.029007041798565912,
      0.019122682343820724
    ],
    [
      0.9679576232508665,
      0.020952349947504917,
      0.005688694170317149,
      0.005401332631311414
    ],
    [
      0.1441493398131987,
      0.023836222811077074,
      0.7882933770702302,
      0.04372106030549413
    ],
    [
      0.8785814730667428,
      0.02991628948235609,
      0.07498275010640758,
      0.01651948734449353
    ],
    [
      0.9787238828418069,
      0.010226196633704202,
      0.00628527137029139,
      0.004764649154197449
    ],
    [
      0.9833500626830847,
      0.008437083766816351,
      0.004124558678134051,
      0.004088294871964884
    ],
    [
      0.9835658120760666,
      0.008319978604429866,
      0.0040575354244993585,
      0.004056673895004143
    ],
    [
      0.9835766204040608,
      0.008312946216061108,
      0.004055226921931947,
      0.00405520645794641
    ],
    [
      0.9835771890015337,
      0.008312538829650794,
      0.004055136327447039,
      0.004055135841368487
    ],
    [
      0.9835772197881559,
      0.008312515627529413,
      0.0040551322979302164,
      0.004055132286384456
    ],
    [
      0.9835772214818246,
      0.008312514317122368,
      0.004055132100663533,
      0.004055132100389292
    ],
    [
      0.983577221575793,
      0.008312514243424976,
      0.004055132090394351,
      0.00405513209038784
    ],
    [
      0.14722836411401774,
      0.02239690105962401,
      0.7866708014144462,
      0.043703933411912074
    ]
  ],
  "actions": [
    3,
    3,
    3,
    3,
    3,
    3,
    3,
    3,
    3,
    3,
    3,
    3,
    3,
    3,
    3
  ],
  "model_parameters": {
    "A_shape": [
      4,
      4
    ],
    "B_shape": [
      4,
      4,
      4
    ],
    "C_shape": [
      4
    ],
    "D_shape": [
      4
    ],
    "num_states": 4,
    "num_observations": 4,
    "num_actions": 4
  },