{
  "success": true,
  "framework": "PyMDP",
  "model_name": "Deep Planning Horizon POMDP",
  "num_timesteps": 15,
  "simulation_trace": {
    "observations": [
      1,
      1,
      1,
      1,
      2,
      1,
      1,
      1,
      2,
      2,
      2,
      2,
      3,
      2,
      3
    ],
    "true_states": [
      1,
      1,
      1,
      1,
      1,
      1,
      1,
      1,
      2,
      2,
      2,
      2,
      3,
      3,
      3
    ],
    "beliefs": [
      [
        0.050000000000000065,
        0.8999999999999998,
        0.025000000000000095,
        0.025000000000000095
      ],
      [
        0.011049723756906106,
        0.9791755206119847,
        0.004887377815554634,
        0.004887377815554634
      ],
      [
        0.00847300222547172,
        0.983347798336468,
        0.004089599719030001,
        0.004089599719030001
      ],
      [
        0.00832169382148648,
        0.9835648880365784,
        0.004056709070967471,
        0.004056709070967471
      ],
      [
        0.022397913266487827,
        0.14722571562332484,
        0.7866723515780721,
        0.0437040195321152
      ],
      [
        0.02944480621591772,
        0.8799374621311277,
        0.07423622833059032,
        0.016381503322364353
      ],
      [
        0.010189217382628258,
        0.9787973281334306,
        0.006258205930412721,
        0.004755248553528565
      ],
      [
        0.008434810360638584,
        0.9833537018815547,
        0.004123664063637838,
        0.004087823694168968
      ],
      [
        0.022405582003265177,
        0.14715395958033145,
        0.7867417552283217,
        0.04369870318808159
      ],
      [
        0.005364310718887898,
        0.00890364059785259,
        0.9737951809902686,
        0.011936867692991068
      ],
      [
        0.004119374200745615,
        0.004204125356688062,
        0.9831229852235691,
        0.008553515218997236
      ],
      [
        0.004058167277118457,
        0.004060181108963243,
        0.983554591570748,
        0.008327060043170355
      ],
      [
        0.019093174458618595,
        0.019093399677421585,
        0.25727218052846307,
        0.7045412453354967
      ],
      [
        0.008914710905616257,
        0.0019422165429906896,
        0.8549078019875037,
        0.1342352705638894
      ],
      [
        0.013281687987365365,
        0.012754260216274241,
        0.15455207763064127,
        0.8194119741657191
      ]
    ],
    "actions": [
      3,
      3,
      3,
      3,
      3,
      3,
      3,
      3,
      3,
      3,
      3,
      3,
      0,
      3,
      0
    ],
    "efe_history": [
      [
        -2.198464761247859,
        -2.267080037283261,
        -1.8449146094743472,
        -1.7508632945343534
      ],
      [
        -2.371038013020225,
        -2.4543036443545025,
        -1.9559957482149457,
        -1.830740829497854
      ],
      [
        -2.380003754504301,
        -2.4637166280692306,
        -1.961898878866498,
        -1.8346101890914004
      ],
      [
        -2.380443182214242,
        -2.4641677318397446,
        -1.96219241876793,
        -1.8347943257497747
      ],
      [
        -1.7987392906541348,
        -1.9758467073440193,
        -1.6782308287212162,
        -1.6103409724539766
      ],
      [
        -2.1756730427412077,
        -2.2347439200193446,
        -1.8275412062692793,
        -1.7392106431184646
      ],
      [
        -2.3702614928717125,
        -2.452557883370883,
        -1.955443766857417,
        -1.8302179160218859
      ],
      [
        -2.3800031083653836,
        -2.4636879925769843,
        -1.9618994259245826,
        -1.8346028167564334
      ],
      [
        -1.7988028972282555,
        -1.975915702015155,
        -1.6783035891528528,
        -1.6103827898653043
      ],
      [
        -2.1073959066651358,
        -2.287381221780247,
        -1.949433230083697,
        -1.7717510935098446
      ],
      [
        -2.130785603274306,
        -2.3103056141275755,
        -1.968799627799585,
        -1.783359722834104
      ],
      [
        -2.1319459054164698,
        -2.3115354122122076,
        -1.9697533745827884,
        -1.7839842487997792
      ],
      [
        -0.6359721573765494,
        -0.68871918261691,
        -0.6561819777137727,
        -0.7428481169555073
      ],
      [
        -1.7633010614769655,
        -1.8876837873737848,
        -1.650015168957828,
        -1.539829396155656
      ],
      [
        -0.5368076466049992,
        -0.5737419678652855,
        -0.5593820200750281,
        -0.6452147649190114
      ]
    ],
    "belief_confidence": [
      0.8999999999999998,
      0.9791755206119847,
      0.983347798336468,
      0.9835648880365784,
      0.7866723515780721,
      0.8799374621311277,
      0.9787973281334306,
      0.9833537018815547,
      0.7867417552283217,
      0.9737951809902686,
      0.9831229852235691,
      0.983554591570748,
      0.7045412453354967,
      0.8549078019875037,
      0.8194119741657191
    ]
  },
  "observations": [
    1,
    1,
    1,
    1,
    2,
    1,
    1,
    1,
    2,
    2,
    2,
    2,
    3,
    2,
    3
  ],
  "true_states": [
    1,
    1,
    1,
    1,
    1,
    1,
    1,
    1,
    2,
    2,
    2,
    2,
    3,
    3,
    3
  ],
  "beliefs": [
    [
      0.050000000000000065,
      0.8999999999999998,
      0.025000000000000095,
      0.025000000000000095
    ],
    [
      0.011049723756906106,
      0.9791755206119847,
      0.004887377815554634,
      0.004887377815554634
    ],
    [
      0.00847300222547172,
      0.983347798336468,
      0.004089599719030001,
      0.004089599719030001
    ],
    [
      0.00832169382148648,
      0.9835648880365784,
      0.004056709070967471,
      0.004056709070967471
    ],
    [
      0.022397913266487827,
      0.14722571562332484,
      0.7866723515780721,
      0.0437040195321152
    ],
    [
      0.02944480621591772,
      0.8799374621311277,
      0.07423622833059032,
      0.016381503322364353
    ],
    [
      0.010189217382628258,
      0.9787973281334306,
      0.006258205930412721,
      0.004755248553528565
    ],
    [
      0.008434810360638584,
      0.9833537018815547,
      0.004123664063637838,
      0.004087823694168968
    ],
    [
      0.022405582003265177,
      0.14715395958033145,
      0.7867417552283217,
      0.04369870318808159
    ],
    [
      0.005364310718887898,
      0.00890364059785259,
      0.9737951809902686,
      0.011936867692991068
    ],
    [
      0.004119374200745615,
      0.004204125356688062,
      0.9831229852235691,
      0.008553515218997236
    ],
    [
      0.004058167277118457,
      0.004060181108963243,
      0.983554591570748,
      0.008327060043170355
    ],
    [
      0.019093174458618595,
      0.019093399677421585,
      0.25727218052846307,
      0.7045412453354967
    ],
    [
      0.008914710905616257,
      0.0019422165429906896,
      0.8549078019875037,
      0.1342352705638894
    ],
    [
      0.013281687987365365,
      0.012754260216274241,
      0.15455207763064127,
      0.8194119741657191
    ]
  ],
  "actions": [
    3,
    3,
    3,
    3,
    3,
    3,
    3,
    3,
    3,
    3,
    3,
    3,
    0,
    3,
    0
  ],
  "model_parameters": {
    "A_shape": [
      4,
      4
    ],
    "B_shape": [
      4,
      4,
      4
    ],
    "C_shape": [
      4
    ],
    "D_shape": [
      4
    ],
    "num_states": 4,
    "num_observations": 4,
    "num_actions": 4
  },