{
  "success": true,
  "framework": "PyMDP",
  "model_name": "Deep Planning Horizon POMDP",
  "num_timesteps": 15,
  "simulation_trace": {
    "observations": [
      1,
      1,
      1,
      1,
      1,
      1,
      3,
      3,
      3,
      3,
      2,
      0,
      0,
      1,
      1
    ],
    "true_states": [
      1,
      1,
      1,
      1,
      1,
      1,
      3,
      3,
      3,
      3,
      3,
      0,
      0,
      1,
      1
    ],
    "beliefs": [
      [
        0.050000000000000065,
        0.8999999999999998,
        0.025000000000000095,
        0.025000000000000095
      ],
      [
        0.011049723756906106,
        0.9791755206119847,
        0.004887377815554634,
        0.004887377815554634
      ],
      [
        0.00847300222547172,
        0.983347798336468,
        0.004089599719030001,
        0.004089599719030001
      ],
      [
        0.00832169382148648,
        0.9835648880365784,
        0.004056709070967471,
        0.004056709070967471
      ],
      [
        0.008313033746912224,
        0.9835765457660647,
        0.004055210243511634,
        0.004055210243511638
      ],
      [
        0.00831254348638362,
        0.9835771841646603,
        0.004055136174478112,
        0.004055136174478112
      ],
      [
        0.022396904381160706,
        0.14722835655478125,
        0.0437039336349505,
        0.7866708054291076
      ],
      [
        0.0013427529702781126,
        0.005269216717045267,
        0.009085175389192192,
        0.9843028549234845
      ],
      [
        5.4033927162740106e-05,
        0.00017594543669493732,
        0.00663869308048767,
        0.9931313275556546
      ],
      [
        2.0446708833799866e-06,
        2.5385696063917383e-05,
        0.00650144100112982,
        0.9934711286319229
      ],
      [
        7.852796917504953e-07,
        0.00012069278185691092,
        0.6791779386164188,
        0.32070058332203244
      ],
      [
        0.7825972573967181,
        0.043508905024327964,
        0.11032542489516521,
        0.06356841268378857
      ],
      [
        0.9735740801884746,
        0.011975447718553935,
        0.007891269866101556,
        0.006559202226870004
      ],
      [
        0.25172596104959255,
        0.7098846843777529,
        0.01926819597253321,
        0.019121158600121528
      ],
      [
        0.025539499100658784,
        0.9631151632612366,
        0.005674912680793439,
        0.005670424957311108
      ]
    ],
    "actions": [
      3,
      3,
      3,
      3,
      3,
      3,
      1,
      1,
      1,
      1,
      3,
      3,
      3,
      3,
      3
    ],
    "efe_history": [
      [
        -2.198464761247859,
        -2.267080037283261,
        -1.8449146094743472,
        -1.7508632945343534
      ],
      [
        -2.371038013020225,
        -2.4543036443545025,
        -1.9559957482149457,
        -1.830740829497854
      ],
      [
        -2.380003754504301,
        -2.4637166280692306,
        -1.961898878866498,
        -1.8346101890914004
      ],
      [
        -2.380443182214242,
        -2.4641677318397446,
        -1.96219241876793,
        -1.8347943257497747
      ],
      [
        -2.380465862203041,
        -2.464190698769328,
        -1.9622077001484632,
        -1.8348036630597973
      ],
      [
        -2.3804670764880784,
        -2.4641919186764616,
        -1.9622085223634649,
        -1.8348041578368264
      ],
      [
        -0.530220261603078,
        -0.5201361274729346,
        -0.6011797532381016,
        -0.6630575296280145
      ],
      [
        -0.4843682447712959,
        -0.47525773757086454,
        -0.4985999445348329,
        -0.5396016720084766
      ],
      [
        -0.48775350041853416,
        -0.4789319559539572,
        -0.4964507233947305,
        -0.5353688104716452
      ],
      [
        -0.4878733208499998,
        -0.4790328130116517,
        -0.49639231385575205,
        -0.5352049825387567
      ],
      [
        -1.3299046604557159,
        -1.4279228348310835,
        -1.2569925039326741,
        -1.2359643222473586
      ],
      [
        -2.2046142711104104,
        -2.050237955305081,
        -2.090358275200836,
        -1.8004165391682934
      ],
      [
        -2.7645865077487666,
        -2.5180848457981093,
        -2.510657687518419,
        -2.0690132190647987
      ],
      [
        -2.1188842069662233,
        -2.137437483024989,
        -1.8125259709298562,
        -1.7192884451147106
      ],
      [
        -2.3458460064024127,
        -2.429439419358009,
        -1.9386545462993596,
        -1.8208848909809063
      ]
    ],
    "belief_confidence": [
      0.8999999999999998,
      0.9791755206119847,
      0.983347798336468,
      0.9835648880365784,
      0.9835765457660647,
      0.9835771841646603,
      0.7866708054291076,
      0.9843028549234845,
      0.9931313275556546,
      0.9934711286319229,
      0.6791779386164188,
      0.7825972573967181,
      0.9735740801884746,
      0.7098846843777529,
      0.9631151632612366
    ]
  },
  "observations": [
    1,
    1,
    1,
    1,
    1,
    1,
    3,
    3,
    3,
    3,
    2,
    0,
    0,
    1,
    1
  ],
  "true_states": [
    1,
    1,
    1,
    1,
    1,
    1,
    3,
    3,
    3,
    3,
    3,
    0,
    0,
    1,
    1
  ],
  "beliefs": [
    [
      0.050000000000000065,
      0.8999999999999998,
      0.025000000000000095,
      0.025000000000000095
    ],
    [
      0.011049723756906106,
      0.9791755206119847,
      0.004887377815554634,
      0.004887377815554634
    ],
    [
      0.00847300222547172,
      0.983347798336468,
      0.004089599719030001,
      0.004089599719030001
    ],
    [
      0.00832169382148648,
      0.9835648880365784,
      0.004056709070967471,
      0.004056709070967471
    ],
    [
      0.008313033746912224,
      0.9835765457660647,
      0.004055210243511634,
      0.004055210243511638
    ],
    [
      0.00831254348638362,
      0.9835771841646603,
      0.004055136174478112,
      0.004055136174478112
    ],
    [
      0.022396904381160706,
      0.14722835655478125,
      0.0437039336349505,
      0.7866708054291076
    ],
    [
      0.0013427529702781126,
      0.005269216717045267,
      0.009085175389192192,
      0.9843028549234845
    ],
    [
      5.4033927162740106e-05,
      0.00017594543669493732,
      0.00663869308048767,
      0.9931313275556546
    ],
    [
      2.0446708833799866e-06,
      2.5385696063917383e-05,
      0.00650144100112982,
      0.9934711286319229
    ],
    [
      7.852796917504953e-07,
      0.00012069278185691092,
      0.6791779386164188,
      0.32070058332203244
    ],
    [
      0.7825972573967181,
      0.043508905024327964,
      0.11032542489516521,
      0.06356841268378857
    ],
    [
      0.9735740801884746,
      0.011975447718553935,
      0.007891269866101556,
      0.006559202226870004
    ],
    [
      0.25172596104959255,
      0.7098846843777529,
      0.01926819597253321,
      0.019121158600121528
    ],
    [
      0.025539499100658784,
      0.9631151632612366,
      0.005674912680793439,
      0.005670424957311108
    ]
  ],
  "actions": [
    3,
    3,
    3,
    3,
    3,
    3,
    1,
    1,
    1,
    1,
    3,
    3,
    3,
    3,
    3
  ],
  "model_parameters": {
    "A_shape": [
      4,
      4
    ],
    "B_shape": [
      4,
      4,
      4
    ],
    "C_shape": [
      4
    ],
    "D_shape": [
      4
    ],
    "num_states": 4,
    "num_observations": 4,
    "num_actions": 4
  },