{
  "success": true,
  "framework": "PyMDP",
  "model_name": "Deep Planning Horizon POMDP",
  "num_timesteps": 15,
  "simulation_trace": {
    "observations": [
      1,
      1,
      2,
      2,
      3,
      3,
      3,
      3,
      3,
      3,
      3,
      3,
      2,
      2,
      2
    ],
    "true_states": [
      1,
      1,
      1,
      3,
      3,
      3,
      3,
      3,
      3,
      3,
      3,
      3,
      2,
      2,
      2
    ],
    "beliefs": [
      [
        0.050000000000000065,
        0.8999999999999998,
        0.025000000000000095,
        0.025000000000000095
      ],
      [
        0.011049723756906106,
        0.9791755206119847,
        0.004887377815554634,
        0.004887377815554634
      ],
      [
        0.02266035656870368,
        0.1461046585141168,
        0.7874857751846961,
        0.043749209732483245
      ],
      [
        0.005367565761813189,
        0.008867306038135988,
        0.9738342264766567,
        0.011930901723394241
      ],
      [
        0.01899234559989312,
        0.019378712172984463,
        0.2518194991054446,
        0.7098094431216778
      ],
      [
        0.003599422422896593,
        0.0007903928255984191,
        0.018682902479415106,
        0.9769272822720899
      ],
      [
        0.00010402779700708091,
        8.086577873572921e-05,
        0.007179072777044298,
        0.9926360336472129
      ],
      [
        3.1417559101339007e-06,
        2.4423409275043987e-05,
        0.006531436594583461,
        0.9934409982402314
      ],
      [
        1.6265879412512585e-07,
        2.083806739564124e-05,
        0.006495485120123967,
        0.9934835141536863
      ],
      [
        6.883348082750509e-08,
        2.062667618084021e-05,
        0.00649348948971193,
        0.9934858150006264
      ],
      [
        6.557462976368532e-08,
        2.061459991356891e-05,
        0.00649337867825352,
        0.9934859411472032
      ],
      [
        6.544682585037746e-08,
        2.0613919985484878e-05,
        0.0064933725241247365,
        0.993485948109064
      ],
      [
        3.802618358408884e-07,
        0.00011978196280108719,
        0.6791636623857871,
        0.320716175389576
      ],
      [
        0.005248015122636557,
        0.005251774845652486,
        0.9588067697534778,
        0.03069344027823317
      ],
      [
        0.004167063237212772,
        0.004167154369647766,
        0.9820981057109301,
        0.009567676682209274
      ]
    ],
    "actions": [
      3,
      3,
      3,
      3,
      0,
      1,
      1,
      1,
      1,
      1,
      1,
      1,
      3,
      3,
      3
    ],
    "efe_history": [
      [
        -2.198464761247859,
        -2.267080037283261,
        -1.8449146094743472,
        -1.7508632945343534
      ],
      [
        -2.371038013020225,
        -2.4543036443545025,
        -1.9559957482149457,
        -1.830740829497854
      ],
      [
        -1.7991680433903374,
        -1.9762450545436363,
        -1.6789969175892199,
        -1.6106870021921578
      ],
      [
        -2.107484886394138,
        -2.2874512323824017,
        -1.949517390931121,
        -1.7717914731107476
      ],
      [
        -0.6298243466833356,
        -0.6818219725459457,
        -0.6507251816236177,
        -0.7377506438664946
      ],
      [
        -0.487187193892717,
        -0.4822508584701105,
        -0.49775787570241076,
        -0.5439826890015095
      ],
      [
        -0.4877166031165662,
        -0.479218672364808,
        -0.4963601562141553,
        -0.5356212610000853
      ],
      [
        -0.4878667536421367,
        -0.47904564968016905,
        -0.4963872991475665,
        -0.5352196456615191
      ],
      [
        -0.4878772408451959,
        -0.4790352681083986,
        -0.49639066541417026,
        -0.5351989617021501
      ],
      [
        -0.4878778780437697,
        -0.4790346689089692,
        -0.4963908998163411,
        -0.5351978567070036
      ],
      [
        -0.4878779149164818,
        -0.4790346350077217,
        -0.49639091411865655,
        -0.5351977965239162
      ],
      [
        -0.4878779170049066,
        -0.47903463310779937,
        -0.4963909149479992,
        -0.5351977932135169
      ],
      [
        -1.3298730825790832,
        -1.4278895271398415,
        -1.2569636583377526,
        -1.2359414301864655
      ],
      [
        -2.0578402044790587,
        -2.2243525976949674,
        -1.906183705624619,
        -1.7366945019975653
      ],
      [
        -2.1275928334066516,
        -2.306394556404326,
        -1.9660655010666421,
        -1.781270300426229
      ]
    ],
    "belief_confidence": [
      0.8999999999999998,
      0.9791755206119847,
      0.7874857751846961,
      0.9738342264766567,
      0.7098094431216778,
      0.9769272822720899,
      0.9926360336472129,
      0.9934409982402314,
      0.9934835141536863,
      0.9934858150006264,
      0.9934859411472032,
      0.993485948109064,
      0.6791636623857871,
      0.9588067697534778,
      0.9820981057109301
    ]
  },
  "observations": [
    1,
    1,
    2,
    2,
    3,
    3,
    3,
    3,
    3,
    3,
    3,
    3,
    2,
    2,
    2
  ],
  "true_states": [
    1,
    1,
    1,
    3,
    3,
    3,
    3,
    3,
    3,
    3,
    3,
    3,
    2,
    2,
    2
  ],
  "beliefs": [
    [
      0.050000000000000065,
      0.8999999999999998,
      0.025000000000000095,
      0.025000000000000095
    ],
    [
      0.011049723756906106,
      0.9791755206119847,
      0.004887377815554634,
      0.004887377815554634
    ],
    [
      0.02266035656870368,
      0.1461046585141168,
      0.7874857751846961,
      0.043749209732483245
    ],
    [
      0.005367565761813189,
      0.008867306038135988,
      0.9738342264766567,
      0.011930901723394241
    ],
    [
      0.01899234559989312,
      0.019378712172984463,
      0.2518194991054446,
      0.7098094431216778
    ],
    [
      0.003599422422896593,
      0.0007903928255984191,
      0.018682902479415106,
      0.9769272822720899
    ],
    [
      0.00010402779700708091,
      8.086577873572921e-05,
      0.007179072777044298,
      0.9926360336472129
    ],
    [
      3.1417559101339007e-06,
      2.4423409275043987e-05,
      0.006531436594583461,
      0.9934409982402314
    ],
    [
      1.6265879412512585e-07,
      2.083806739564124e-05,
      0.006495485120123967,
      0.9934835141536863
    ],
    [
      6.883348082750509e-08,
      2.062667618084021e-05,
      0.00649348948971193,
      0.9934858150006264
    ],
    [
      6.557462976368532e-08,
      2.061459991356891e-05,
      0.00649337867825352,
      0.9934859411472032
    ],
    [
      6.544682585037746e-08,
      2.0613919985484878e-05,
      0.0064933725241247365,
      0.993485948109064
    ],
    [
      3.802618358408884e-07,
      0.00011978196280108719,
      0.6791636623857871,
      0.320716175389576
    ],
    [
      0.005248015122636557,
      0.005251774845652486,
      0.9588067697534778,
      0.03069344027823317
    ],
    [
      0.004167063237212772,
      0.004167154369647766,
      0.9820981057109301,
      0.009567676682209274
    ]
  ],
  "actions": [
    3,
    3,
    3,
    3,
    0,
    1,
    1,
    1,
    1,
    1,
    1,
    1,
    3,
    3,
    3
  ],
  "model_parameters": {
    "A_shape": [
      4,
      4
    ],
    "B_shape": [
      4,
      4,
      4
    ],
    "C_shape": [
      4
    ],
    "D_shape": [
      4
    ],
    "num_states": 4,
    "num_observations": 4,
    "num_actions": 4
  },