{
  "success": true,
  "framework": "PyMDP",
  "model_name": "Deep Planning Horizon POMDP",
  "num_timesteps": 15,
  "simulation_trace": {
    "observations": [
      0,
      3,
      3,
      3,
      1,
      3,
      3,
      3,
      3,
      3,
      3,
      2,
      2,
      3,
      2
    ],
    "true_states": [
      2,
      3,
      3,
      3,
      3,
      3,
      3,
      3,
      3,
      3,
      3,
      2,
      2,
      2,
      2
    ],
    "beliefs": [
      [
        0.8999999999999998,
        0.050000000000000065,
        0.025000000000000095,
        0.025000000000000095
      ],
      [
        0.12451361867704304,
        0.025291828793774392,
        0.04474708171206232,
        0.8054474708171202
      ],
      [
        0.00425544212526464,
        0.0010114803014211401,
        0.008973275245464618,
        0.9857598023278497
      ],
      [
        0.00012218470199475,
        5.618565050374438e-05,
        0.006629906759441428,
        0.99319172288806
      ],
      [
        0.00022551148649070491,
        0.025059337953597854,
        0.10270910597055313,
        0.8720060445893584
      ],
      [
        0.0030219798780992857,
        0.0007805640745307144,
        0.006565390062958273,
        0.9896320659844117
      ],
      [
        8.66502681945613e-05,
        4.20902662000745e-05,
        0.006495866418915151,
        0.9933753930466902
      ],
      [
        2.5371097642609417e-06,
        2.122023247167524e-05,
        0.00649346726830056,
        0.9934827753894636
      ],
      [
        1.3597019903734563e-07,
        2.0631074679487857e-05,
        0.006493376203343744,
        0.9934858567517777
      ],
      [
        6.745311141637182e-08,
        2.0614371520718655e-05,
        0.006493372351217931,
        0.99348594582415
      ],
      [
        6.549830067951625e-08,
        2.061389401876171e-05,
        0.006493372171697064,
        0.9934859484359835
      ],
      [
        3.802696793294705e-07,
        0.00011978195249670762,
        0.6791636617253594,
        0.3207161760524647
      ],
      [
        0.00524801512659373,
        0.005251774849040877,
        0.9588067696826866,
        0.03069344034167867
      ],
      [
        0.017723631106325306,
        0.017724018716813367,
        0.23206250679406684,
        0.7324898433827945
      ],
      [
        0.00985153719576415,
        0.001957488271865498,
        0.837448058236238,
        0.15074291629613237
      ]
    ],
    "actions": [
      3,
      1,
      1,
      1,
      0,
      1,
      1,
      1,
      1,
      1,
      1,
      3,
      3,
      0,
      3
    ],
    "efe_history": [
      [
        -2.56033003728326,
        -2.338714761247858,
        -2.344389888016529,
        -1.9676132945343527
      ],
      [
        -0.5962861260546942,
        -0.5386121323706969,
        -0.629197262676816,
        -0.6740245714298155
      ],
      [
        -0.48924177515656775,
        -0.47743517827316423,
        -0.4993600764496394,
        -0.5397085514630536
      ],
      [
        -0.48789101471596963,
        -0.4790019673672983,
        -0.4964639477555085,
        -0.5353603217683384
      ],
      [
        -0.49227600706840013,
        -0.5266483740436803,
        -0.523705217027865,
        -0.6036549353034751
      ],
      [
        -0.48921329284470105,
        -0.47707946818846464,
        -0.49878508097454266,
        -0.537603813001102
      ],
      [
        -0.48791518306461257,
        -0.4789753989401071,
        -0.4964587636025299,
        -0.5352663909385278
      ],
      [
        -0.4878789788295124,
        -0.47903295494483905,
        -0.49639284488461927,
        -0.5351997594848885
      ],
      [
        -0.48787794715249244,
        -0.4790345857583076,
        -0.4963909697901755,
        -0.5351978497216175
      ],
      [
        -0.4878779179648852,
        -0.47903463167750393,
        -0.49639091654789624,
        -0.5351977946732219
      ],
      [
        -0.4878779171514852,
        -0.4790346329594263,
        -0.4963909150413667,
        -0.5351977930690272
      ],
      [
        -1.3298730811379758,
        -1.4278895256256587,
        -1.2569636570574594,
        -1.235941429181378
      ],
      [
        -2.0578402042708426,
        -2.2243525974533287,
        -1.9061837054464768,
        -1.7366945018647493
      ],
      [
        -0.6079215016542671,
        -0.657397670082271,
        -0.6293680361475722,
        -0.7173434586607783
      ],
      [
        -1.717934170191573,
        -1.8378947455031942,
        -1.6106507074499308,
        -1.5096993421066616
      ]
    ],
    "belief_confidence": [
      0.8999999999999998,
      0.8054474708171202,
      0.9857598023278497,
      0.99319172288806,
      0.8720060445893584,
      0.9896320659844117,
      0.9933753930466902,
      0.9934827753894636,
      0.9934858567517777,
      0.99348594582415,
      0.9934859484359835,
      0.6791636617253594,
      0.9588067696826866,
      0.7324898433827945,
      0.837448058236238
    ]
  },
  "observations": [
    0,
    3,
    3,
    3,
    1,
    3,
    3,
    3,
    3,
    3,
    3,
    2,
    2,
    3,
    2
  ],
  "true_states": [
    2,
    3,
    3,
    3,
    3,
    3,
    3,
    3,
    3,
    3,
    3,
    2,
    2,
    2,
    2
  ],
  "beliefs": [
    [
      0.8999999999999998,
      0.050000000000000065,
      0.025000000000000095,
      0.025000000000000095
    ],
    [
      0.12451361867704304,
      0.025291828793774392,
      0.04474708171206232,
      0.8054474708171202
    ],
    [
      0.00425544212526464,
      0.0010114803014211401,
      0.008973275245464618,
      0.9857598023278497
    ],
    [
      0.00012218470199475,
      5.618565050374438e-05,
      0.006629906759441428,
      0.99319172288806
    ],
    [
      0.00022551148649070491,
      0.025059337953597854,
      0.10270910597055313,
      0.8720060445893584
    ],
    [
      0.0030219798780992857,
      0.0007805640745307144,
      0.006565390062958273,
      0.9896320659844117
    ],
    [
      8.66502681945613e-05,
      4.20902662000745e-05,
      0.006495866418915151,
      0.9933753930466902
    ],
    [
      2.5371097642609417e-06,
      2.122023247167524e-05,
      0.00649346726830056,
      0.9934827753894636
    ],
    [
      1.3597019903734563e-07,
      2.0631074679487857e-05,
      0.006493376203343744,
      0.9934858567517777
    ],
    [
      6.745311141637182e-08,
      2.0614371520718655e-05,
      0.006493372351217931,
      0.99348594582415
    ],
    [
      6.549830067951625e-08,
      2.061389401876171e-05,
      0.006493372171697064,
      0.9934859484359835
    ],
    [
      3.802696793294705e-07,
      0.00011978195249670762,
      0.6791636617253594,
      0.3207161760524647
    ],
    [
      0.00524801512659373,
      0.005251774849040877,
      0.9588067696826866,
      0.03069344034167867
    ],
    [
      0.017723631106325306,
      0.017724018716813367,
      0.23206250679406684,
      0.7324898433827945
    ],
    [
      0.00985153719576415,
      0.001957488271865498,
      0.837448058236238,
      0.15074291629613237
    ]
  ],
  "actions": [
    3,
    1,
    1,
    1,
    0,
    1,
    1,
    1,
    1,
    1,
    1,
    3,
    3,
    0,
    3
  ],
  "model_parameters": {
    "A_shape": [
      4,
      4
    ],
    "B_shape": [
      4,
      4,
      4
    ],
    "C_shape": [
      4
    ],
    "D_shape": [
      4
    ],
    "num_states": 4,
    "num_observations": 4,
    "num_actions": 4
  },