{
  "success": true,
  "framework": "PyMDP",
  "model_name": "Active Inference POMDP Agent",
  "num_timesteps": 15,
  "simulation_trace": {
    "observations": [
      2,
      2,
      0,
      2,
      2,
      2,
      2,
      2,
      2,
      2,
      2,
      2,
      2,
      2,
      2
    ],
    "true_states": [
      2,
      2,
      2,
      2,
      2,
      2,
      2,
      2,
      2,
      2,
      2,
      2,
      2,
      2,
      2
    ],
    "beliefs": [
      [
        0.050000000000000065,
        0.050000000000000065,
        0.8999999999999998
      ],
      [
        0.0030674846625767015,
        0.0030674846625767015,
        0.9938650306748466
      ],
      [
        0.05247813411078894,
        0.002915451895043833,
        0.9446064139941672
      ],
      [
        0.000170910955392253,
        0.0030763971970604524,
        0.9967526918475472
      ],
      [
        9.524263060152004e-06,
        0.0001714367350826357,
        0.9998190390018571
      ],
      [
        5.292161726404556e-07,
        9.52589110742817e-06,
        0.9999899448927199
      ],
      [
        2.940117769357699e-08,
        5.292211983843836e-07,
        0.999999441377624
      ],
      [
        1.6333996280715442e-09,
        2.940119320528771e-08,
        0.9999999689654072
      ],
      [
        9.074443199706801e-11,
        1.6333996759472218e-09,
        0.9999999982758558
      ],
      [
        5.041362896935157e-12,
        9.074443214483246e-11,
        0.9999999999042142
      ],
      [
        2.800812720772911e-13,
        5.041362897391203e-12,
        0.9999999999946785
      ],
      [
        1.5565626226594396e-14,
        2.800812720786968e-13,
        0.9999999999997045
      ],
      [
        8.703125681443742e-16,
        1.5565626226598574e-14,
        0.9999999999999836
      ],
      [
        5.390625378579946e-17,
        8.703125681443815e-16,
        0.9999999999999991
      ],
      [
        8.550347432544468e-18,
        5.3906253785799124e-17,
        1.0
      ]
    ],
    "actions": [
      0,
      0,
      1,
      0,
      0,
      0,
      0,
      0,
      0,
      0,
      0,
      0,
      0,
      0,
      0
    ],
    "efe_history": [
      [
        -0.5488337599296716,
        -0.5488337599296716,
        -1.199083759929671
      ],
      [
        -0.6748289964440974,
        -0.6748289964440974,
        -1.4327891191434838
      ],
      [
        -0.6083821132521332,
        -0.6083821132521331,
        -1.2908602473629176
      ],
      [
        -0.6796372530606742,
        -0.6796372530606742,
        -1.4420223154431726
      ],
      [
        -0.6847535091672801,
        -0.6847535091672801,
        -1.4496077879424594
      ],
      [
        -0.6850424252440289,
        -0.6850424252440289,
        -1.4500343282365873
      ],
      [
        -0.6850585336851446,
        -0.6850585336851446,
        -1.4500580838471255
      ],
      [
        -0.6850594286440446,
        -0.6850594286440446,
        -1.45005940365303
      ],
      [
        -0.6850594355319896,
        -0.6850594355319896,
        -1.4500594341435995
      ],
      [
        -0.6850594359146532,
        -0.6850594359146532,
        -1.45005943583752
      ],
      [
        -0.6850594359359121,
        -0.6850594359359121,
        -1.4500594359316263
      ],
      [
        -0.6850594359370936,
        -0.6850594359370936,
        -1.450059435936855
      ],
      [
        -0.6850594359371589,
        -0.6850594359371589,
        -1.4500594359371453
      ],
      [
        -0.6850594359371627,
        -0.6850594359371627,
        -1.4500594359371615
      ],
      [
        -0.6850594359371629,
        -0.6850594359371629,
        -1.4500594359371626
      ]
    ],
    "belief_confidence": [
      0.8999999999999998,
      0.9938650306748466,
      0.9446064139941672,
      0.9967526918475472,
      0.9998190390018571,
      0.9999899448927199,
      0.999999441377624,
      0.9999999689654072,
      0.9999999982758558,
      0.9999999999042142,
      0.9999999999946785,
      0.9999999999997045,
      0.9999999999999836,
      0.9999999999999991,
      1.0
    ]
  },
  "observations": [
    2,
    2,
    0,
    2,
    2,
    2,
    2,
    2,
    2,
    2,
    2,
    2,
    2,
    2,
    2
  ],
  "true_states": [
    2,
    2,
    2,
    2,
    2,
    2,
    2,
    2,
    2,
    2,
    2,
    2,
    2,
    2,
    2
  ],
  "beliefs": [
    [
      0.050000000000000065,
      0.050000000000000065,
      0.8999999999999998
    ],
    [
      0.0030674846625767015,
      0.0030674846625767015,
      0.9938650306748466
    ],
    [
      0.05247813411078894,
      0.002915451895043833,
      0.9446064139941672
    ],
    [
      0.000170910955392253,
      0.0030763971970604524,
      0.9967526918475472
    ],
    [
      9.524263060152004e-06,
      0.0001714367350826357,
      0.9998190390018571
    ],
    [
      5.292161726404556e-07,
      9.52589110742817e-06,
      0.9999899448927199
    ],
    [
      2.940117769357699e-08,
      5.292211983843836e-07,
      0.999999441377624
    ],
    [
      1.6333996280715442e-09,
      2.940119320528771e-08,
      0.9999999689654072
    ],
    [
      9.074443199706801e-11,
      1.6333996759472218e-09,
      0.9999999982758558
    ],
    [
      5.041362896935157e-12,
      9.074443214483246e-11,
      0.9999999999042142
    ],
    [
      2.800812720772911e-13,
      5.041362897391203e-12,
      0.9999999999946785
    ],
    [
      1.5565626226594396e-14,
      2.800812720786968e-13,
      0.9999999999997045
    ],
    [
      8.703125681443742e-16,
      1.5565626226598574e-14,
      0.9999999999999836
    ],
    [
      5.390625378579946e-17,
      8.703125681443815e-16,
      0.9999999999999991
    ],
    [
      8.550347432544468e-18,
      5.3906253785799124e-17,
      1.0
    ]
  ],
  "actions": [
    0,
    0,
    1,
    0,
    0,
    0,
    0,
    0,
    0,
    0,
    0,
    0,
    0,
    0,
    0
  ],
  "model_parameters": {
    "A_shape": [
      3,
      3
    ],
    "B_shape": [
      3,
      3,
      3
    ],
    "C_shape": [
      3
    ],
    "D_shape": [
      3
    ],
    "num_states": 3,
    "num_observations": 3,
    "num_actions": 3
  },
  "metrics": {
    "expected_free_energy": [
      [
        -0.5488337599296716,
        -0.5488337599296716,
        -1.199083759929671
      ],
      [
        -0.6748289964440974,
        -0.6748289964440974,
        -1.4327891191434838
      ],
      [
        -0.6083821132521332,
        -0.6083821132521331,
        -1.2908602473629176
      ],
      [
        -0.6796372530606742,
        -0.6796372530606742,
        -1.4420223154431726
      ],
      [
        -0.6847535091672801,
        -0.6847535091672801,
        -1.4496077879424594
      ],
      [
        -0.6850424252440289,
        -0.6850424252440289,
        -1.4500343282365873
      ],
      [
        -0.6850585336851446,
        -0.6850585336851446,
        -1.4500580838471255
      ],
      [
        -0.6850594286440446,
        -0.6850594286440446,
        -1.45005940365303
      ],
      [
        -0.6850594355319896,
        -0.6850594355319896,
        -1.4500594341435995
      ],
      [
        -0.6850594359146532,
        -0.6850594359146532,
        -1.45005943583752
      ],
      [
        -0.6850594359359121,
        -0.6850594359359121,
        -1.4500594359316263
      ],
      [
        -0.6850594359370936,
        -0.6850594359370936,
        -1.450059435936855
      ],
      [
        -0.6850594359371589,
        -0.6850594359371589,
        -1.4500594359371453
      ],
      [
        -0.6850594359371627,
        -0.6850594359371627,
        -1.4500594359371615
      ],
      [
        -0.6850594359371629,
        -0.6850594359371629,
        -1.4500594359371626
      ]
    ],