{
  "success": true,
  "framework": "PyMDP",
  "model_name": "Active Inference POMDP Agent",
  "num_timesteps": 15,
  "simulation_trace": {
    "observations": [
      0,
      2,
      2,
      2,
      1,
      2,
      2,
      2,
      2,
      2,
      2,
      2,
      2,
      2,
      2
    ],
    "true_states": [
      0,
      2,
      2,
      2,
      2,
      2,
      2,
      2,
      2,
      2,
      2,
      2,
      2,
      2,
      2
    ],
    "beliefs": [
      [
        0.8999999999999999,
        0.05000000000000008,
        0.05000000000000008
      ],
      [
        0.0030674846625767045,
        0.0030674846625767045,
        0.9938650306748466
      ],
      [
        0.00017140898183065485,
        0.00017140898183065485,
        0.9996571820363386
      ],
      [
        9.525805406853111e-06,
        9.525805406853111e-06,
        0.9999809483891862
      ],
      [
        9.52426306025165e-06,
        0.00017143673508452923,
        0.9998190390018551
      ],
      [
        5.292161726459946e-07,
        9.525891107533403e-06,
        0.9999899448927199
      ],
      [
        2.9401177693884712e-08,
        5.292211983902301e-07,
        0.999999441377624
      ],
      [
        1.6333996280886397e-09,
        2.940119320561246e-08,
        0.9999999689654072
      ],
      [
        9.074443199801777e-11,
        1.6333996759652632e-09,
        0.9999999982758558
      ],
      [
        5.0413628969879215e-12,
        9.074443214583477e-11,
        0.9999999999042142
      ],
      [
        2.800812720802225e-13,
        5.041362897446886e-12,
        0.9999999999946785
      ],
      [
        1.5565626226757255e-14,
        2.800812720817904e-13,
        0.9999999999997045
      ],
      [
        8.703125681534213e-16,
        1.5565626226770448e-14,
        0.9999999999999836
      ],
      [
        5.3906253786301986e-17,
        8.703125681539296e-16,
        0.9999999999999991
      ],
      [
        8.550347432572355e-18,
        5.3906253786329615e-17,
        1.0
      ]
    ],
    "actions": [
      2,
      0,
      0,
      0,
      0,
      0,
      0,
      0,
      0,
      0,
      0,
      0,
      0,
      0,
      0
    ],
    "efe_history": [
      [
        -1.1990837599296715,
        -1.1990837599296713,
        -0.548833759929672
      ],
      [
        -0.6748289964440974,
        -0.6748289964440974,
        -1.4327891191434838
      ],
      [
        -0.684479922345355,
        -0.684479922345355,
        -1.4490865387320533
      ],
      [
        -0.6850272055740991,
        -0.6850272055740991,
        -1.4500053438506897
      ],
      [
        -0.6847535091672766,
        -0.6847535091672766,
        -1.4496077879424543
      ],
      [
        -0.6850424252440288,
        -0.6850424252440288,
        -1.4500343282365873
      ],
      [
        -0.6850585336851446,
        -0.6850585336851446,
        -1.4500580838471255
      ],
      [
        -0.6850594286440446,
        -0.6850594286440446,
        -1.45005940365303
      ],
      [
        -0.6850594355319896,
        -0.6850594355319896,
        -1.4500594341435995
      ],
      [
        -0.6850594359146532,
        -0.6850594359146532,
        -1.45005943583752
      ],
      [
        -0.6850594359359121,
        -0.6850594359359121,
        -1.4500594359316263
      ],
      [
        -0.6850594359370936,
        -0.6850594359370936,
        -1.450059435936855
      ],
      [
        -0.6850594359371589,
        -0.6850594359371589,
        -1.4500594359371453
      ],
      [
        -0.6850594359371627,
        -0.6850594359371627,
        -1.4500594359371615
      ],
      [
        -0.6850594359371629,
        -0.6850594359371629,
        -1.4500594359371626
      ]
    ],
    "belief_confidence": [
      0.8999999999999999,
      0.9938650306748466,
      0.9996571820363386,
      0.9999809483891862,
      0.9998190390018551,
      0.9999899448927199,
      0.999999441377624,
      0.9999999689654072,
      0.9999999982758558,
      0.9999999999042142,
      0.9999999999946785,
      0.9999999999997045,
      0.9999999999999836,
      0.9999999999999991,
      1.0
    ]
  },
  "observations": [
    0,
    2,
    2,
    2,
    1,
    2,
    2,
    2,
    2,
    2,
    2,
    2,
    2,
    2,
    2
  ],
  "true_states": [
    0,
    2,
    2,
    2,
    2,
    2,
    2,
    2,
    2,
    2,
    2,
    2,
    2,
    2,
    2
  ],
  "beliefs": [
    [
      0.8999999999999999,
      0.05000000000000008,
      0.05000000000000008
    ],
    [
      0.0030674846625767045,
      0.0030674846625767045,
      0.9938650306748466
    ],
    [
      0.00017140898183065485,
      0.00017140898183065485,
      0.9996571820363386
    ],
    [
      9.525805406853111e-06,
      9.525805406853111e-06,
      0.9999809483891862
    ],
    [
      9.52426306025165e-06,
      0.00017143673508452923,
      0.9998190390018551
    ],
    [
      5.292161726459946e-07,
      9.525891107533403e-06,
      0.9999899448927199
    ],
    [
      2.9401177693884712e-08,
      5.292211983902301e-07,
      0.999999441377624
    ],
    [
      1.6333996280886397e-09,
      2.940119320561246e-08,
      0.9999999689654072
    ],
    [
      9.074443199801777e-11,
      1.6333996759652632e-09,
      0.9999999982758558
    ],
    [
      5.0413628969879215e-12,
      9.074443214583477e-11,
      0.9999999999042142
    ],
    [
      2.800812720802225e-13,
      5.041362897446886e-12,
      0.9999999999946785
    ],
    [
      1.5565626226757255e-14,
      2.800812720817904e-13,
      0.9999999999997045
    ],
    [
      8.703125681534213e-16,
      1.5565626226770448e-14,
      0.9999999999999836
    ],
    [
      5.3906253786301986e-17,
      8.703125681539296e-16,
      0.9999999999999991
    ],
    [
      8.550347432572355e-18,
      5.3906253786329615e-17,
      1.0
    ]
  ],
  "actions": [
    2,
    0,
    0,
    0,
    0,
    0,
    0,
    0,
    0,
    0,
    0,
    0,
    0,
    0,
    0
  ],
  "model_parameters": {
    "A_shape": [
      3,
      3
    ],
    "B_shape": [
      3,
      3,
      3
    ],
    "C_shape": [
      3
    ],
    "D_shape": [
      3
    ],
    "num_states": 3,
    "num_observations": 3,
    "num_actions": 3
  },
  "metrics": {
    "expected_free_energy": [
      [
        -1.1990837599296715,
        -1.1990837599296713,
        -0.548833759929672
      ],
      [
        -0.6748289964440974,
        -0.6748289964440974,
        -1.4327891191434838
      ],
      [
        -0.684479922345355,
        -0.684479922345355,
        -1.4490865387320533
      ],
      [
        -0.6850272055740991,
        -0.6850272055740991,
        -1.4500053438506897
      ],
      [
        -0.6847535091672766,
        -0.6847535091672766,
        -1.4496077879424543
      ],
      [
        -0.6850424252440288,
        -0.6850424252440288,
        -1.4500343282365873
      ],
      [
        -0.6850585336851446,
        -0.6850585336851446,
        -1.4500580838471255
      ],
      [
        -0.6850594286440446,
        -0.6850594286440446,
        -1.45005940365303
      ],
      [
        -0.6850594355319896,
        -0.6850594355319896,
        -1.4500594341435995
      ],
      [
        -0.6850594359146532,
        -0.6850594359146532,
        -1.45005943583752
      ],
      [
        -0.6850594359359121,
        -0.6850594359359121,
        -1.4500594359316263
      ],
      [
        -0.6850594359370936,
        -0.6850594359370936,
        -1.450059435936855
      ],
      [
        -0.6850594359371589,
        -0.6850594359371589,
        -1.4500594359371453
      ],
      [
        -0.6850594359371627,
        -0.6850594359371627,
        -1.4500594359371615
      ],
      [
        -0.6850594359371629,
        -0.6850594359371629,
        -1.4500594359371626
      ]
    ],