{
  "success": true,
  "framework": "PyMDP",
  "model_name": "Active Inference POMDP Agent",
  "num_timesteps": 15,
  "simulation_trace": {
    "observations": [
      1,
      1,
      1,
      1,
      1,
      1,
      1,
      1,
      1,
      1,
      1,
      1,
      0,
      1,
      0
    ],
    "true_states": [
      1,
      1,
      1,
      1,
      1,
      1,
      1,
      1,
      1,
      1,
      1,
      1,
      0,
      2,
      2
    ],
    "beliefs": [
      [
        0.05000000000000008,
        0.8999999999999999,
        0.05000000000000008
      ],
      [
        0.0030674846625767045,
        0.9938650306748466,
        0.0030674846625767045
      ],
      [
        0.0001714089818306549,
        0.9996571820363388,
        0.0001714089818306549
      ],
      [
        9.525805406853113e-06,
        0.9999809483891864,
        9.525805406853113e-06
      ],
      [
        5.292209338691478e-07,
        0.9999989415581324,
        5.292209338691478e-07
      ],
      [
        2.940119238888053e-08,
        0.9999999411976151,
        2.940119238888053e-08
      ],
      [
        1.633399673427397e-09,
        0.9999999967332007,
        1.633399673427397e-09
      ],
      [
        9.074443213705247e-11,
        0.999999999818511,
        9.074443213705247e-11
      ],
      [
        5.041362897367038e-12,
        0.9999999999899174,
        5.041362897367038e-12
      ],
      [
        2.8008127207861374e-13,
        0.99999999999944,
        2.8008127207861374e-13
      ],
      [
        1.5565626226597905e-14,
        0.9999999999999689,
        1.5565626226597905e-14
      ],
      [
        8.70312568144356e-16,
        0.9999999999999982,
        8.70312568144356e-16
      ],
      [
        1.0,
        5.390625378579759e-17,
        5.390625378579759e-17
      ],
      [
        1.5390625378579735e-16,
        2.770312568144345e-15,
        0.9999999999999971
      ],
      [
        4.570312568144301e-15,
        2.8703125681443264e-15,
        0.9999999999999925
      ]
    ],
    "actions": [
      0,
      0,
      0,
      0,
      0,
      0,
      0,
      0,
      0,
      0,
      0,
      1,
      2,
      0,
      0
    ],
    "efe_history": [
      [
        -1.1990837599296713,
        -1.1990837599296715,
        -1.1990837599296713
      ],
      [
        -1.4327891191434836,
        -1.4327891191434838,
        -1.4327891191434836
      ],
      [
        -1.449086538732054,
        -1.449086538732054,
        -1.449086538732054
      ],
      [
        -1.4500053438506906,
        -1.4500053438506906,
        -1.4500053438506906
      ],
      [
        -1.4500564306907355,
        -1.4500564306907355,
        -1.4500564306907355
      ],
      [
        -1.4500593546428873,
        -1.4500593546428873,
        -1.4500593546428873
      ],
      [
        -1.450059431420814,
        -1.450059431420814,
        -1.450059431420814
      ],
      [
        -1.4500594356862537,
        -1.450059435686254,
        -1.4500594356862537
      ],
      [
        -1.4500594359232235,
        -1.4500594359232235,
        -1.4500594359232235
      ],
      [
        -1.450059435936388,
        -1.450059435936388,
        -1.450059435936388
      ],
      [
        -1.4500594359371195,
        -1.4500594359371195,
        -1.4500594359371195
      ],
      [
        -1.4500594359371601,
        -1.45005943593716,
        -1.4500594359371601
      ],
      [
        -1.4500594359371626,
        -1.4500594359371626,
        -0.6850594359371629
      ],
      [
        -0.6850594359371622,
        -0.6850594359371622,
        -1.4500594359371597
      ],
      [
        -0.6850594359371609,
        -0.6850594359371609,
        -1.4500594359371513
      ]
    ],
    "belief_confidence": [
      0.8999999999999999,
      0.9938650306748466,
      0.9996571820363388,
      0.9999809483891864,
      0.9999989415581324,
      0.9999999411976151,
      0.9999999967332007,
      0.999999999818511,
      0.9999999999899174,
      0.99999999999944,
      0.9999999999999689,
      0.9999999999999982,
      1.0,
      0.9999999999999971,
      0.9999999999999925
    ]
  },
  "observations": [
    1,
    1,
    1,
    1,
    1,
    1,
    1,
    1,
    1,
    1,
    1,
    1,
    0,
    1,
    0
  ],
  "true_states": [
    1,
    1,
    1,
    1,
    1,
    1,
    1,
    1,
    1,
    1,
    1,
    1,
    0,
    2,
    2
  ],
  "beliefs": [
    [
      0.05000000000000008,
      0.8999999999999999,
      0.05000000000000008
    ],
    [
      0.0030674846625767045,
      0.9938650306748466,
      0.0030674846625767045
    ],
    [
      0.0001714089818306549,
      0.9996571820363388,
      0.0001714089818306549
    ],
    [
      9.525805406853113e-06,
      0.9999809483891864,
      9.525805406853113e-06
    ],
    [
      5.292209338691478e-07,
      0.9999989415581324,
      5.292209338691478e-07
    ],
    [
      2.940119238888053e-08,
      0.9999999411976151,
      2.940119238888053e-08
    ],
    [
      1.633399673427397e-09,
      0.9999999967332007,
      1.633399673427397e-09
    ],
    [
      9.074443213705247e-11,
      0.999999999818511,
      9.074443213705247e-11
    ],
    [
      5.041362897367038e-12,
      0.9999999999899174,
      5.041362897367038e-12
    ],
    [
      2.8008127207861374e-13,
      0.99999999999944,
      2.8008127207861374e-13
    ],
    [
      1.5565626226597905e-14,
      0.9999999999999689,
      1.5565626226597905e-14
    ],
    [
      8.70312568144356e-16,
      0.9999999999999982,
      8.70312568144356e-16
    ],
    [
      1.0,
      5.390625378579759e-17,
      5.390625378579759e-17
    ],
    [
      1.5390625378579735e-16,
      2.770312568144345e-15,
      0.9999999999999971
    ],
    [
      4.570312568144301e-15,
      2.8703125681443264e-15,
      0.9999999999999925
    ]
  ],
  "actions": [
    0,
    0,
    0,
    0,
    0,
    0,
    0,
    0,
    0,
    0,
    0,
    1,
    2,
    0,
    0
  ],
  "model_parameters": {
    "A_shape": [
      3,
      3
    ],
    "B_shape": [
      3,
      3,
      3
    ],
    "C_shape": [
      3
    ],
    "D_shape": [
      3
    ],
    "num_states": 3,
    "num_observations": 3,
    "num_actions": 3
  },
  "metrics": {
    "expected_free_energy": [
      [
        -1.1990837599296713,
        -1.1990837599296715,
        -1.1990837599296713
      ],
      [
        -1.4327891191434836,
        -1.4327891191434838,
        -1.4327891191434836
      ],
      [
        -1.449086538732054,
        -1.449086538732054,
        -1.449086538732054
      ],
      [
        -1.4500053438506906,
        -1.4500053438506906,
        -1.4500053438506906
      ],
      [
        -1.4500564306907355,
        -1.4500564306907355,
        -1.4500564306907355
      ],
      [
        -1.4500593546428873,
        -1.4500593546428873,
        -1.4500593546428873
      ],
      [
        -1.450059431420814,
        -1.450059431420814,
        -1.450059431420814
      ],
      [
        -1.4500594356862537,
        -1.450059435686254,
        -1.4500594356862537
      ],
      [
        -1.4500594359232235,
        -1.4500594359232235,
        -1.4500594359232235
      ],
      [
        -1.450059435936388,
        -1.450059435936388,
        -1.450059435936388
      ],
      [
        -1.4500594359371195,
        -1.4500594359371195,
        -1.4500594359371195
      ],
      [
        -1.4500594359371601,
        -1.45005943593716,
        -1.4500594359371601
      ],
      [
        -1.4500594359371626,
        -1.4500594359371626,
        -0.6850594359371629
      ],
      [
        -0.6850594359371622,
        -0.6850594359371622,
        -1.4500594359371597
      ],
      [
        -0.6850594359371609,
        -0.6850594359371609,
        -1.4500594359371513
      ]
    ],