{
  "success": true,
  "framework": "PyMDP",
  "model_name": "Active Inference POMDP Agent",
  "num_timesteps": 15,
  "simulation_trace": {
    "observations": [
      1,
      1,
      2,
      1,
      1,
      1,
      1,
      1,
      1,
      1,
      1,
      0,
      2,
      2,
      2
    ],
    "true_states": [
      1,
      1,
      1,
      1,
      1,
      1,
      1,
      1,
      1,
      1,
      1,
      0,
      2,
      2,
      2
    ],
    "beliefs": [
      [
        0.05000000000000008,
        0.8999999999999999,
        0.05000000000000008
      ],
      [
        0.0030674846625767045,
        0.9938650306748466,
        0.0030674846625767045
      ],
      [
        0.002915451895043839,
        0.9446064139941672,
        0.05247813411078899
      ],
      [
        0.00017091095539225335,
        0.9967526918475474,
        0.003076397197060453
      ],
      [
        9.524263060152023e-06,
        0.9998190390018573,
        0.00017143673508263573
      ],
      [
        5.292161726404567e-07,
        0.9999899448927201,
        9.525891107428172e-06
      ],
      [
        2.9401177693577096e-08,
        0.999999441377624,
        5.292211983843836e-07
      ],
      [
        1.63339962807155e-09,
        0.9999999689654072,
        2.940119320528771e-08
      ],
      [
        9.074443199706833e-11,
        0.9999999982758558,
        1.6333996759472218e-09
      ],
      [
        5.041362896935175e-12,
        0.9999999999042142,
        9.074443214483246e-11
      ],
      [
        2.800812720772922e-13,
        0.9999999999946787,
        5.0413628973912035e-12
      ],
      [
        0.9999999999997045,
        1.556562622659445e-14,
        2.800812720786968e-13
      ],
      [
        1.5565626226598574e-14,
        8.703125681443804e-16,
        0.9999999999999836
      ],
      [
        8.703125681443815e-16,
        5.390625378579984e-17,
        0.9999999999999991
      ],
      [
        5.3906253785799124e-17,
        8.550347432544468e-18,
        1.0
      ]
    ],
    "actions": [
      0,
      0,
      0,
      0,
      0,
      0,
      0,
      0,
      0,
      0,
      1,
      2,
      0,
      0,
      0
    ],
    "efe_history": [
      [
        -1.1990837599296713,
        -1.1990837599296715,
        -1.1990837599296713
      ],
      [
        -1.4327891191434836,
        -1.4327891191434838,
        -1.4327891191434836
      ],
      [
        -1.2908602473629176,
        -1.2908602473629176,
        -1.3287756992579625
      ],
      [
        -1.4397996184682966,
        -1.4397996184682968,
        -1.4420223154431728
      ],
      [
        -1.4494839249013627,
        -1.449483924901363,
        -1.4496077879424598
      ],
      [
        -1.4500274457802627,
        -1.4500274457802627,
        -1.4500343282365877
      ],
      [
        -1.4500577014848097,
        -1.4500577014848097,
        -1.4500580838471255
      ],
      [
        -1.4500593824106678,
        -1.4500593824106678,
        -1.45005940365303
      ],
      [
        -1.450059432963468,
        -1.4500594329634682,
        -1.4500594341435993
      ],
      [
        -1.4500594357719572,
        -1.4500594357719572,
        -1.45005943583752
      ],
      [
        -1.4500594359279848,
        -1.4500594359279846,
        -1.4500594359316272
      ],
      [
        -1.450059435936653,
        -1.450059435936653,
        -0.6850594359370936
      ],
      [
        -0.6850594359371589,
        -0.6850594359371589,
        -1.4500594359371342
      ],
      [
        -0.6850594359371627,
        -0.6850594359371627,
        -1.450059435937161
      ],
      [
        -0.6850594359371629,
        -0.6850594359371629,
        -1.4500594359371624
      ]
    ],
    "belief_confidence": [
      0.8999999999999999,
      0.9938650306748466,
      0.9446064139941672,
      0.9967526918475474,
      0.9998190390018573,
      0.9999899448927201,
      0.999999441377624,
      0.9999999689654072,
      0.9999999982758558,
      0.9999999999042142,
      0.9999999999946787,
      0.9999999999997045,
      0.9999999999999836,
      0.9999999999999991,
      1.0
    ]
  },
  "observations": [
    1,
    1,
    2,
    1,
    1,
    1,
    1,
    1,
    1,
    1,
    1,
    0,
    2,
    2,
    2
  ],
  "true_states": [
    1,
    1,
    1,
    1,
    1,
    1,
    1,
    1,
    1,
    1,
    1,
    0,
    2,
    2,
    2
  ],
  "beliefs": [
    [
      0.05000000000000008,
      0.8999999999999999,
      0.05000000000000008
    ],
    [
      0.0030674846625767045,
      0.9938650306748466,
      0.0030674846625767045
    ],
    [
      0.002915451895043839,
      0.9446064139941672,
      0.05247813411078899
    ],
    [
      0.00017091095539225335,
      0.9967526918475474,
      0.003076397197060453
    ],
    [
      9.524263060152023e-06,
      0.9998190390018573,
      0.00017143673508263573
    ],
    [
      5.292161726404567e-07,
      0.9999899448927201,
      9.525891107428172e-06
    ],
    [
      2.9401177693577096e-08,
      0.999999441377624,
      5.292211983843836e-07
    ],
    [
      1.63339962807155e-09,
      0.9999999689654072,
      2.940119320528771e-08
    ],
    [
      9.074443199706833e-11,
      0.9999999982758558,
      1.6333996759472218e-09
    ],
    [
      5.041362896935175e-12,
      0.9999999999042142,
      9.074443214483246e-11
    ],
    [
      2.800812720772922e-13,
      0.9999999999946787,
      5.0413628973912035e-12
    ],
    [
      0.9999999999997045,
      1.556562622659445e-14,
      2.800812720786968e-13
    ],
    [
      1.5565626226598574e-14,
      8.703125681443804e-16,
      0.9999999999999836
    ],
    [
      8.703125681443815e-16,
      5.390625378579984e-17,
      0.9999999999999991
    ],
    [
      5.3906253785799124e-17,
      8.550347432544468e-18,
      1.0
    ]
  ],
  "actions": [
    0,
    0,
    0,
    0,
    0,
    0,
    0,
    0,
    0,
    0,
    1,
    2,
    0,
    0,
    0
  ],
  "model_parameters": {
    "A_shape": [
      3,
      3
    ],
    "B_shape": [
      3,
      3,
      3
    ],
    "C_shape": [
      3
    ],
    "D_shape": [
      3
    ],
    "num_states": 3,
    "num_observations": 3,
    "num_actions": 3
  },
  "metrics": {
    "expected_free_energy": [
      [
        -1.1990837599296713,
        -1.1990837599296715,
        -1.1990837599296713
      ],
      [
        -1.4327891191434836,
        -1.4327891191434838,
        -1.4327891191434836
      ],
      [
        -1.2908602473629176,
        -1.2908602473629176,
        -1.3287756992579625
      ],
      [
        -1.4397996184682966,
        -1.4397996184682968,
        -1.4420223154431728
      ],
      [
        -1.4494839249013627,
        -1.449483924901363,
        -1.4496077879424598
      ],
      [
        -1.4500274457802627,
        -1.4500274457802627,
        -1.4500343282365877
      ],
      [
        -1.4500577014848097,
        -1.4500577014848097,
        -1.4500580838471255
      ],
      [
        -1.4500593824106678,
        -1.4500593824106678,
        -1.45005940365303
      ],
      [
        -1.450059432963468,
        -1.4500594329634682,
        -1.4500594341435993
      ],
      [
        -1.4500594357719572,
        -1.4500594357719572,
        -1.45005943583752
      ],
      [
        -1.4500594359279848,
        -1.4500594359279846,
        -1.4500594359316272
      ],
      [
        -1.450059435936653,
        -1.450059435936653,
        -0.6850594359370936
      ],
      [
        -0.6850594359371589,
        -0.6850594359371589,
        -1.4500594359371342
      ],
      [
        -0.6850594359371627,
        -0.6850594359371627,
        -1.450059435937161
      ],
      [
        -0.6850594359371629,
        -0.6850594359371629,
        -1.4500594359371624
      ]
    ],