{
  "success": true,
  "framework": "PyMDP",
  "model_name": "Active Inference POMDP Agent",
  "num_timesteps": 15,
  "simulation_trace": {
    "observations": [
      2,
      2,
      2,
      2,
      1,
      2,
      2,
      1,
      2,
      2,
      2,
      2,
      2,
      2,
      0
    ],
    "true_states": [
      2,
      2,
      2,
      2,
      2,
      2,
      2,
      2,
      2,
      2,
      2,
      2,
      2,
      2,
      2
    ],
    "beliefs": [
      [
        0.050000000000000065,
        0.050000000000000065,
        0.8999999999999998
      ],
      [
        0.0030674846625767015,
        0.0030674846625767015,
        0.9938650306748466
      ],
      [
        0.00017140898183065452,
        0.00017140898183065452,
        0.9996571820363386
      ],
      [
        9.525805406853094e-06,
        9.525805406853094e-06,
        0.9999809483891862
      ],
      [
        9.524263060251634e-06,
        0.00017143673508452894,
        0.9998190390018551
      ],
      [
        5.292161726459938e-07,
        9.525891107533386e-06,
        0.9999899448927199
      ],
      [
        2.9401177693884712e-08,
        5.292211983902291e-07,
        0.999999441377624
      ],
      [
        2.9400913280913072e-08,
        9.525895870621606e-06,
        0.999990444703216
      ],
      [
        1.6333988172383859e-09,
        5.292212131910823e-07,
        0.999999469145388
      ],
      [
        9.074442978689292e-11,
        2.9401193256832627e-08,
        0.9999999705080624
      ],
      [
        5.041362906358081e-12,
        1.633399676431037e-09,
        0.9999999983615591
      ],
      [
        9.074443216436575e-11,
        2.8008127300885134e-13,
        0.9999999999089755
      ],
      [
        5.041362898453717e-12,
        1.5565626279607657e-14,
        0.9999999999949432
      ],
      [
        2.8008127213765557e-13,
        8.703125710934704e-16,
        0.9999999999997191
      ],
      [
        5.043262898453775e-12,
        9.703125710888445e-16,
        0.9999999999949558
      ]
    ],
    "actions": [
      0,
      0,
      0,
      0,
      0,
      0,
      0,
      0,
      0,
      0,
      1,
      0,
      0,
      0,
      0
    ],
    "efe_history": [
      [
        -0.5488337599296716,
        -0.5488337599296716,
        -1.199083759929671
      ],
      [
        -0.6748289964440974,
        -0.6748289964440974,
        -1.4327891191434838
      ],
      [
        -0.684479922345355,
        -0.684479922345355,
        -1.4490865387320533
      ],
      [
        -0.6850272055740991,
        -0.6850272055740991,
        -1.4500053438506897
      ],
      [
        -0.6847535091672766,
        -0.6847535091672766,
        -1.4496077879424543
      ],
      [
        -0.6850424252440288,
        -0.6850424252440288,
        -1.4500343282365873
      ],
      [
        -0.6850585336851446,
        -0.6850585336851446,
        -1.4500580838471255
      ],
      [
        -0.6850433136569688,
        -0.685043313656969,
        -1.4500359813632302
      ],
      [
        -0.6850585402105377,
        -0.6850585402105377,
        -1.450058132857209
      ],
      [
        -0.6850594290065681,
        -0.6850594290065681,
        -1.450059406375816
      ],
      [
        -0.68505943555213,
        -0.6850594355521298,
        -1.4500594342948656
      ],
      [
        -0.685059435915772,
        -0.6850594359157722,
        -1.4500594357767185
      ],
      [
        -0.6850594359359745,
        -0.6850594359359745,
        -1.4500594359282493
      ],
      [
        -0.685059435937097,
        -0.685059435937097,
        -1.4500594359366672
      ],
      [
        -0.6850594359359775,
        -0.6850594359359775,
        -1.4500594359282601
      ]
    ],
    "belief_confidence": [
      0.8999999999999998,
      0.9938650306748466,
      0.9996571820363386,
      0.9999809483891862,
      0.9998190390018551,
      0.9999899448927199,
      0.999999441377624,
      0.999990444703216,
      0.999999469145388,
      0.9999999705080624,
      0.9999999983615591,
      0.9999999999089755,
      0.9999999999949432,
      0.9999999999997191,
      0.9999999999949558
    ]
  },
  "observations": [
    2,
    2,
    2,
    2,
    1,
    2,
    2,
    1,
    2,
    2,
    2,
    2,
    2,
    2,
    0
  ],
  "true_states": [
    2,
    2,
    2,
    2,
    2,
    2,
    2,
    2,
    2,
    2,
    2,
    2,
    2,
    2,
    2
  ],
  "beliefs": [
    [
      0.050000000000000065,
      0.050000000000000065,
      0.8999999999999998
    ],
    [
      0.0030674846625767015,
      0.0030674846625767015,
      0.9938650306748466
    ],
    [
      0.00017140898183065452,
      0.00017140898183065452,
      0.9996571820363386
    ],
    [
      9.525805406853094e-06,
      9.525805406853094e-06,
      0.9999809483891862
    ],
    [
      9.524263060251634e-06,
      0.00017143673508452894,
      0.9998190390018551
    ],
    [
      5.292161726459938e-07,
      9.525891107533386e-06,
      0.9999899448927199
    ],
    [
      2.9401177693884712e-08,
      5.292211983902291e-07,
      0.999999441377624
    ],
    [
      2.9400913280913072e-08,
      9.525895870621606e-06,
      0.999990444703216
    ],
    [
      1.6333988172383859e-09,
      5.292212131910823e-07,
      0.999999469145388
    ],
    [
      9.074442978689292e-11,
      2.9401193256832627e-08,
      0.9999999705080624
    ],
    [
      5.041362906358081e-12,
      1.633399676431037e-09,
      0.9999999983615591
    ],
    [
      9.074443216436575e-11,
      2.8008127300885134e-13,
      0.9999999999089755
    ],
    [
      5.041362898453717e-12,
      1.5565626279607657e-14,
      0.9999999999949432
    ],
    [
      2.8008127213765557e-13,
      8.703125710934704e-16,
      0.9999999999997191
    ],
    [
      5.043262898453775e-12,
      9.703125710888445e-16,
      0.9999999999949558
    ]
  ],
  "actions": [
    0,
    0,
    0,
    0,
    0,
    0,
    0,
    0,
    0,
    0,
    1,
    0,
    0,
    0,
    0
  ],
  "model_parameters": {
    "A_shape": [
      3,
      3
    ],
    "B_shape": [
      3,
      3,
      3
    ],
    "C_shape": [
      3
    ],
    "D_shape": [
      3
    ],
    "num_states": 3,
    "num_observations": 3,
    "num_actions": 3
  },
  "metrics": {
    "expected_free_energy": [
      [
        -0.5488337599296716,
        -0.5488337599296716,
        -1.199083759929671
      ],
      [
        -0.6748289964440974,
        -0.6748289964440974,
        -1.4327891191434838
      ],
      [
        -0.684479922345355,
        -0.684479922345355,
        -1.4490865387320533
      ],
      [
        -0.6850272055740991,
        -0.6850272055740991,
        -1.4500053438506897
      ],
      [
        -0.6847535091672766,
        -0.6847535091672766,
        -1.4496077879424543
      ],
      [
        -0.6850424252440288,
        -0.6850424252440288,
        -1.4500343282365873
      ],
      [
        -0.6850585336851446,
        -0.6850585336851446,
        -1.4500580838471255
      ],
      [
        -0.6850433136569688,
        -0.685043313656969,
        -1.4500359813632302
      ],
      [
        -0.6850585402105377,
        -0.6850585402105377,
        -1.450058132857209
      ],
      [
        -0.6850594290065681,
        -0.6850594290065681,
        -1.450059406375816
      ],
      [
        -0.68505943555213,
        -0.6850594355521298,
        -1.4500594342948656
      ],
      [
        -0.685059435915772,
        -0.6850594359157722,
        -1.4500594357767185
      ],
      [
        -0.6850594359359745,
        -0.6850594359359745,
        -1.4500594359282493
      ],
      [
        -0.685059435937097,
        -0.685059435937097,
        -1.4500594359366672
      ],
      [
        -0.6850594359359775,
        -0.6850594359359775,
        -1.4500594359282601
      ]
    ],