{
  "success": true,
  "framework": "PyMDP",
  "model_name": "Active Inference POMDP Agent",
  "num_timesteps": 15,
  "simulation_trace": {
    "observations": [
      0,
      2,
      2,
      2,
      2,
      2,
      2,
      0,
      2,
      2,
      2,
      2,
      2,
      2,
      2
    ],
    "true_states": [
      0,
      2,
      2,
      2,
      2,
      2,
      2,
      2,
      2,
      2,
      2,
      2,
      2,
      2,
      2
    ],
    "beliefs": [
      [
        0.8999999999999999,
        0.05000000000000008,
        0.05000000000000008
      ],
      [
        0.0030674846625767045,
        0.0030674846625767045,
        0.9938650306748466
      ],
      [
        0.00017140898183065485,
        0.00017140898183065485,
        0.9996571820363386
      ],
      [
        9.525805406853111e-06,
        9.525805406853111e-06,
        0.9999809483891862
      ],
      [
        5.292209338691477e-07,
        5.292209338691477e-07,
        0.9999989415581322
      ],
      [
        2.940119238888053e-08,
        2.940119238888053e-08,
        0.9999999411976151
      ],
      [
        1.633399673427397e-09,
        1.633399673427397e-09,
        0.9999999967332007
      ],
      [
        2.9401195105286727e-08,
        1.6333997280714834e-09,
        0.9999999689654052
      ],
      [
        1.6333997815027233e-09,
        9.074443755262056e-11,
        0.9999999982758558
      ],
      [
        9.074443800902704e-11,
        5.041363205576966e-12,
        0.9999999999042142
      ],
      [
        5.041363223179791e-12,
        2.8008128922405805e-13,
        0.9999999999946785
      ],
      [
        2.800812901780626e-13,
        1.556562717919258e-14,
        0.9999999999997045
      ],
      [
        1.55656272321189e-14,
        8.703126210664958e-16,
        0.9999999999999836
      ],
      [
        8.703126240066218e-16,
        5.390625672591724e-17,
        0.9999999999999991
      ],
      [
        5.3906256889256855e-17,
        8.550347595884293e-18,
        1.0
      ]
    ],
    "actions": [
      2,
      0,
      0,
      0,
      0,
      0,
      0,
      0,
      0,
      0,
      0,
      0,
      0,
      0,
      0
    ],
    "efe_history": [
      [
        -1.1990837599296715,
        -1.1990837599296713,
        -0.548833759929672
      ],
      [
        -0.6748289964440974,
        -0.6748289964440974,
        -1.4327891191434838
      ],
      [
        -0.684479922345355,
        -0.684479922345355,
        -1.4490865387320533
      ],
      [
        -0.6850272055740991,
        -0.6850272055740991,
        -1.4500053438506897
      ],
      [
        -0.6850576452527787,
        -0.6850576452527787,
        -1.4500564306907346
      ],
      [
        -0.6850594221186241,
        -0.6850594221186241,
        -1.4500593546428873
      ],
      [
        -0.6850594351694661,
        -0.6850594351694661,
        -1.450059431420814
      ],
      [
        -0.6850594286440441,
        -0.6850594286440441,
        -1.4500593824106645
      ],
      [
        -0.6850594355319898,
        -0.6850594355319898,
        -1.4500594329634682
      ],
      [
        -0.6850594359146532,
        -0.6850594359146532,
        -1.4500594357719572
      ],
      [
        -0.6850594359359121,
        -0.6850594359359121,
        -1.450059435927984
      ],
      [
        -0.6850594359370936,
        -0.6850594359370936,
        -1.450059435936653
      ],
      [
        -0.6850594359371589,
        -0.6850594359371589,
        -1.4500594359371342
      ],
      [
        -0.6850594359371627,
        -0.6850594359371627,
        -1.450059435937161
      ],
      [
        -0.6850594359371629,
        -0.6850594359371629,
        -1.4500594359371624
      ]
    ],
    "belief_confidence": [
      0.8999999999999999,
      0.9938650306748466,
      0.9996571820363386,
      0.9999809483891862,
      0.9999989415581322,
      0.9999999411976151,
      0.9999999967332007,
      0.9999999689654052,
      0.9999999982758558,
      0.9999999999042142,
      0.9999999999946785,
      0.9999999999997045,
      0.9999999999999836,
      0.9999999999999991,
      1.0
    ]
  },
  "observations": [
    0,
    2,
    2,
    2,
    2,
    2,
    2,
    0,
    2,
    2,
    2,
    2,
    2,
    2,
    2
  ],
  "true_states": [
    0,
    2,
    2,
    2,
    2,
    2,
    2,
    2,
    2,
    2,
    2,
    2,
    2,
    2,
    2
  ],
  "beliefs": [
    [
      0.8999999999999999,
      0.05000000000000008,
      0.05000000000000008
    ],
    [
      0.0030674846625767045,
      0.0030674846625767045,
      0.9938650306748466
    ],
    [
      0.00017140898183065485,
      0.00017140898183065485,
      0.9996571820363386
    ],
    [
      9.525805406853111e-06,
      9.525805406853111e-06,
      0.9999809483891862
    ],
    [
      5.292209338691477e-07,
      5.292209338691477e-07,
      0.9999989415581322
    ],
    [
      2.940119238888053e-08,
      2.940119238888053e-08,
      0.9999999411976151
    ],
    [
      1.633399673427397e-09,
      1.633399673427397e-09,
      0.9999999967332007
    ],
    [
      2.9401195105286727e-08,
      1.6333997280714834e-09,
      0.9999999689654052
    ],
    [
      1.6333997815027233e-09,
      9.074443755262056e-11,
      0.9999999982758558
    ],
    [
      9.074443800902704e-11,
      5.041363205576966e-12,
      0.9999999999042142
    ],
    [
      5.041363223179791e-12,
      2.8008128922405805e-13,
      0.9999999999946785
    ],
    [
      2.800812901780626e-13,
      1.556562717919258e-14,
      0.9999999999997045
    ],
    [
      1.55656272321189e-14,
      8.703126210664958e-16,
      0.9999999999999836
    ],
    [
      8.703126240066218e-16,
      5.390625672591724e-17,
      0.9999999999999991
    ],
    [
      5.3906256889256855e-17,
      8.550347595884293e-18,
      1.0
    ]
  ],
  "actions": [
    2,
    0,
    0,
    0,
    0,
    0,
    0,
    0,
    0,
    0,
    0,
    0,
    0,
    0,
    0
  ],
  "model_parameters": {
    "A_shape": [
      3,
      3
    ],
    "B_shape": [
      3,
      3,
      3
    ],
    "C_shape": [
      3
    ],
    "D_shape": [
      3
    ],
    "num_states": 3,
    "num_observations": 3,
    "num_actions": 3
  },
  "metrics": {
    "expected_free_energy": [
      [
        -1.1990837599296715,
        -1.1990837599296713,
        -0.548833759929672
      ],
      [
        -0.6748289964440974,
        -0.6748289964440974,
        -1.4327891191434838
      ],
      [
        -0.684479922345355,
        -0.684479922345355,
        -1.4490865387320533
      ],
      [
        -0.6850272055740991,
        -0.6850272055740991,
        -1.4500053438506897
      ],
      [
        -0.6850576452527787,
        -0.6850576452527787,
        -1.4500564306907346
      ],
      [
        -0.6850594221186241,
        -0.6850594221186241,
        -1.4500593546428873
      ],
      [
        -0.6850594351694661,
        -0.6850594351694661,
        -1.450059431420814
      ],
      [
        -0.6850594286440441,
        -0.6850594286440441,
        -1.4500593824106645
      ],
      [
        -0.6850594355319898,
        -0.6850594355319898,
        -1.4500594329634682
      ],
      [
        -0.6850594359146532,
        -0.6850594359146532,
        -1.4500594357719572
      ],
      [
        -0.6850594359359121,
        -0.6850594359359121,
        -1.450059435927984
      ],
      [
        -0.6850594359370936,
        -0.6850594359370936,
        -1.450059435936653
      ],
      [
        -0.6850594359371589,
        -0.6850594359371589,
        -1.4500594359371342
      ],
      [
        -0.6850594359371627,
        -0.6850594359371627,
        -1.450059435937161
      ],
      [
        -0.6850594359371629,
        -0.6850594359371629,
        -1.4500594359371624
      ]
    ],