{
  "export_timestamp": "2025-08-29T15:07:00.458827",
  "model_name": "actinf_pomdp_agent",
  "framework": "DisCoPy Enhanced",
  "data_files": [
    "discopy_enhanced_20250829_150700.json",
    "categorical_analysis_20250829_150700.csv"
  ],
  "summary": {
    "total_analysis_steps": 12,
    "average_semantic_score": 0.9292809119132871,
    "semantic_score_variance": 0.005576516979164173,
    "semantic_score_stability": 179.29125159738314,
    "analysis_efficiency": 575.2085130859939,
    "total_duration_ms": 20.861999999999995,
    "categorical_validity": true
  }
}