{
  "metrics": {
    "expected_free_energy": [
      3.3550622703395,
      3.3550622703395,
      3.3550622703395,
      3.2719372703395,
      3.3550622703395,
      3.271937270339502,
      3.3550622703395,
      3.2719372703395,
      3.022562270339501,
      2.6900622703395016,
      0.8613122703395023,
      0.8613122703395023,
      0.8613122703395023,
      0.8613122703395023,
      0.8613122703395023
    ],
    "policy_posterior": [
      [
        0.1727443961427012,
        0.24088340578594716,
        0.1727443961427012,
        0.2408834057859493,
        0.1727443961427012
      ],
      [
        0.1727443961427012,
        0.24088340578594716,
        0.1727443961427012,
        0.2408834057859493,
        0.1727443961427012
      ],
      [
        0.1727443961427012,
        0.24088340578594716,
        0.1727443961427012,
        0.2408834057859493,
        0.1727443961427012
      ],
      [
        0.1727443961427012,
        0.24088340578594716,
        0.1727443961427012,
        0.2408834057859493,
        0.1727443961427012
      ],
      [
        0.1356279079507625,
        0.36775434156993725,
        0.09726266108953752,
        0.2637271814390002,
        0.1356279079507625
      ],
      [
        0.1727443961427012,
        0.24088340578594716,
        0.1727443961427012,
        0.2408834057859493,
        0.1727443961427012
      ],
      [
        0.09726266108953766,
        0.26372718143900153,
        0.13562790795076146,
        0.3677543415699378,
        0.13562790795076146
      ],
      [
        0.1727443961427012,
        0.24088340578594716,
        0.1727443961427012,
        0.2408834057859493,
        0.1727443961427012
      ],
      [
        0.1356279079507625,
        0.36775434156993725,
        0.09726266108953752,
        0.2637271814390002,
        0.1356279079507625
      ],
      [
        0.03965727838412203,
        0.4065774732943346,
        0.03965727838412168,
        0.40657747329433386,
        0.10753049664308793
      ],
      [
        0.00012601219712696303,
        0.9983694776453916,
        0.000175717695579764,
        0.0006643962309506895,
        0.0006643962309506895
      ],
      [
        0.00022172873348362052,
        0.33318551417767756,
        0.00022172873348362093,
        0.33318551417767756,
        0.33318551417767756
      ],
      [
        0.00022172873348362052,
        0.33318551417767756,
        0.00022172873348362093,
        0.33318551417767756,
        0.33318551417767756
      ],
      [
        0.00022172873348362052,
        0.33318551417767756,
        0.00022172873348362093,
        0.33318551417767756,
        0.33318551417767756
      ],
      [
        0.00022172873348362052,
        0.33318551417767756,
        0.00022172873348362093,
        0.33318551417767756,
        0.33318551417767756
      ]
    ],
    "belief_confidence": [
      1.0,
      1.0,
      1.0,
      1.0,
      1.0,
      1.0,
      1.0,
      1.0,
      1.0,
      1.0,
      1.0,
      1.0,
      1.0,
      1.0,
      1.0
    ]
  },
  "efe_per_action": [
    [
      3.3550622703395,
      3.271937270339502,
      3.3550622703395,
      3.2719372703395,
      3.3550622703395
    ],
    [
      3.3550622703395,
      3.271937270339502,
      3.3550622703395,
      3.2719372703395,
      3.3550622703395
    ],
    [
      3.3550622703395,
      3.271937270339502,
      3.3550622703395,
      3.2719372703395,
      3.3550622703395
    ],
    [
      3.3550622703395,
      3.271937270339502,
      3.3550622703395,
      3.2719372703395,
      3.3550622703395
    ],
    [
      3.2719372703395,
      3.022562270339501,
      3.3550622703395,
      3.1056872703395015,
      3.2719372703395
    ],
    [
      3.3550622703395,
      3.271937270339502,
      3.3550622703395,
      3.2719372703395,
      3.3550622703395
    ],
    [
      3.3550622703395,
      3.1056872703395006,
      3.271937270339502,
      3.022562270339501,
      3.271937270339502
    ],
    [
      3.3550622703395,
      3.271937270339502,
      3.3550622703395,
      3.2719372703395,
      3.3550622703395
    ],
    [
      3.2719372703395,
      3.022562270339501,
      3.3550622703395,
      3.1056872703395015,
      3.2719372703395
    ],
    [
      3.2719372703395,
      2.690062270339501,
      3.271937270339502,
      2.6900622703395016,
      3.022562270339501
    ],
    [
      3.1056872703395015,
      0.8613122703395023,
      3.022562270339501,
      2.6900622703395016,
      2.6900622703395016
    ],
    [
      2.6900622703395016,
      0.8613122703395023,
      2.690062270339501,
      0.8613122703395023,
      0.8613122703395023
    ],
    [
      2.6900622703395016,
      0.8613122703395023,
      2.690062270339501,
      0.8613122703395023,
      0.8613122703395023
    ],
    [
      2.6900622703395016,
      0.8613122703395023,
      2.690062270339501,
      0.8613122703395023,
      0.8613122703395023
    ],
    [
      2.6900622703395016,
      0.8613122703395023,
      2.690062270339501,
      0.8613122703395023,
      0.8613122703395023
    ]
  ],
  "runtime_metadata": {
    "random_seed": 42,
    "julia_version": "1.12.1",
    "rxinfer_version": "4.6.6",
    "schema_version": "rxinfer_simulation_v1",
    "generated_at": "2026-06-18T09:05:06.848"
  },
  "expected_free_energy": [
    3.3550622703395,
    3.3550622703395,
    3.3550622703395,
    3.2719372703395,
    3.3550622703395,
    3.271937270339502,
    3.3550622703395,
    3.2719372703395,
    3.022562270339501,
    2.6900622703395016,
    0.8613122703395023,
    0.8613122703395023,
    0.8613122703395023,
    0.8613122703395023,
    0.8613122703395023
  ],
  "beliefs_by_factor": {
    "joint_state": [
      [
        1.0,
        0.0,
        0.0,
        0.0,
        0.0,
        0.0,
        0.0,
        0.0,
        0.0
      ],
      [
        1.0,
        0.0,
        0.0,
        0.0,
        0.0,
        0.0,
        0.0,
        0.0,
        0.0
      ],
      [
        1.0,
        0.0,
        0.0,
        0.0,
        0.0,
        0.0,
        0.0,
        0.0,
        0.0
      ],
      [
        0.0,
        1.0,
        0.0,
        0.0,
        0.0,
        0.0,
        0.0,
        0.0,
        0.0
      ],
      [
        1.0,
        0.0,
        0.0,
        0.0,
        0.0,
        0.0,
        0.0,
        0.0,
        0.0
      ],
      [
        0.0,
        0.0,
        0.0,
        1.0,
        0.0,
        0.0,
        0.0,
        0.0,
        0.0
      ],
      [
        1.0,
        0.0,
        0.0,
        0.0,
        0.0,
        0.0,
        0.0,
        0.0,
        0.0
      ],
      [
        0.0,
        1.0,
        0.0,
        0.0,
        0.0,
        0.0,
        0.0,
        0.0,
        0.0
      ],
      [
        0.0,
        0.0,
        0.0,
        0.0,
        1.0,
        0.0,
        0.0,
        0.0,
        0.0
      ],
      [
        0.0,
        0.0,
        0.0,
        0.0,
        0.0,
        1.0,
        0.0,
        0.0,
        0.0
      ],
      [
        0.0,
        0.0,
        0.0,
        0.0,
        0.0,
        0.0,
        0.0,
        0.0,
        1.0
      ],
      [
        0.0,
        0.0,
        0.0,
        0.0,
        0.0,
        0.0,
        0.0,
        0.0,
        1.0
      ],
      [
        0.0,
        0.0,
        0.0,
        0.0,
        0.0,
        0.0,
        0.0,
        0.0,
        1.0
      ],
      [
        0.0,
        0.0,
        0.0,
        0.0,
        0.0,
        0.0,
        0.0,
        0.0,
        1.0
      ],
      [
        0.0,
        0.0,
        0.0,
        0.0,
        0.0,
        0.0,
        0.0,
        0.0,
        1.0
      ]
    ]
  },