{
  "model_name": "pytorch_pomdp",
  "framework": "pytorch",
  "num_timesteps": 30,
  "num_states": 2,
  "num_observations": 2,
  "num_actions": 2,
  "beliefs": [
    [
      0.09999999999999998,
      0.8999999999999998
    ],
    [
      0.012195121951219511,
      0.9878048780487804
    ],
    [
      0.0013698630136986301,
      0.9986301369863012
    ],
    [
      0.0001523925632429138,
      0.999847607436757
    ],
    [
      1.6934801016088065e-05,
      0.9999830651989838
    ],
    [
      0.00015239256324291365,
      0.9998476074367562
    ],
    [
      0.0013698630136986293,
      0.9986301369863004
    ],
    [
      0.012195121951219504,
      0.9878048780487795
    ],
    [
      0.0013698630136986306,
      0.9986301369863012
    ],
    [
      0.00015239256324291382,
      0.999847607436757
    ],
    [
      1.6934801016088068e-05,
      0.9999830651989838
    ],
    [
      1.8816728824594226e-06,
      0.9999981183271174
    ],
    [
      2.0907511441635648e-07,
      0.9999997909248856
    ],
    [
      2.3230572585759276e-08,
      0.9999999767694273
    ],
    [
      2.0907511441635632e-07,
      0.9999997909248846
    ],
    [
      2.323057258575928e-08,
      0.9999999767694273
    ],
    [
      2.581174785050736e-09,
      0.9999999974188251
    ],
    [
      2.867971989969917e-10,
      0.9999999997132026
    ],
    [
      2.5811747850507337e-09,
      0.9999999974188242
    ],
    [
      2.3230572585759263e-08,
      0.9999999767694265
    ],
    [
      2.0907511441635635e-07,
      0.9999997909248846
    ],
    [
      2.3230572585759283e-08,
      0.9999999767694273
    ],
    [
      2.5811747850507366e-09,
      0.9999999974188251
    ],
    [
      2.867971989969918e-10,
      0.9999999997132026
    ],
    [
      3.1866355452233914e-11,
      0.9999999999681335
    ],
    [
      2.867971989969915e-10,
      0.9999999997132017
    ],
    [
      3.1866355452233914e-11,
      0.9999999999681335
    ],
    [
      2.867971989969915e-10,
      0.9999999997132017
    ],
    [
      2.581174785050734e-09,
      0.9999999974188242
    ],
    [
      2.867971989969918e-10,
      0.9999999997132026
    ]
  ],
  "actions": [
    1,
    0,
    0,
    0,
    1,
    1,
    0,
    0,
    0,
    0,
    1,
    0,
    1,
    1,
    1,
    0,
    0,
    0,
    1,
    0,
    0,
    0,
    1,
    0,
    1,
    1,
    1,
    0,
    1,
    0
  ],
  "observations": [
    1,
    1,
    1,
    1,
    1,
    0,
    0,
    0,
    1,
    1,
    1,
    1,
    1,
    1,
    0,
    1,
    1,
    1,
    0,
    0,
    0,
    1,
    1,
    1,
    1,
    0,
    1,
    0,
    0,
    1
  ],
  "efe_history": [
    [
      0.3503331202591726,
      0.6063331202591726
    ],
    [
      0.33865702720208885,
      0.6508521491533082
    ],
    [
      0.33745720815013425,
      0.656580495821367
    ],
    [
      0.3373256079934828,
      0.6572280767530072
    ],
    [
      0.33731100774848655,
      0.657300169475836
    ],
    [
      0.3373256079934815,
      0.6572280767530057
    ],
    [
      0.3374572081501332,
      0.6565804958213657
    ],
    [
      0.3386570272020877,
      0.6508521491533066
    ],
    [
      0.33745720815013425,
      0.656580495821367
    ],
    [
      0.3373256079934828,
      0.6572280767530072
    ],
    [
      0.33731100774848655,
      0.657300169475836
    ],
    [
      0.3373093857717675,
      0.6573081815011226
    ],
    [
      0.337309205555501,
      0.6573090717474275
    ],
    [
      0.33730918553151296,
      0.6573091706639465
    ],
    [
      0.3373092055554997,
      0.6573090717474259
    ],
    [
      0.33730918553151296,
      0.6573091706639465
    ],
    [
      0.3373091833066258,
      0.6573091816546739
    ],
    [
      0.3373091830594159,
      0.6573091828758655
    ],
    [
      0.33730918330662474,
      0.6573091816546726
    ],
    [
      0.33730918553151185,
      0.6573091706639449
    ],
    [
      0.3373092055554997,
      0.6573090717474259
    ],
    [
      0.33730918553151296,
      0.6573091706639465
    ],
    [
      0.3373091833066258,
      0.6573091816546739
    ],
    [
      0.3373091830594159,
      0.6573091828758655
    ],
    [
      0.33730918303194823,
      0.6573091830115536
    ],
    [
      0.33730918305941493,
      0.6573091828758643
    ],
    [
      0.33730918303194823,
      0.6573091830115536
    ],
    [
      0.33730918305941493,
      0.6573091828758643
    ],
    [
      0.33730918330662474,
      0.6573091816546726
    ],
    [
      0.3373091830594159,
      0.6573091828758655
    ]
  ],
  "validation": {
    "beliefs_in_range": true,
    "beliefs_sum_to_one": true,
    "actions_in_range": true,
    "all_valid": true
  },
  "execution_time_seconds": 0.0022,
  "torch_version": "2.11.0"
}