{
  "success": true,
  "framework": "PyMDP",
  "model_name": "Two State Bistable POMDP",
  "num_timesteps": 15,
  "simulation_trace": {
    "observations": [
      0,
      0,
      0,
      1,
      0,
      0,
      1,
      1,
      0,
      1,
      0,
      1,
      1,
      1,
      0
    ],
    "true_states": [
      0,
      0,
      0,
      1,
      1,
      0,
      1,
      0,
      0,
      1,
      0,
      1,
      1,
      1,
      0
    ],
    "beliefs": [
      [
        0.8,
        0.20000000000000004
      ],
      [
        0.7047619047619047,
        0.29523809523809535
      ],
      [
        0.7447983014861995,
        0.25520169851380053
      ],
      [
        0.1436835846088925,
        0.8563164153911075
      ],
      [
        0.6257578608495199,
        0.37424213915048016
      ],
      [
        0.7743341945636896,
        0.22566580543631043
      ],
      [
        0.13616671769937372,
        0.8638332823006263
      ],
      [
        0.09305769715680087,
        0.9069423028431992
      ],
      [
        0.5957327947364615,
        0.4042672052635385
      ],
      [
        0.1856163518597063,
        0.8143836481402937
      ],
      [
        0.6488367502531341,
        0.35116324974686575
      ],
      [
        0.16985828811024917,
        0.8301417118897509
      ],
      [
        0.10013394377652662,
        0.8998660562234733
      ],
      [
        0.08574101542900897,
        0.9142589845709911
      ],
      [
        0.5911813890644492,
        0.40881861093555083
      ]
    ],
    "actions": [
      1,
      1,
      1,
      0,
      1,
      1,
      0,
      0,
      1,
      0,
      1,
      0,
      0,
      0,
      1
    ],
    "efe_history": [
      [
        -1.097220927401219,
        -0.7941906243709157
      ],
      [
        -1.0323833550560573,
        -0.8447931674658697
      ],
      [
        -1.0592279175023331,
        -0.8231087641857278
      ],
      [
        -0.7185648919737573,
        -1.211069637902372
      ],
      [
        -0.9811512957012751,
        -0.8893235855806447
      ],
      [
        -1.0794144114315838,
        -0.8074941755968087
      ],
      [
        -0.7151656560526813,
        -1.2167817558110159
      ],
      [
        -0.6961005566474558,
        -1.2499700146392123
      ],
      [
        -0.9622840351980116,
        -0.9068503446083614
      ],
      [
        -0.7379314699022176,
        -1.1796086191631794
      ],
      [
        -0.9958792326872539,
        -0.8760771111683032
      ],
      [
        -0.7305735525910171,
        -1.1913513851846542
      ],
      [
        -0.6991796302300236,
        -1.244471819591809
      ],
      [
        -0.6929378105800134,
        -1.2556759736963659
      ],
      [
        -0.9594529402147486,
        -0.9095361049851131
      ]
    ],
    "belief_confidence": [
      0.8,
      0.7047619047619047,
      0.7447983014861995,
      0.8563164153911075,
      0.6257578608495199,
      0.7743341945636896,
      0.8638332823006263,
      0.9069423028431992,
      0.5957327947364615,
      0.8143836481402937,
      0.6488367502531341,
      0.8301417118897509,
      0.8998660562234733,
      0.9142589845709911,
      0.5911813890644492
    ]
  },
  "observations": [
    0,
    0,
    0,
    1,
    0,
    0,
    1,
    1,
    0,
    1,
    0,
    1,
    1,
    1,
    0
  ],
  "true_states": [
    0,
    0,
    0,
    1,
    1,
    0,
    1,
    0,
    0,
    1,
    0,
    1,
    1,
    1,
    0
  ],
  "beliefs": [
    [
      0.8,
      0.20000000000000004
    ],
    [
      0.7047619047619047,
      0.29523809523809535
    ],
    [
      0.7447983014861995,
      0.25520169851380053
    ],
    [
      0.1436835846088925,
      0.8563164153911075
    ],
    [
      0.6257578608495199,
      0.37424213915048016
    ],
    [
      0.7743341945636896,
      0.22566580543631043
    ],
    [
      0.13616671769937372,
      0.8638332823006263
    ],
    [
      0.09305769715680087,
      0.9069423028431992
    ],
    [
      0.5957327947364615,
      0.4042672052635385
    ],
    [
      0.1856163518597063,
      0.8143836481402937
    ],
    [
      0.6488367502531341,
      0.35116324974686575
    ],
    [
      0.16985828811024917,
      0.8301417118897509
    ],
    [
      0.10013394377652662,
      0.8998660562234733
    ],
    [
      0.08574101542900897,
      0.9142589845709911
    ],
    [
      0.5911813890644492,
      0.40881861093555083
    ]
  ],
  "actions": [
    1,
    1,
    1,
    0,
    1,
    1,
    0,
    0,
    1,
    0,
    1,
    0,
    0,
    0,
    1
  ],
  "model_parameters": {
    "A_shape": [
      2,
      2
    ],
    "B_shape": [
      2,
      2,
      2
    ],
    "C_shape": [
      2
    ],
    "D_shape": [
      2
    ],
    "num_states": 2,
    "num_observations": 2,
    "num_actions": 2
  },
  "metrics": {
    "expected_free_energy": [
      [
        -1.097220927401219,
        -0.7941906243709157
      ],
      [
        -1.0323833550560573,
        -0.8447931674658697
      ],
      [
        -1.0592279175023331,
        -0.8231087641857278
      ],
      [
        -0.7185648919737573,
        -1.211069637902372
      ],
      [
        -0.9811512957012751,
        -0.8893235855806447
      ],
      [
        -1.0794144114315838,
        -0.8074941755968087
      ],
      [
        -0.7151656560526813,
        -1.2167817558110159
      ],
      [
        -0.6961005566474558,
        -1.2499700146392123
      ],
      [
        -0.9622840351980116,
        -0.9068503446083614
      ],
      [
        -0.7379314699022176,
        -1.1796086191631794
      ],
      [
        -0.9958792326872539,
        -0.8760771111683032
      ],
      [
        -0.7305735525910171,
        -1.1913513851846542
      ],
      [
        -0.6991796302300236,
        -1.244471819591809
      ],
      [
        -0.6929378105800134,
        -1.2556759736963659
      ],
      [
        -0.9594529402147486,
        -0.9095361049851131
      ]
    ],
    "belief_confidence": [
      0.8,
      0.7047619047619047,
      0.7447983014861995,
      0.8563164153911075,
      0.6257578608495199,
      0.7743341945636896,
      0.8638332823006263,
      0.9069423028431992,
      0.5957327947364615,
      0.8143836481402937,
      0.6488367502531341,
      0.8301417118897509,
      0.8998660562234733,
      0.9142589845709911,
      0.5911813890644492
    ],
    "cumulative_preference": [
      0.0,
      0.0,
      0.0,
      2.0,
      0.0,
      0.0,
      2.0,
      2.0,
      0.0,
      2.0,
      0.0,
      2.0,
      2.0,
      2.0,
      0.0
    ]
  },
  "validation": {
    "all_beliefs_valid": true,
    "beliefs_sum_to_one": true,
    "actions_in_range": true
  }
}