{
  "success": true,
  "framework": "PyMDP",
  "model_name": "Two State Bistable POMDP",
  "num_timesteps": 15,
  "simulation_trace": {
    "observations": [
      1,
      1,
      1,
      0,
      1,
      1,
      1,
      1,
      1,
      1,
      0,
      0,
      0,
      0,
      1
    ],
    "true_states": [
      1,
      1,
      1,
      0,
      1,
      1,
      1,
      1,
      1,
      1,
      0,
      0,
      1,
      0,
      1
    ],
    "beliefs": [
      [
        0.20000000000000004,
        0.8
      ],
      [
        0.10666666666666677,
        0.8933333333333332
      ],
      [
        0.08704883227176227,
        0.9129511677282378
      ],
      [
        0.5919990460859715,
        0.40800095391402846
      ],
      [
        0.18676152253296646,
        0.8132384774670335
      ],
      [
        0.10377335315677225,
        0.8962266468432278
      ],
      [
        0.08646860045336821,
        0.9135313995466319
      ],
      [
        0.08303142954114616,
        0.9169685704588539
      ],
      [
        0.08235540776557669,
        0.9176445922344233
      ],
      [
        0.0822227062528335,
        0.9177772937471664
      ],
      [
        0.5889727358370773,
        0.4110272641629226
      ],
      [
        0.7870980090930317,
        0.21290199090696832
      ],
      [
        0.710501738740483,
        0.28949826125951705
      ],
      [
        0.7425303610251457,
        0.2574696389748543
      ],
      [
        0.14427073692491,
        0.8557292630750899
      ]
    ],
    "actions": [
      0,
      0,
      0,
      1,
      0,
      0,
      0,
      0,
      0,
      0,
      1,
      1,
      1,
      1,
      0
    ],
    "efe_history": [
      [
        -0.7447313485922432,
        -1.1689737728346672
      ],
      [
        -0.7020398413548998,
        -1.2394135787286373
      ],
      [
        -0.693501568468575,
        -1.254654499048257
      ],
      [
        -0.9599609834927737,
        -0.9090530488431113
      ],
      [
        -0.7384699272566562,
        -1.1787589908530602
      ],
      [
        -0.7007709800835161,
        -1.2416517641359133
      ],
      [
        -0.6932513649664998,
        -1.2551076068412046
      ],
      [
        -0.691771966451277,
        -1.2577944760983724
      ],
      [
        -0.6914815537270014,
        -1.25832348370812
      ],
      [
        -0.6914245678098245,
        -1.2584273481094197
      ],
      [
        -0.9580818432138414,
        -0.9108421634113235
      ],
      [
        -1.0882388548970146,
        -0.8008473287236432
      ],
      [
        -1.0361953937136006,
        -0.8416478316039245
      ],
      [
        -1.0576913317265193,
        -0.8243211971505853
      ],
      [
        -0.7188313417254835,
        -1.2106243878771075
      ]
    ],
    "belief_confidence": [
      0.8,
      0.8933333333333332,
      0.9129511677282378,
      0.5919990460859715,
      0.8132384774670335,
      0.8962266468432278,
      0.9135313995466319,
      0.9169685704588539,
      0.9176445922344233,
      0.9177772937471664,
      0.5889727358370773,
      0.7870980090930317,
      0.710501738740483,
      0.7425303610251457,
      0.8557292630750899
    ]
  },
  "observations": [
    1,
    1,
    1,
    0,
    1,
    1,
    1,
    1,
    1,
    1,
    0,
    0,
    0,
    0,
    1
  ],
  "true_states": [
    1,
    1,
    1,
    0,
    1,
    1,
    1,
    1,
    1,
    1,
    0,
    0,
    1,
    0,
    1
  ],
  "beliefs": [
    [
      0.20000000000000004,
      0.8
    ],
    [
      0.10666666666666677,
      0.8933333333333332
    ],
    [
      0.08704883227176227,
      0.9129511677282378
    ],
    [
      0.5919990460859715,
      0.40800095391402846
    ],
    [
      0.18676152253296646,
      0.8132384774670335
    ],
    [
      0.10377335315677225,
      0.8962266468432278
    ],
    [
      0.08646860045336821,
      0.9135313995466319
    ],
    [
      0.08303142954114616,
      0.9169685704588539
    ],
    [
      0.08235540776557669,
      0.9176445922344233
    ],
    [
      0.0822227062528335,
      0.9177772937471664
    ],
    [
      0.5889727358370773,
      0.4110272641629226
    ],
    [
      0.7870980090930317,
      0.21290199090696832
    ],
    [
      0.710501738740483,
      0.28949826125951705
    ],
    [
      0.7425303610251457,
      0.2574696389748543
    ],
    [
      0.14427073692491,
      0.8557292630750899
    ]
  ],
  "actions": [
    0,
    0,
    0,
    1,
    0,
    0,
    0,
    0,
    0,
    0,
    1,
    1,
    1,
    1,
    0
  ],
  "model_parameters": {
    "A_shape": [
      2,
      2
    ],
    "B_shape": [
      2,
      2,
      2
    ],
    "C_shape": [
      2
    ],
    "D_shape": [
      2
    ],
    "num_states": 2,
    "num_observations": 2,
    "num_actions": 2
  },
  "metrics": {
    "expected_free_energy": [
      [
        -0.7447313485922432,
        -1.1689737728346672
      ],
      [
        -0.7020398413548998,
        -1.2394135787286373
      ],
      [
        -0.693501568468575,
        -1.254654499048257
      ],
      [
        -0.9599609834927737,
        -0.9090530488431113
      ],
      [
        -0.7384699272566562,
        -1.1787589908530602
      ],
      [
        -0.7007709800835161,
        -1.2416517641359133
      ],
      [
        -0.6932513649664998,
        -1.2551076068412046
      ],
      [
        -0.691771966451277,
        -1.2577944760983724
      ],
      [
        -0.6914815537270014,
        -1.25832348370812
      ],
      [
        -0.6914245678098245,
        -1.2584273481094197
      ],
      [
        -0.9580818432138414,
        -0.9108421634113235
      ],
      [
        -1.0882388548970146,
        -0.8008473287236432
      ],
      [
        -1.0361953937136006,
        -0.8416478316039245
      ],
      [
        -1.0576913317265193,
        -0.8243211971505853
      ],
      [
        -0.7188313417254835,
        -1.2106243878771075
      ]
    ],
    "belief_confidence": [
      0.8,
      0.8933333333333332,
      0.9129511677282378,
      0.5919990460859715,
      0.8132384774670335,
      0.8962266468432278,
      0.9135313995466319,
      0.9169685704588539,
      0.9176445922344233,
      0.9177772937471664,
      0.5889727358370773,
      0.7870980090930317,
      0.710501738740483,
      0.7425303610251457,
      0.8557292630750899
    ],
    "cumulative_preference": [
      2.0,
      2.0,
      2.0,
      0.0,
      2.0,
      2.0,
      2.0,
      2.0,
      2.0,
      2.0,
      0.0,
      0.0,
      0.0,
      0.0,
      2.0
    ]
  },
  "validation": {
    "all_beliefs_valid": true,
    "beliefs_sum_to_one": true,
    "actions_in_range": true
  }
}