{
  "success": true,
  "framework": "PyMDP",
  "model_name": "Two State Bistable POMDP",
  "num_timesteps": 15,
  "simulation_trace": {
    "observations": [
      1,
      1,
      1,
      0,
      1,
      0,
      0,
      1,
      1,
      0,
      0,
      0,
      0,
      1,
      1
    ],
    "true_states": [
      1,
      1,
      1,
      1,
      1,
      0,
      0,
      1,
      1,
      1,
      0,
      1,
      0,
      1,
      1
    ],
    "beliefs": [
      [
        0.20000000000000004,
        0.8
      ],
      [
        0.10666666666666677,
        0.8933333333333332
      ],
      [
        0.08704883227176227,
        0.9129511677282378
      ],
      [
        0.5919990460859715,
        0.40800095391402846
      ],
      [
        0.18676152253296646,
        0.8132384774670335
      ],
      [
        0.6494459271667765,
        0.3505540728332236
      ],
      [
        0.7657942739621014,
        0.2342057260378985
      ],
      [
        0.13831566478009685,
        0.8616843352199031
      ],
      [
        0.09350213559219335,
        0.9064978644078066
      ],
      [
        0.5960074637291198,
        0.4039925362708803
      ],
      [
        0.7847023515172267,
        0.21529764848277338
      ],
      [
        0.7115559984077952,
        0.2884440015922049
      ],
      [
        0.7421118973514259,
        0.2578881026485742
      ],
      [
        0.14437923193767835,
        0.8556207680623217
      ],
      [
        0.09476119347450275,
        0.9052388065254973
      ]
    ],
    "actions": [
      0,
      0,
      0,
      1,
      0,
      1,
      1,
      0,
      0,
      1,
      1,
      1,
      1,
      0,
      0
    ],
    "efe_history": [
      [
        -0.7447313485922432,
        -1.1689737728346672
      ],
      [
        -0.7020398413548998,
        -1.2394135787286373
      ],
      [
        -0.693501568468575,
        -1.254654499048257
      ],
      [
        -0.9599609834927737,
        -0.9090530488431113
      ],
      [
        -0.7384699272566562,
        -1.1787589908530602
      ],
      [
        -0.9962706410844618,
        -0.875730123306551
      ],
      [
        -1.0735442670152038,
        -0.8119754500914448
      ],
      [
        -0.7161351826107809,
        -1.2151464980288451
      ],
      [
        -0.6962933585482345,
        -1.2496241032849698
      ],
      [
        -0.9624551302163137,
        -0.9066885075143502
      ],
      [
        -1.0865779294200073,
        -0.8020902306112481
      ],
      [
        -1.036896894825024,
        -0.8410714422095146
      ],
      [
        -1.0574080215600714,
        -0.8245451156795554
      ],
      [
        -0.7188805915219645,
        -1.2105421285672024
      ],
      [
        -0.6968399771376416,
        -1.2486445911079413
      ]
    ],
    "belief_confidence": [
      0.8,
      0.8933333333333332,
      0.9129511677282378,
      0.5919990460859715,
      0.8132384774670335,
      0.6494459271667765,
      0.7657942739621014,
      0.8616843352199031,
      0.9064978644078066,
      0.5960074637291198,
      0.7847023515172267,
      0.7115559984077952,
      0.7421118973514259,
      0.8556207680623217,
      0.9052388065254973
    ]
  },
  "observations": [
    1,
    1,
    1,
    0,
    1,
    0,
    0,
    1,
    1,
    0,
    0,
    0,
    0,
    1,
    1
  ],
  "true_states": [
    1,
    1,
    1,
    1,
    1,
    0,
    0,
    1,
    1,
    1,
    0,
    1,
    0,
    1,
    1
  ],
  "beliefs": [
    [
      0.20000000000000004,
      0.8
    ],
    [
      0.10666666666666677,
      0.8933333333333332
    ],
    [
      0.08704883227176227,
      0.9129511677282378
    ],
    [
      0.5919990460859715,
      0.40800095391402846
    ],
    [
      0.18676152253296646,
      0.8132384774670335
    ],
    [
      0.6494459271667765,
      0.3505540728332236
    ],
    [
      0.7657942739621014,
      0.2342057260378985
    ],
    [
      0.13831566478009685,
      0.8616843352199031
    ],
    [
      0.09350213559219335,
      0.9064978644078066
    ],
    [
      0.5960074637291198,
      0.4039925362708803
    ],
    [
      0.7847023515172267,
      0.21529764848277338
    ],
    [
      0.7115559984077952,
      0.2884440015922049
    ],
    [
      0.7421118973514259,
      0.2578881026485742
    ],
    [
      0.14437923193767835,
      0.8556207680623217
    ],
    [
      0.09476119347450275,
      0.9052388065254973
    ]
  ],
  "actions": [
    0,
    0,
    0,
    1,
    0,
    1,
    1,
    0,
    0,
    1,
    1,
    1,
    1,
    0,
    0
  ],
  "model_parameters": {
    "A_shape": [
      2,
      2
    ],
    "B_shape": [
      2,
      2,
      2
    ],
    "C_shape": [
      2
    ],
    "D_shape": [
      2
    ],
    "num_states": 2,
    "num_observations": 2,
    "num_actions": 2
  },
  "metrics": {
    "expected_free_energy": [
      [
        -0.7447313485922432,
        -1.1689737728346672
      ],
      [
        -0.7020398413548998,
        -1.2394135787286373
      ],
      [
        -0.693501568468575,
        -1.254654499048257
      ],
      [
        -0.9599609834927737,
        -0.9090530488431113
      ],
      [
        -0.7384699272566562,
        -1.1787589908530602
      ],
      [
        -0.9962706410844618,
        -0.875730123306551
      ],
      [
        -1.0735442670152038,
        -0.8119754500914448
      ],
      [
        -0.7161351826107809,
        -1.2151464980288451
      ],
      [
        -0.6962933585482345,
        -1.2496241032849698
      ],
      [
        -0.9624551302163137,
        -0.9066885075143502
      ],
      [
        -1.0865779294200073,
        -0.8020902306112481
      ],
      [
        -1.036896894825024,
        -0.8410714422095146
      ],
      [
        -1.0574080215600714,
        -0.8245451156795554
      ],
      [
        -0.7188805915219645,
        -1.2105421285672024
      ],
      [
        -0.6968399771376416,
        -1.2486445911079413
      ]
    ],
    "belief_confidence": [
      0.8,
      0.8933333333333332,
      0.9129511677282378,
      0.5919990460859715,
      0.8132384774670335,
      0.6494459271667765,
      0.7657942739621014,
      0.8616843352199031,
      0.9064978644078066,
      0.5960074637291198,
      0.7847023515172267,
      0.7115559984077952,
      0.7421118973514259,
      0.8556207680623217,
      0.9052388065254973
    ],
    "cumulative_preference": [
      2.0,
      2.0,
      2.0,
      0.0,
      2.0,
      0.0,
      0.0,
      2.0,
      2.0,
      0.0,
      0.0,
      0.0,
      0.0,
      2.0,
      2.0
    ]
  },
  "validation": {
    "all_beliefs_valid": true,
    "beliefs_sum_to_one": true,
    "actions_in_range": true
  }
}