{
  "success": true,
  "framework": "PyMDP",
  "model_name": "Two State Bistable POMDP",
  "num_timesteps": 15,
  "simulation_trace": {
    "observations": [
      0,
      0,
      0,
      1,
      1,
      0,
      0,
      1,
      0,
      1,
      1,
      1,
      0,
      1,
      1
    ],
    "true_states": [
      1,
      0,
      0,
      1,
      1,
      0,
      1,
      0,
      0,
      1,
      1,
      1,
      0,
      1,
      1
    ],
    "beliefs": [
      [
        0.8,
        0.20000000000000004
      ],
      [
        0.7047619047619047,
        0.29523809523809535
      ],
      [
        0.7447983014861995,
        0.25520169851380053
      ],
      [
        0.1436835846088925,
        0.8563164153911075
      ],
      [
        0.09461637003594402,
        0.9053836299640561
      ],
      [
        0.5966951772920577,
        0.4033048227079422
      ],
      [
        0.7844670244840268,
        0.21553297551597325
      ],
      [
        0.13364220328607074,
        0.8663577967139292
      ],
      [
        0.6199984639069055,
        0.3800015360930945
      ],
      [
        0.17829503056712995,
        0.8217049694328701
      ],
      [
        0.10194283866265194,
        0.8980571613373481
      ],
      [
        0.08610233134563504,
        0.9138976686543648
      ],
      [
        0.591407466783827,
        0.408592533216173
      ],
      [
        0.18694342864247857,
        0.8130565713575215
      ],
      [
        0.10381285148876772,
        0.8961871485112324
      ]
    ],
    "actions": [
      1,
      1,
      1,
      0,
      0,
      1,
      1,
      0,
      1,
      0,
      0,
      0,
      1,
      0,
      0
    ],
    "efe_history": [
      [
        -1.097220927401219,
        -0.7941906243709157
      ],
      [
        -1.0323833550560573,
        -0.8447931674658697
      ],
      [
        -1.0592279175023331,
        -0.8231087641857278
      ],
      [
        -0.7185648919737573,
        -1.211069637902372
      ],
      [
        -0.6967770701185798,
        -1.2487572276507686
      ],
      [
        -0.9628836379114795,
        -0.9062834230120153
      ],
      [
        -1.0864148916796466,
        -0.8022124377596139
      ],
      [
        -0.7140289995551807,
        -1.2187051167841856
      ],
      [
        -0.977506479202913,
        -0.8926598562854519
      ],
      [
        -0.7345009713936407,
        -1.185052449494089
      ],
      [
        -0.6999699219864866,
        -1.2430695114863024
      ],
      [
        -0.6930934940881811,
        -1.255393698517714
      ],
      [
        -0.9595933868398907,
        -0.9094025180110097
      ],
      [
        -0.7385555058052885,
        -1.1786240771477385
      ],
      [
        -0.7007882797307459,
        -1.241621187017088
      ]
    ],
    "belief_confidence": [
      0.8,
      0.7047619047619047,
      0.7447983014861995,
      0.8563164153911075,
      0.9053836299640561,
      0.5966951772920577,
      0.7844670244840268,
      0.8663577967139292,
      0.6199984639069055,
      0.8217049694328701,
      0.8980571613373481,
      0.9138976686543648,
      0.591407466783827,
      0.8130565713575215,
      0.8961871485112324
    ]
  },
  "observations": [
    0,
    0,
    0,
    1,
    1,
    0,
    0,
    1,
    0,
    1,
    1,
    1,
    0,
    1,
    1
  ],
  "true_states": [
    1,
    0,
    0,
    1,
    1,
    0,
    1,
    0,
    0,
    1,
    1,
    1,
    0,
    1,
    1
  ],
  "beliefs": [
    [
      0.8,
      0.20000000000000004
    ],
    [
      0.7047619047619047,
      0.29523809523809535
    ],
    [
      0.7447983014861995,
      0.25520169851380053
    ],
    [
      0.1436835846088925,
      0.8563164153911075
    ],
    [
      0.09461637003594402,
      0.9053836299640561
    ],
    [
      0.5966951772920577,
      0.4033048227079422
    ],
    [
      0.7844670244840268,
      0.21553297551597325
    ],
    [
      0.13364220328607074,
      0.8663577967139292
    ],
    [
      0.6199984639069055,
      0.3800015360930945
    ],
    [
      0.17829503056712995,
      0.8217049694328701
    ],
    [
      0.10194283866265194,
      0.8980571613373481
    ],
    [
      0.08610233134563504,
      0.9138976686543648
    ],
    [
      0.591407466783827,
      0.408592533216173
    ],
    [
      0.18694342864247857,
      0.8130565713575215
    ],
    [
      0.10381285148876772,
      0.8961871485112324
    ]
  ],
  "actions": [
    1,
    1,
    1,
    0,
    0,
    1,
    1,
    0,
    1,
    0,
    0,
    0,
    1,
    0,
    0
  ],
  "model_parameters": {
    "A_shape": [
      2,
      2
    ],
    "B_shape": [
      2,
      2,
      2
    ],
    "C_shape": [
      2
    ],
    "D_shape": [
      2
    ],
    "num_states": 2,
    "num_observations": 2,
    "num_actions": 2
  },
  "metrics": {
    "expected_free_energy": [
      [
        -1.097220927401219,
        -0.7941906243709157
      ],
      [
        -1.0323833550560573,
        -0.8447931674658697
      ],
      [
        -1.0592279175023331,
        -0.8231087641857278
      ],
      [
        -0.7185648919737573,
        -1.211069637902372
      ],
      [
        -0.6967770701185798,
        -1.2487572276507686
      ],
      [
        -0.9628836379114795,
        -0.9062834230120153
      ],
      [
        -1.0864148916796466,
        -0.8022124377596139
      ],
      [
        -0.7140289995551807,
        -1.2187051167841856
      ],
      [
        -0.977506479202913,
        -0.8926598562854519
      ],
      [
        -0.7345009713936407,
        -1.185052449494089
      ],
      [
        -0.6999699219864866,
        -1.2430695114863024
      ],
      [
        -0.6930934940881811,
        -1.255393698517714
      ],
      [
        -0.9595933868398907,
        -0.9094025180110097
      ],
      [
        -0.7385555058052885,
        -1.1786240771477385
      ],
      [
        -0.7007882797307459,
        -1.241621187017088
      ]
    ],
    "belief_confidence": [
      0.8,
      0.7047619047619047,
      0.7447983014861995,
      0.8563164153911075,
      0.9053836299640561,
      0.5966951772920577,
      0.7844670244840268,
      0.8663577967139292,
      0.6199984639069055,
      0.8217049694328701,
      0.8980571613373481,
      0.9138976686543648,
      0.591407466783827,
      0.8130565713575215,
      0.8961871485112324
    ],
    "cumulative_preference": [
      0.0,
      0.0,
      0.0,
      2.0,
      2.0,
      0.0,
      0.0,
      2.0,
      0.0,
      2.0,
      2.0,
      2.0,
      0.0,
      2.0,
      2.0
    ]
  },
  "validation": {
    "all_beliefs_valid": true,
    "beliefs_sum_to_one": true,
    "actions_in_range": true
  }
}