{
  "success": true,
  "framework": "PyMDP",
  "model_name": "Two State Bistable POMDP",
  "num_timesteps": 15,
  "simulation_trace": {
    "observations": [
      0,
      1,
      1,
      1,
      1,
      0,
      0,
      0,
      0,
      0,
      1,
      0,
      0,
      0,
      0
    ],
    "true_states": [
      0,
      1,
      1,
      1,
      1,
      0,
      1,
      0,
      1,
      0,
      1,
      1,
      0,
      0,
      1
    ],
    "beliefs": [
      [
        0.8,
        0.20000000000000004
      ],
      [
        0.1298245614035088,
        0.8701754385964913
      ],
      [
        0.09175141242937858,
        0.9082485875706214
      ],
      [
        0.08407474899060285,
        0.9159252510093973
      ],
      [
        0.08256037537882377,
        0.9174396246211761
      ],
      [
        0.5891852810885598,
        0.41081471891144017
      ],
      [
        0.7870259339356619,
        0.21297406606433816
      ],
      [
        0.7105335090937211,
        0.28946649090627885
      ],
      [
        0.7425177591846618,
        0.25748224081533816
      ],
      [
        0.729552391544489,
        0.27044760845551097
      ],
      [
        0.1476586317325663,
        0.8523413682674338
      ],
      [
        0.628012200117604,
        0.37198779988239605
      ],
      [
        0.773532551122533,
        0.22646744887746686
      ],
      [
        0.7164247591541606,
        0.2835752408458394
      ],
      [
        0.7401716413801295,
        0.2598283586198706
      ]
    ],
    "actions": [
      1,
      0,
      0,
      0,
      0,
      1,
      1,
      1,
      1,
      1,
      0,
      1,
      1,
      1,
      1
    ],
    "efe_history": [
      [
        -1.097220927401219,
        -0.7941906243709157
      ],
      [
        -0.7123148652782446,
        -1.2216184272133854
      ],
      [
        -0.6955343320269742,
        -1.250987165445909
      ],
      [
        -0.6922205249830974,
        -1.2569784049944879
      ],
      [
        -0.6915695866458992,
        -1.2581630710352036
      ],
      [
        -0.9582137099819729,
        -0.9107163995715976
      ],
      [
        -1.0881888533056157,
        -0.8008846909593587
      ],
      [
        -1.0362165275848203,
        -0.8416304559560678
      ],
      [
        -1.0576827990192887,
        -0.8243279394015169
      ],
      [
        -1.0489352574780297,
        -0.8312959949998612
      ],
      [
        -0.7203714002465881,
        -1.208057907237417
      ],
      [
        -0.9825812719628236,
        -0.8880210293960308
      ],
      [
        -1.0788622200948255,
        -0.8079136732796336
      ],
      [
        -1.0401419013984285,
        -0.8384149206055066
      ],
      [
        -1.0560952726873563,
        -0.8255841922265935
      ]
    ],
    "belief_confidence": [
      0.8,
      0.8701754385964913,
      0.9082485875706214,
      0.9159252510093973,
      0.9174396246211761,
      0.5891852810885598,
      0.7870259339356619,
      0.7105335090937211,
      0.7425177591846618,
      0.729552391544489,
      0.8523413682674338,
      0.628012200117604,
      0.773532551122533,
      0.7164247591541606,
      0.7401716413801295
    ]
  },
  "observations": [
    0,
    1,
    1,
    1,
    1,
    0,
    0,
    0,
    0,
    0,
    1,
    0,
    0,
    0,
    0
  ],
  "true_states": [
    0,
    1,
    1,
    1,
    1,
    0,
    1,
    0,
    1,
    0,
    1,
    1,
    0,
    0,
    1
  ],
  "beliefs": [
    [
      0.8,
      0.20000000000000004
    ],
    [
      0.1298245614035088,
      0.8701754385964913
    ],
    [
      0.09175141242937858,
      0.9082485875706214
    ],
    [
      0.08407474899060285,
      0.9159252510093973
    ],
    [
      0.08256037537882377,
      0.9174396246211761
    ],
    [
      0.5891852810885598,
      0.41081471891144017
    ],
    [
      0.7870259339356619,
      0.21297406606433816
    ],
    [
      0.7105335090937211,
      0.28946649090627885
    ],
    [
      0.7425177591846618,
      0.25748224081533816
    ],
    [
      0.729552391544489,
      0.27044760845551097
    ],
    [
      0.1476586317325663,
      0.8523413682674338
    ],
    [
      0.628012200117604,
      0.37198779988239605
    ],
    [
      0.773532551122533,
      0.22646744887746686
    ],
    [
      0.7164247591541606,
      0.2835752408458394
    ],
    [
      0.7401716413801295,
      0.2598283586198706
    ]
  ],
  "actions": [
    1,
    0,
    0,
    0,
    0,
    1,
    1,
    1,
    1,
    1,
    0,
    1,
    1,
    1,
    1
  ],
  "model_parameters": {
    "A_shape": [
      2,
      2
    ],
    "B_shape": [
      2,
      2,
      2
    ],
    "C_shape": [
      2
    ],
    "D_shape": [
      2
    ],
    "num_states": 2,
    "num_observations": 2,
    "num_actions": 2
  },
  "metrics": {
    "expected_free_energy": [
      [
        -1.097220927401219,
        -0.7941906243709157
      ],
      [
        -0.7123148652782446,
        -1.2216184272133854
      ],
      [
        -0.6955343320269742,
        -1.250987165445909
      ],
      [
        -0.6922205249830974,
        -1.2569784049944879
      ],
      [
        -0.6915695866458992,
        -1.2581630710352036
      ],
      [
        -0.9582137099819729,
        -0.9107163995715976
      ],
      [
        -1.0881888533056157,
        -0.8008846909593587
      ],
      [
        -1.0362165275848203,
        -0.8416304559560678
      ],
      [
        -1.0576827990192887,
        -0.8243279394015169
      ],
      [
        -1.0489352574780297,
        -0.8312959949998612
      ],
      [
        -0.7203714002465881,
        -1.208057907237417
      ],
      [
        -0.9825812719628236,
        -0.8880210293960308
      ],
      [
        -1.0788622200948255,
        -0.8079136732796336
      ],
      [
        -1.0401419013984285,
        -0.8384149206055066
      ],
      [
        -1.0560952726873563,
        -0.8255841922265935
      ]
    ],
    "belief_confidence": [
      0.8,
      0.8701754385964913,
      0.9082485875706214,
      0.9159252510093973,
      0.9174396246211761,
      0.5891852810885598,
      0.7870259339356619,
      0.7105335090937211,
      0.7425177591846618,
      0.729552391544489,
      0.8523413682674338,
      0.628012200117604,
      0.773532551122533,
      0.7164247591541606,
      0.7401716413801295
    ],
    "cumulative_preference": [
      0.0,
      2.0,
      2.0,
      2.0,
      2.0,
      0.0,
      0.0,
      0.0,
      0.0,
      0.0,
      2.0,
      0.0,
      0.0,
      0.0,
      0.0
    ]
  },
  "validation": {
    "all_beliefs_valid": true,
    "beliefs_sum_to_one": true,
    "actions_in_range": true
  }
}