{
  "success": true,
  "framework": "PyMDP",
  "model_name": "Two State Bistable POMDP",
  "num_timesteps": 15,
  "simulation_trace": {
    "observations": [
      1,
      1,
      1,
      1,
      1,
      0,
      1,
      0,
      0,
      0,
      0,
      1,
      0,
      0,
      1
    ],
    "true_states": [
      1,
      1,
      1,
      0,
      1,
      0,
      1,
      1,
      0,
      1,
      0,
      0,
      1,
      0,
      1
    ],
    "beliefs": [
      [
        0.20000000000000004,
        0.8
      ],
      [
        0.10666666666666677,
        0.8933333333333332
      ],
      [
        0.08704883227176227,
        0.9129511677282378
      ],
      [
        0.08314576634512331,
        0.9168542336548766
      ],
      [
        0.08237786019586256,
        0.9176221398041374
      ],
      [
        0.589070412295361,
        0.41092958770463905
      ],
      [
        0.18766330102492576,
        0.8123366989750743
      ],
      [
        0.6499248683257828,
        0.35007513167421717
      ],
      [
        0.7656189161298763,
        0.23438108387012366
      ],
      [
        0.7198283102291108,
        0.28017168977088924
      ],
      [
        0.7388077076363493,
        0.2611922923636507
      ],
      [
        0.1452376430365529,
        0.854762356963447
      ],
      [
        0.6266409160899138,
        0.3733590839100862
      ],
      [
        0.7740204536485265,
        0.22597954635147355
      ],
      [
        0.13624531949659177,
        0.8637546805034082
      ]
    ],
    "actions": [
      0,
      0,
      0,
      0,
      0,
      1,
      0,
      1,
      1,
      1,
      1,
      0,
      1,
      1,
      0
    ],
    "efe_history": [
      [
        -0.7447313485922432,
        -1.1689737728346672
      ],
      [
        -0.7020398413548998,
        -1.2394135787286373
      ],
      [
        -0.693501568468575,
        -1.254654499048257
      ],
      [
        -0.6918211025311188,
        -1.2577050221127872
      ],
      [
        -0.6914911961539958,
        -1.2583059110681014
      ],
      [
        -0.9581424413244536,
        -0.9107843658149254
      ],
      [
        -0.7388942982921858,
        -1.1780902970498515
      ],
      [
        -0.9965784664539165,
        -0.8754574139378163
      ],
      [
        -1.0734240157789294,
        -0.8120677538033217
      ],
      [
        -1.042415576165494,
        -0.8365630789180875
      ],
      [
        -1.0551732938642437,
        -0.8263154664262446
      ],
      [
        -0.7192704174827098,
        -1.209891456226282
      ],
      [
        -0.9817112139068538,
        -0.8888131337978671
      ],
      [
        -1.07919827048162,
        -0.807658326665225
      ],
      [
        -0.7152010864320483,
        -1.2167219112846643
      ]
    ],
    "belief_confidence": [
      0.8,
      0.8933333333333332,
      0.9129511677282378,
      0.9168542336548766,
      0.9176221398041374,
      0.589070412295361,
      0.8123366989750743,
      0.6499248683257828,
      0.7656189161298763,
      0.7198283102291108,
      0.7388077076363493,
      0.854762356963447,
      0.6266409160899138,
      0.7740204536485265,
      0.8637546805034082
    ]
  },
  "observations": [
    1,
    1,
    1,
    1,
    1,
    0,
    1,
    0,
    0,
    0,
    0,
    1,
    0,
    0,
    1
  ],
  "true_states": [
    1,
    1,
    1,
    0,
    1,
    0,
    1,
    1,
    0,
    1,
    0,
    0,
    1,
    0,
    1
  ],
  "beliefs": [
    [
      0.20000000000000004,
      0.8
    ],
    [
      0.10666666666666677,
      0.8933333333333332
    ],
    [
      0.08704883227176227,
      0.9129511677282378
    ],
    [
      0.08314576634512331,
      0.9168542336548766
    ],
    [
      0.08237786019586256,
      0.9176221398041374
    ],
    [
      0.589070412295361,
      0.41092958770463905
    ],
    [
      0.18766330102492576,
      0.8123366989750743
    ],
    [
      0.6499248683257828,
      0.35007513167421717
    ],
    [
      0.7656189161298763,
      0.23438108387012366
    ],
    [
      0.7198283102291108,
      0.28017168977088924
    ],
    [
      0.7388077076363493,
      0.2611922923636507
    ],
    [
      0.1452376430365529,
      0.854762356963447
    ],
    [
      0.6266409160899138,
      0.3733590839100862
    ],
    [
      0.7740204536485265,
      0.22597954635147355
    ],
    [
      0.13624531949659177,
      0.8637546805034082
    ]
  ],
  "actions": [
    0,
    0,
    0,
    0,
    0,
    1,
    0,
    1,
    1,
    1,
    1,
    0,
    1,
    1,
    0
  ],
  "model_parameters": {
    "A_shape": [
      2,
      2
    ],
    "B_shape": [
      2,
      2,
      2
    ],
    "C_shape": [
      2
    ],
    "D_shape": [
      2
    ],
    "num_states": 2,
    "num_observations": 2,
    "num_actions": 2
  },
  "metrics": {
    "expected_free_energy": [
      [
        -0.7447313485922432,
        -1.1689737728346672
      ],
      [
        -0.7020398413548998,
        -1.2394135787286373
      ],
      [
        -0.693501568468575,
        -1.254654499048257
      ],
      [
        -0.6918211025311188,
        -1.2577050221127872
      ],
      [
        -0.6914911961539958,
        -1.2583059110681014
      ],
      [
        -0.9581424413244536,
        -0.9107843658149254
      ],
      [
        -0.7388942982921858,
        -1.1780902970498515
      ],
      [
        -0.9965784664539165,
        -0.8754574139378163
      ],
      [
        -1.0734240157789294,
        -0.8120677538033217
      ],
      [
        -1.042415576165494,
        -0.8365630789180875
      ],
      [
        -1.0551732938642437,
        -0.8263154664262446
      ],
      [
        -0.7192704174827098,
        -1.209891456226282
      ],
      [
        -0.9817112139068538,
        -0.8888131337978671
      ],
      [
        -1.07919827048162,
        -0.807658326665225
      ],
      [
        -0.7152010864320483,
        -1.2167219112846643
      ]
    ],
    "belief_confidence": [
      0.8,
      0.8933333333333332,
      0.9129511677282378,
      0.9168542336548766,
      0.9176221398041374,
      0.589070412295361,
      0.8123366989750743,
      0.6499248683257828,
      0.7656189161298763,
      0.7198283102291108,
      0.7388077076363493,
      0.854762356963447,
      0.6266409160899138,
      0.7740204536485265,
      0.8637546805034082
    ],
    "cumulative_preference": [
      2.0,
      2.0,
      2.0,
      2.0,
      2.0,
      0.0,
      2.0,
      0.0,
      0.0,
      0.0,
      0.0,
      2.0,
      0.0,
      0.0,
      2.0
    ]
  },
  "validation": {
    "all_beliefs_valid": true,
    "beliefs_sum_to_one": true,
    "actions_in_range": true
  }
}