{
    "num_observations": 2,
    "time_steps": 15,
    "efe_per_action": [
        [
            0.35033312025917335,
            0.6063331202591733
        ],
        [
            0.343806045073702,
            0.6291563635450397
        ],
        [
            0.34326915986418205,
            0.6312374452953022
        ],
        [
            0.5637627583209911,
            0.3660009410502378
        ],
        [
            0.3449741028251605,
            0.6247498663170026
        ],
        [
            0.5653767540402423,
            0.36531448551419415
        ],
        [
            0.6249313706626699,
            0.34492514413316233
        ],
        [
            0.6308650815384326,
            0.3433645342875249
        ],
        [
            0.34323107553695326,
            0.631386462882247
        ],
        [
            0.34321950998865824,
            0.6314317540900756
        ],
        [
            0.34321850652626945,
            0.6314356845112168
        ],
        [
            0.5637132301560773,
            0.36602213049218973
        ],
        [
            0.35945356683953256,
            0.5799715743804263
        ],
        [
            0.6265176723349023,
            0.3445003642004095
        ],
        [
            0.3433285217804052,
            0.6310055452602681
        ]
    ],
    "num_actions": 2,
    "efe_history": [
        0.35033312025917335,
        0.343806045073702,
        0.34326915986418205,
        0.3660009410502378,
        0.3449741028251605,
        0.5653767540402423,
        0.6249313706626699,
        0.3433645342875249,
        0.34323107553695326,
        0.34321950998865824,
        0.34321850652626945,
        0.5637132301560773,
        0.5799715743804263,
        0.3445003642004095,
        0.3433285217804052
    ],
    "actions": [
        1,
        1,
        1,
        2,
        1,
        1,
        1,
        2,
        1,
        1,
        1,
        1,
        2,
        2,
        1
    ],
    "true_states": [
        2,
        2,
        2,
        1,
        2,
        1,
        1,
        1,
        2,
        2,
        2,
        2,
        2,
        1,
        2
    ],
    "framework": "rxinfer",
    "num_states": 2,
    "observations": [
        2,
        2,
        2,
        1,
        2,
        1,
        1,
        1,
        2,
        2,
        2,
        1,
        2,
        1,
        2
    ],
    "action_probabilities": [
        [
            0.7357510183102303,
            0.2642489816897697
        ],
        [
            0.757936821670153,
            0.24206317832984695
        ],
        [
            0.7598528876027973,
            0.24014711239720268
        ],
        [
            0.31194384468298814,
            0.6880561553170118
        ],
        [
            0.7538223042699156,
            0.24617769573008444
        ],
        [
            0.30997224202756307,
            0.690027757972437
        ],
        [
            0.24600666375111993,
            0.7539933362488801
        ],
        [
            0.24048868322066305,
            0.7595113167793369
        ],
        [
            0.759989427835048,
            0.24001057216495209
        ],
        [
            0.7600309093216543,
            0.23996909067834574
        ],
        [
            0.7600345087473809,
            0.23996549125261915
        ],
        [
            0.31200456177340713,
            0.6879954382265928
        ],
        [
            0.7072514125708063,
            0.2927485874291937
        ],
        [
            0.24451759318509528,
            0.7554824068149048
        ],
        [
            0.7596402294277245,
            0.24035977057227542
        ]
    ],
    "validation": {
        "all_beliefs_valid": true,
        "actions_in_range": true,
        "beliefs_sum_to_one": true
    },
    "model_name": "Bnlearn Causal Model",
    "preferences": [
        0.0,
        1.0
    ],
    "beliefs": [
        [
            0.10000000000000002,
            0.9
        ],
        [
            0.054140127388535034,
            0.945859872611465
        ],
        [
            0.05004955401387513,
            0.9499504459861249
        ],
        [
            0.809002839485552,
            0.19099716051444798
        ],
        [
            0.06285036954399667,
            0.9371496304560033
        ],
        [
            0.8125972945719503,
            0.18740270542804965
        ],
        [
            0.9375097289523554,
            0.06249027104764457
        ],
        [
            0.9492196050795436,
            0.05078039492045641
        ],
        [
            0.04975720727297838,
            0.9502427927270215
        ],
        [
            0.04966836859153554,
            0.9503316314084645
        ],
        [
            0.04966065939851942,
            0.9503393406014806
        ],
        [
            0.8088923432248245,
            0.19110765677517547
        ],
        [
            0.1554406132173536,
            0.8445593867826464
        ],
        [
            0.940652043960145,
            0.05934795603985494
        ],
        [
            0.05050465081271422,
            0.9494953491872858
        ]
    ]
}