{
  "model_name": "pytorch_pomdp",
  "framework": "pytorch",
  "num_timesteps": 15,
  "num_states": 4,
  "num_observations": 4,
  "num_actions": 2,
  "beliefs": [
    [
      1.0,
      0.0,
      0.0,
      0.0
    ],
    [
      1.0,
      0.0,
      0.0,
      0.0
    ],
    [
      1.0,
      0.0,
      0.0,
      0.0
    ],
    [
      1.0,
      0.0,
      0.0,
      0.0
    ],
    [
      1.0,
      0.0,
      0.0,
      0.0
    ],
    [
      1.0,
      0.0,
      0.0,
      0.0
    ],
    [
      1.0,
      0.0,
      0.0,
      0.0
    ],
    [
      1.0,
      0.0,
      0.0,
      0.0
    ],
    [
      1.0,
      0.0,
      0.0,
      0.0
    ],
    [
      1.0,
      0.0,
      0.0,
      0.0
    ],
    [
      1.0,
      0.0,
      0.0,
      0.0
    ],
    [
      1.0,
      0.0,
      0.0,
      0.0
    ],
    [
      1.0,
      0.0,
      0.0,
      0.0
    ],
    [
      1.0,
      0.0,
      0.0,
      0.0
    ],
    [
      1.0,
      0.0,
      0.0,
      0.0
    ]
  ],
  "actions": [
    1,
    0,
    1,
    0,
    1,
    0,
    0,
    1,
    1,
    1,
    1,
    0,
    0,
    1,
    1
  ],
  "observations": [
    0,
    0,
    0,
    0,
    0,
    0,
    0,
    0,
    0,
    0,
    0,
    0,
    0,
    0,
    0
  ],
  "efe_history": [
    [
      1.3862943611198901,
      1.3862943611198901
    ],
    [
      1.3862943611198901,
      1.3862943611198901
    ],
    [
      1.3862943611198901,
      1.3862943611198901
    ],
    [
      1.3862943611198901,
      1.3862943611198901
    ],
    [
      1.3862943611198901,
      1.3862943611198901
    ],
    [
      1.3862943611198901,
      1.3862943611198901
    ],
    [
      1.3862943611198901,
      1.3862943611198901
    ],
    [
      1.3862943611198901,
      1.3862943611198901
    ],
    [
      1.3862943611198901,
      1.3862943611198901
    ],
    [
      1.3862943611198901,
      1.3862943611198901
    ],
    [
      1.3862943611198901,
      1.3862943611198901
    ],
    [
      1.3862943611198901,
      1.3862943611198901
    ],
    [
      1.3862943611198901,
      1.3862943611198901
    ],
    [
      1.3862943611198901,
      1.3862943611198901
    ],
    [
      1.3862943611198901,
      1.3862943611198901
    ]
  ],
  "validation": {
    "beliefs_in_range": true,
    "beliefs_sum_to_one": true,
    "actions_in_range": true,
    "all_valid": true
  },
  "execution_time_seconds": 0.0018,
  "torch_version": "2.9.1"
}