{
  "success": true,
  "framework": "PyMDP",
  "model_name": "Active Inference POMDP Agent",
  "num_timesteps": 30,
  "simulation_trace": {
    "observations": [
      2,
      2,
      2,
      2,
      2,
      2,
      2,
      0,
      2,
      2,
      2,
      2,
      2,
      2,
      2,
      2,
      2,
      2,
      2,
      2,
      2,
      2,
      2,
      2,
      2,
      2,
      2,
      2,
      2,
      2
    ],
    "true_states": [
      2,
      2,
      2,
      2,
      2,
      2,
      2,
      2,
      2,
      2,
      2,
      2,
      2,
      2,
      2,
      2,
      2,
      2,
      2,
      2,
      2,
      2,
      2,
      2,
      2,
      2,
      2,
      2,
      2,
      2
    ],
    "beliefs": [
      [
        0.050000000000000065,
        0.050000000000000065,
        0.8999999999999998
      ],
      [
        0.0030674846625767015,
        0.0030674846625767015,
        0.9938650306748466
      ],
      [
        0.00017140898183065452,
        0.00017140898183065452,
        0.9996571820363386
      ],
      [
        9.525805406853094e-06,
        9.525805406853094e-06,
        0.9999809483891862
      ],
      [
        5.292209338691467e-07,
        5.292209338691467e-07,
        0.9999989415581322
      ],
      [
        2.9401192388880428e-08,
        2.9401192388880428e-08,
        0.9999999411976151
      ],
      [
        1.6333996734273912e-09,
        1.6333996734273912e-09,
        0.9999999967332007
      ],
      [
        2.940119510528662e-08,
        1.6333997280714776e-09,
        0.9999999689654052
      ],
      [
        1.6333997815027175e-09,
        9.074443755262024e-11,
        0.9999999982758558
      ],
      [
        9.074443800902672e-11,
        5.041363205576948e-12,
        0.9999999999042142
      ],
      [
        5.041363223179773e-12,
        2.800812892240571e-13,
        0.9999999999946785
      ],
      [
        2.8008129017806164e-13,
        1.5565627179192524e-14,
        0.9999999999997045
      ],
      [
        1.5565627232118846e-14,
        8.703126210664958e-16,
        0.9999999999999836
      ],
      [
        8.703126240066156e-16,
        5.390625672591724e-17,
        0.9999999999999991
      ],
      [
        5.390625688925647e-17,
        8.550347595884293e-18,
        1.0
      ],
      [
        8.550347604958736e-18,
        6.0305748664380325e-18,
        1.0
      ],
      [
        6.030574866942161e-18,
        5.890587492579916e-18,
        1.0
      ],
      [
        5.890587492607917e-18,
        5.882810416254473e-18,
        1.0
      ],
      [
        5.8828104162560196e-18,
        5.8823783564586156e-18,
        1.0
      ],
      [
        5.882378356458699e-18,
        5.882354353136616e-18,
        1.0
      ],
      [
        5.882354353136616e-18,
        5.882353019618722e-18,
        1.0
      ],
      [
        5.882353019618722e-18,
        5.882352945534402e-18,
        1.0
      ],
      [
        5.882352945534402e-18,
        5.882352941418604e-18,
        1.0
      ],
      [
        5.882352941418604e-18,
        5.8823529411899344e-18,
        1.0
      ],
      [
        5.8823529411899344e-18,
        5.882352941177228e-18,
        1.0
      ],
      [
        5.882352941177228e-18,
        5.8823529411765176e-18,
        1.0
      ],
      [
        5.8823529411765176e-18,
        5.882352941176476e-18,
        1.0
      ],
      [
        5.882352941176476e-18,
        5.882352941176476e-18,
        1.0
      ],
      [
        5.882352941176476e-18,
        5.882352941176476e-18,
        1.0
      ],
      [
        5.882352941176476e-18,
        5.882352941176476e-18,
        1.0
      ]
    ],
    "actions": [
      0,
      0,
      0,
      0,
      0,
      0,
      0,
      0,
      0,
      0,
      0,
      0,
      0,
      0,
      0,
      0,
      0,
      0,
      0,
      0,
      0,
      0,
      0,
      0,
      0,
      0,
      0,
      0,
      0,
      0
    ],
    "efe_history": [
      -0.5488337599296716,
      -0.6748289964440974,
      -0.684479922345355,
      -0.6850272055740991,
      -0.6850576452527787,
      -0.6850594221186241,
      -0.6850594351694661,
      -0.6850594286440441,
      -0.6850594355319898,
      -0.6850594359146532,
      -0.6850594359359121,
      -0.6850594359370936,
      -0.6850594359371589,
      -0.6850594359371627,
      -0.6850594359371629,
      -0.6850594359371629,
      -0.6850594359371629,
      -0.6850594359371629,
      -0.6850594359371629,
      -0.6850594359371629,
      -0.6850594359371629,
      -0.6850594359371629,
      -0.6850594359371629,
      -0.6850594359371629,
      -0.6850594359371629,
      -0.6850594359371629,
      -0.6850594359371629,
      -0.6850594359371629,
      -0.6850594359371629,
      -0.6850594359371629
    ],
    "belief_confidence": [
      0.8999999999999998,
      0.9938650306748466,
      0.9996571820363386,
      0.9999809483891862,
      0.9999989415581322,
      0.9999999411976151,
      0.9999999967332007,
      0.9999999689654052,
      0.9999999982758558,
      0.9999999999042142,
      0.9999999999946785,
      0.9999999999997045,
      0.9999999999999836,
      0.9999999999999991,
      1.0,
      1.0,
      1.0,
      1.0,
      1.0,
      1.0,
      1.0,
      1.0,
      1.0,
      1.0,
      1.0,
      1.0,
      1.0,
      1.0,
      1.0,
      1.0
    ]
  },
  "observations": [
    2,
    2,
    2,
    2,
    2,
    2,
    2,
    0,
    2,
    2,
    2,
    2,
    2,
    2,
    2,
    2,
    2,
    2,
    2,
    2,
    2,
    2,
    2,
    2,
    2,
    2,
    2,
    2,
    2,
    2
  ],
  "true_states": [
    2,
    2,
    2,
    2,
    2,
    2,
    2,
    2,
    2,
    2,
    2,
    2,
    2,
    2,
    2,
    2,
    2,
    2,
    2,
    2,
    2,
    2,
    2,
    2,
    2,
    2,
    2,
    2,
    2,
    2
  ],