{
  "success": true,
  "framework": "PyMDP",
  "model_name": "Active Inference POMDP Agent",
  "num_timesteps": 15,
  "simulation_trace": {
    "observations": [
      1,
      1,
      2,
      1,
      1,
      1,
      1,
      1,
      0,
      1,
      1,
      1,
      1,
      1,
      1
    ],
    "true_states": [
      1,
      1,
      1,
      1,
      1,
      1,
      1,
      1,
      1,
      1,
      1,
      1,
      1,
      1,
      1
    ],
    "beliefs": [
      [
        0.05000000000000008,
        0.8999999999999999,
        0.05000000000000008
      ],
      [
        0.0030674846625767045,
        0.9938650306748466,
        0.0030674846625767045
      ],
      [
        0.002915451895043839,
        0.9446064139941672,
        0.05247813411078899
      ],
      [
        0.00017091095539225335,
        0.9967526918475474,
        0.003076397197060453
      ],
      [
        9.524263060152023e-06,
        0.9998190390018573,
        0.00017143673508263573
      ],
      [
        5.292161726404567e-07,
        0.9999899448927201,
        9.525891107428172e-06
      ],
      [
        2.9401177693577096e-08,
        0.999999441377624,
        5.292211983843836e-07
      ],
      [
        1.63339962807155e-09,
        0.9999999689654072,
        2.940119320528771e-08
      ],
      [
        2.940119428888148e-08,
        0.9999999411976134,
        2.9401192488881412e-08
      ],
      [
        1.6333996789829986e-09,
        0.9999999967332005,
        1.6333997789830083e-09
      ],
      [
        9.074443244569705e-11,
        0.999999999818511,
        9.074443800125317e-11
      ],
      [
        5.04136291451396e-12,
        0.9999999999899174,
        5.041363223155968e-12
      ],
      [
        2.800812730312205e-13,
        0.99999999999944,
        2.800812901779985e-13
      ],
      [
        1.5565626279520485e-14,
        0.9999999999999689,
        1.556562723211928e-14
      ],
      [
        8.703125710844992e-16,
        0.9999999999999982,
        8.70312624006652e-16
      ]
    ],
    "actions": [
      0,
      0,
      0,
      0,
      0,
      0,
      0,
      0,
      2,
      0,
      0,
      0,
      0,
      0,
      1
    ],
    "efe_history": [
      -1.1990837599296713,
      -1.4327891191434836,
      -1.2908602473629176,
      -1.4397996184682966,
      -1.4494839249013627,
      -1.4500274457802627,
      -1.4500577014848097,
      -1.4500593824106678,
      -1.450059354642884,
      -1.4500594314208133,
      -1.4500594356862537,
      -1.4500594359232235,
      -1.450059435936388,
      -1.4500594359371195,
      -1.45005943593716
    ],
    "belief_confidence": [
      0.8999999999999999,
      0.9938650306748466,
      0.9446064139941672,
      0.9967526918475474,
      0.9998190390018573,
      0.9999899448927201,
      0.999999441377624,
      0.9999999689654072,
      0.9999999411976134,
      0.9999999967332005,
      0.999999999818511,
      0.9999999999899174,
      0.99999999999944,
      0.9999999999999689,
      0.9999999999999982
    ]
  },
  "observations": [
    1,
    1,
    2,
    1,
    1,
    1,
    1,
    1,
    0,
    1,
    1,
    1,
    1,
    1,
    1
  ],
  "true_states": [
    1,
    1,
    1,
    1,
    1,
    1,
    1,
    1,
    1,
    1,
    1,
    1,
    1,
    1,
    1
  ],
  "beliefs": [
    [
      0.05000000000000008,
      0.8999999999999999,
      0.05000000000000008
    ],
    [
      0.0030674846625767045,
      0.9938650306748466,
      0.0030674846625767045
    ],
    [
      0.002915451895043839,
      0.9446064139941672,
      0.05247813411078899
    ],
    [
      0.00017091095539225335,
      0.9967526918475474,
      0.003076397197060453
    ],
    [
      9.524263060152023e-06,
      0.9998190390018573,
      0.00017143673508263573
    ],
    [
      5.292161726404567e-07,
      0.9999899448927201,
      9.525891107428172e-06
    ],
    [
      2.9401177693577096e-08,
      0.999999441377624,
      5.292211983843836e-07
    ],
    [
      1.63339962807155e-09,
      0.9999999689654072,
      2.940119320528771e-08
    ],
    [
      2.940119428888148e-08,
      0.9999999411976134,
      2.9401192488881412e-08
    ],
    [
      1.6333996789829986e-09,
      0.9999999967332005,
      1.6333997789830083e-09
    ],
    [
      9.074443244569705e-11,
      0.999999999818511,
      9.074443800125317e-11
    ],
    [
      5.04136291451396e-12,
      0.9999999999899174,
      5.041363223155968e-12
    ],
    [
      2.800812730312205e-13,
      0.99999999999944,
      2.800812901779985e-13
    ],
    [
      1.5565626279520485e-14,
      0.9999999999999689,
      1.556562723211928e-14
    ],
    [
      8.703125710844992e-16,
      0.9999999999999982,
      8.70312624006652e-16
    ]
  ],
  "actions": [
    0,
    0,
    0,
    0,
    0,
    0,
    0,
    0,
    2,
    0,
    0,
    0,
    0,
    0,
    1
  ],
  "model_parameters": {
    "A_shape": [
      3,
      3
    ],
    "B_shape": [
      3,
      3,
      3
    ],
    "C_shape": [
      3
    ],
    "D_shape": [
      3
    ],
    "num_states": 3,
    "num_observations": 3,
    "num_actions": 3
  },
  "metrics": {
    "expected_free_energy": [
      -1.1990837599296713,
      -1.4327891191434836,
      -1.2908602473629176,
      -1.4397996184682966,
      -1.4494839249013627,
      -1.4500274457802627,
      -1.4500577014848097,
      -1.4500593824106678,
      -1.450059354642884,
      -1.4500594314208133,
      -1.4500594356862537,
      -1.4500594359232235,
      -1.450059435936388,
      -1.4500594359371195,
      -1.45005943593716
    ],
    "belief_confidence": [
      0.8999999999999999,
      0.9938650306748466,
      0.9446064139941672,
      0.9967526918475474,
      0.9998190390018573,
      0.9999899448927201,
      0.999999441377624,
      0.9999999689654072,
      0.9999999411976134,
      0.9999999967332005,
      0.999999999818511,
      0.9999999999899174,
      0.99999999999944,
      0.9999999999999689,
      0.9999999999999982
    ],
    "cumulative_preference": [
      0.1,
      0.1,
      1.0,
      0.1,
      0.1,
      0.1,
      0.1,
      0.1,
      0.1,
      0.1,
      0.1,
      0.1,
      0.1,
      0.1,
      0.1
    ]
  },
  "validation": {
    "all_beliefs_valid": true,
    "beliefs_sum_to_one": true,
    "actions_in_range": true
  }
}