{
  "success": true,
  "framework": "PyMDP",
  "model_name": "Active Inference POMDP Agent",
  "num_timesteps": 30,
  "simulation_trace": {
    "observations": [
      1,
      1,
      1,
      1,
      1,
      1,
      1,
      1,
      1,
      1,
      1,
      1,
      2,
      2,
      2,
      2,
      2,
      2,
      2,
      2,
      2,
      2,
      0,
      2,
      2,
      2,
      2,
      1,
      0,
      1
    ],
    "true_states": [
      1,
      1,
      1,
      1,
      1,
      1,
      1,
      1,
      1,
      1,
      1,
      1,
      0,
      2,
      2,
      2,
      2,
      2,
      2,
      2,
      2,
      2,
      2,
      2,
      2,
      2,
      2,
      2,
      2,
      2
    ],
    "beliefs": [
      [
        0.05000000000000008,
        0.8999999999999999,
        0.05000000000000008
      ],
      [
        0.0030674846625767045,
        0.9938650306748466,
        0.0030674846625767045
      ],
      [
        0.0001714089818306549,
        0.9996571820363388,
        0.0001714089818306549
      ],
      [
        9.525805406853113e-06,
        0.9999809483891864,
        9.525805406853113e-06
      ],
      [
        5.292209338691478e-07,
        0.9999989415581324,
        5.292209338691478e-07
      ],
      [
        2.940119238888053e-08,
        0.9999999411976151,
        2.940119238888053e-08
      ],
      [
        1.633399673427397e-09,
        0.9999999967332007,
        1.633399673427397e-09
      ],
      [
        9.074443213705247e-11,
        0.999999999818511,
        9.074443213705247e-11
      ],
      [
        5.041362897367038e-12,
        0.9999999999899174,
        5.041362897367038e-12
      ],
      [
        2.8008127207861374e-13,
        0.99999999999944,
        2.8008127207861374e-13
      ],
      [
        1.5565626226597905e-14,
        0.9999999999999689,
        1.5565626226597905e-14
      ],
      [
        8.70312568144356e-16,
        0.9999999999999982,
        8.70312568144356e-16
      ],
      [
        0.9999999999999816,
        9.70312568144336e-16,
        1.7465626226597997e-14
      ],
      [
        9.75868123699907e-16,
        5.946180934135283e-17,
        0.9999999999999989
      ],
      [
        5.977045131666184e-17,
        8.858989407852978e-18,
        1.0
      ],
      [
        8.876136184259042e-18,
        6.047721633769628e-18,
        1.0
      ],
      [
        6.048674232458846e-18,
        5.8915400907649925e-18,
        1.0
      ],
      [
        5.891593012914378e-18,
        5.882863338375855e-18,
        1.0
      ],
      [
        5.882866278495263e-18,
        5.882381296576432e-18,
        1.0
      ],
      [
        5.882381459916411e-18,
        5.882354516476473e-18,
        1.0
      ],
      [
        5.8823545255509415e-18,
        5.882353028693148e-18,
        1.0
      ],
      [
        5.8823530291972985e-18,
        5.882352946038511e-18,
        1.0
      ],
      [
        1.9058823545255358e-15,
        1.0588235294603843e-16,
        0.999999999999998
      ],
      [
        1.1143790858475255e-16,
        1.1437908497002183e-17,
        0.9999999999999998
      ],
      [
        1.1746550476930763e-17,
        6.190994916500138e-18,
        1.0
      ],
      [
        6.208141693162837e-18,
        5.899499717583345e-18,
        1.0
      ],
      [
        5.9004523162868226e-18,
        5.883305539865761e-18,
        1.0
      ],
      [
        1.0590045231628672e-16,
        1.905899499717573e-15,
        0.999999999999998
      ],
      [
        3.706208141693138e-15,
        2.005899499717562e-15,
        0.9999999999999942
      ],
      [
        3.8062081416930055e-15,
        3.7906190994914565e-14,
        0.9999999999999583
      ]
    ],
    "actions": [
      0,
      0,
      0,
      0,
      0,
      0,
      0,
      0,
      0,
      0,
      0,
      1,
      2,
      0,
      0,
      0,
      0,
      0,
      0,
      0,
      0,
      0,
      0,
      0,
      0,
      0,
      0,
      0,
      0,
      0
    ],
    "efe_history": [
      -1.1990837599296713,
      -1.4327891191434836,
      -1.449086538732054,
      -1.4500053438506906,
      -1.4500564306907355,
      -1.4500593546428873,
      -1.450059431420814,
      -1.4500594356862537,
      -1.4500594359232235,
      -1.450059435936388,
      -1.4500594359371195,
      -1.45005943593716,
      -0.6850594359371587,
      -0.6850594359371625,
      -0.6850594359371629,
      -0.6850594359371629,
      -0.6850594359371629,
      -0.6850594359371629,
      -0.6850594359371629,
      -0.6850594359371629,
      -0.6850594359371629,
      -0.6850594359371629,
      -0.6850594359371625,
      -0.6850594359371627,
      -0.6850594359371629,
      -0.6850594359371629,
      -0.6850594359371629,
      -0.6850594359371625,
      -0.6850594359371613,
      -0.6850594359371529
    ],
    "belief_confidence": [
      0.8999999999999999,
      0.9938650306748466,
      0.9996571820363388,
      0.9999809483891864,
      0.9999989415581324,
      0.9999999411976151,
      0.9999999967332007,
      0.999999999818511,
      0.9999999999899174,
      0.99999999999944,
      0.9999999999999689,
      0.9999999999999982,
      0.9999999999999816,
      0.9999999999999989,
      1.0,
      1.0,
      1.0,
      1.0,
      1.0,
      1.0,
      1.0,
      1.0,
      0.999999999999998,
      0.9999999999999998,
      1.0,
      1.0,
      1.0,
      0.999999999999998,
      0.9999999999999942,
      0.9999999999999583
    ]
  },
  "observations": [
    1,
    1,
    1,
    1,
    1,
    1,
    1,
    1,
    1,
    1,
    1,
    1,
    2,
    2,
    2,
    2,
    2,
    2,
    2,
    2,
    2,
    2,
    0,
    2,
    2,
    2,
    2,
    1,
    0,
    1
  ],
  "true_states": [
    1,
    1,
    1,
    1,
    1,
    1,
    1,
    1,
    1,
    1,
    1,
    1,
    0,
    2,
    2,
    2,
    2,
    2,
    2,
    2,
    2,
    2,
    2,
    2,
    2,
    2,
    2,
    2,
    2,
    2
  ],