{
  "success": true,
  "framework": "PyMDP",
  "model_name": "Active Inference POMDP Agent",
  "num_timesteps": 30,
  "simulation_trace": {
    "observations": [
      2,
      2,
      2,
      2,
      2,
      2,
      0,
      2,
      2,
      2,
      2,
      2,
      2,
      2,
      2,
      2,
      2,
      2,
      2,
      2,
      2,
      2,
      2,
      2,
      2,
      2,
      2,
      2,
      1,
      0
    ],
    "true_states": [
      2,
      2,
      2,
      2,
      2,
      2,
      2,
      2,
      2,
      2,
      2,
      2,
      2,
      2,
      2,
      2,
      2,
      2,
      2,
      2,
      2,
      2,
      2,
      2,
      2,
      2,
      2,
      2,
      2,
      2
    ],
    "beliefs": [
      [
        0.050000000000000065,
        0.050000000000000065,
        0.8999999999999998
      ],
      [
        0.0030674846625767015,
        0.0030674846625767015,
        0.9938650306748466
      ],
      [
        0.00017140898183065452,
        0.00017140898183065452,
        0.9996571820363386
      ],
      [
        9.525805406853094e-06,
        9.525805406853094e-06,
        0.9999809483891862
      ],
      [
        5.292209338691467e-07,
        5.292209338691467e-07,
        0.9999989415581322
      ],
      [
        2.9401192388880428e-08,
        2.9401192388880428e-08,
        0.9999999411976151
      ],
      [
        5.292212002843634e-07,
        2.9401177793575725e-08,
        0.999999441377622
      ],
      [
        2.9401193310842257e-08,
        1.6333996336270412e-09,
        0.999999968965407
      ],
      [
        9.074443230570677e-11,
        1.6333996818113634e-09,
        0.9999999982758558
      ],
      [
        5.041362914081757e-12,
        9.074443247061814e-11,
        0.9999999999042142
      ],
      [
        2.8008127302987993e-13,
        5.041362915490409e-12,
        0.9999999999946785
      ],
      [
        1.556562627951598e-14,
        2.800812730842083e-13,
        0.9999999999997045
      ],
      [
        8.703125710844617e-16,
        1.556562628246036e-14,
        0.9999999999999836
      ],
      [
        5.390625394913748e-17,
        8.703125712478118e-16,
        0.9999999999999991
      ],
      [
        8.550347441618788e-18,
        5.390625395821182e-17,
        1.0
      ],
      [
        6.0305748578677275e-18,
        8.550347442122925e-18,
        1.0
      ],
      [
        5.890587492103772e-18,
        6.030574857895751e-18,
        1.0
      ],
      [
        5.8828104162280135e-18,
        5.8905874921053204e-18,
        1.0
      ],
      [
        5.882378356457111e-18,
        5.8828104162280974e-18,
        1.0
      ],
      [
        5.882354353136533e-18,
        5.8823783564571526e-18,
        1.0
      ],
      [
        5.882353019618722e-18,
        5.882354353136533e-18,
        1.0
      ],
      [
        5.882352945534402e-18,
        5.882353019618722e-18,
        1.0
      ],
      [
        5.882352941418604e-18,
        5.882352945534402e-18,
        1.0
      ],
      [
        5.8823529411899344e-18,
        5.882352941418604e-18,
        1.0
      ],
      [
        5.882352941177228e-18,
        5.8823529411899344e-18,
        1.0
      ],
      [
        5.8823529411765176e-18,
        5.882352941177228e-18,
        1.0
      ],
      [
        5.882352941176476e-18,
        5.8823529411765176e-18,
        1.0
      ],
      [
        5.882352941176476e-18,
        5.882352941176476e-18,
        1.0
      ],
      [
        1.0588235294117606e-16,
        1.9058823529411634e-15,
        0.999999999999998
      ],
      [
        3.705882352941139e-15,
        2.0058823529411473e-15,
        0.9999999999999942
      ]
    ],
    "actions": [
      0,
      0,
      0,
      0,
      0,
      0,
      0,
      1,
      0,
      0,
      0,
      0,
      0,
      0,
      0,
      0,
      0,
      0,
      0,
      0,
      0,
      0,
      0,
      0,
      0,
      0,
      0,
      0,
      0,
      0
    ],
    "efe_history": [
      -0.5488337599296716,
      -0.6748289964440974,
      -0.684479922345355,
      -0.6850272055740991,
      -0.6850576452527787,
      -0.6850594221186241,
      -0.6850585336851414,
      -0.6850594286440441,
      -0.6850594355319896,
      -0.6850594359146532,
      -0.6850594359359121,
      -0.6850594359370936,
      -0.6850594359371589,
      -0.6850594359371627,
      -0.6850594359371629,
      -0.6850594359371629,
      -0.6850594359371629,
      -0.6850594359371629,
      -0.6850594359371629,
      -0.6850594359371629,
      -0.6850594359371629,
      -0.6850594359371629,
      -0.6850594359371629,
      -0.6850594359371629,
      -0.6850594359371629,
      -0.6850594359371629,
      -0.6850594359371629,
      -0.6850594359371629,
      -0.6850594359371625,
      -0.6850594359371613
    ],
    "belief_confidence": [
      0.8999999999999998,
      0.9938650306748466,
      0.9996571820363386,
      0.9999809483891862,
      0.9999989415581322,
      0.9999999411976151,
      0.999999441377622,
      0.999999968965407,
      0.9999999982758558,
      0.9999999999042142,
      0.9999999999946785,
      0.9999999999997045,
      0.9999999999999836,
      0.9999999999999991,
      1.0,
      1.0,
      1.0,
      1.0,
      1.0,
      1.0,
      1.0,
      1.0,
      1.0,
      1.0,
      1.0,
      1.0,
      1.0,
      1.0,
      0.999999999999998,
      0.9999999999999942
    ]
  },
  "observations": [
    2,
    2,
    2,
    2,
    2,
    2,
    0,
    2,
    2,
    2,
    2,
    2,
    2,
    2,
    2,
    2,
    2,
    2,
    2,
    2,
    2,
    2,
    2,
    2,
    2,
    2,
    2,
    2,
    1,
    0
  ],
  "true_states": [
    2,
    2,
    2,
    2,
    2,
    2,
    2,
    2,
    2,
    2,
    2,
    2,
    2,
    2,
    2,
    2,
    2,
    2,
    2,
    2,
    2,
    2,
    2,
    2,
    2,
    2,
    2,
    2,
    2,
    2
  ],