{
  "success": true,
  "framework": "PyMDP",
  "model_name": "Active Inference POMDP Agent",
  "num_timesteps": 30,
  "simulation_trace": {
    "observations": [
      1,
      1,
      1,
      1,
      1,
      1,
      1,
      1,
      1,
      0,
      1,
      0,
      1,
      1,
      1,
      0,
      2,
      2,
      2,
      2,
      2,
      2,
      2,
      2,
      2,
      2,
      2,
      0,
      2,
      2
    ],
    "true_states": [
      1,
      1,
      1,
      1,
      1,
      1,
      1,
      1,
      1,
      1,
      1,
      1,
      1,
      1,
      1,
      0,
      2,
      2,
      2,
      2,
      2,
      2,
      2,
      2,
      2,
      2,
      2,
      2,
      2,
      2
    ],
    "beliefs": [
      [
        0.05000000000000008,
        0.8999999999999999,
        0.05000000000000008
      ],
      [
        0.0030674846625767045,
        0.9938650306748466,
        0.0030674846625767045
      ],
      [
        0.0001714089818306549,
        0.9996571820363388,
        0.0001714089818306549
      ],
      [
        9.525805406853113e-06,
        0.9999809483891864,
        9.525805406853113e-06
      ],
      [
        5.292209338691478e-07,
        0.9999989415581324,
        5.292209338691478e-07
      ],
      [
        2.940119238888053e-08,
        0.9999999411976151,
        2.940119238888053e-08
      ],
      [
        1.633399673427397e-09,
        0.9999999967332007,
        1.633399673427397e-09
      ],
      [
        9.074443213705247e-11,
        0.999999999818511,
        9.074443213705247e-11
      ],
      [
        5.041362897367038e-12,
        0.9999999999899174,
        5.041362897367038e-12
      ],
      [
        9.074633214482942e-11,
        0.9999999999042122,
        5.041462896934964e-12
      ],
      [
        2.800868276328367e-13,
        0.9999999999946785,
        5.041468452946599e-12
      ],
      [
        5.043362897367051e-12,
        0.9999999999899152,
        5.041568452922591e-12
      ],
      [
        2.800926918317007e-13,
        0.9999999999994398,
        2.801923831897276e-13
      ],
      [
        1.5566260657324977e-14,
        0.9999999999999689,
        1.557179906610422e-14
      ],
      [
        8.703478142958564e-16,
        0.9999999999999982,
        8.706555036724844e-16
      ],
      [
        1.0,
        5.3908211905325544e-17,
        5.39253057595825e-17
      ],
      [
        8.551405875532412e-18,
        8.550456216962537e-18,
        1.0
      ],
      [
        6.0306336597518066e-18,
        6.0305809009423595e-18,
        1.0
      ],
      [
        5.890590758875118e-18,
        5.89058782783015e-18,
        1.0
      ],
      [
        5.882810597715288e-18,
        5.8828104348794555e-18,
        1.0
      ],
      [
        5.882378366539756e-18,
        5.8823783574933376e-18,
        1.0
      ],
      [
        5.8823543536966496e-18,
        5.882354353194087e-18,
        1.0
      ],
      [
        5.882353019649819e-18,
        5.882353019621899e-18,
        1.0
      ],
      [
        5.882352945536115e-18,
        5.882352945534569e-18,
        1.0
      ],
      [
        5.882352941418687e-18,
        5.882352941418604e-18,
        1.0
      ],
      [
        5.8823529411899344e-18,
        5.8823529411899344e-18,
        1.0
      ],
      [
        5.882352941177228e-18,
        5.882352941177228e-18,
        1.0
      ],
      [
        1.905882352941177e-15,
        1.0588235294117681e-16,
        0.999999999999998
      ],
      [
        1.1143790849673214e-16,
        1.1437908496732038e-17,
        0.9999999999999998
      ],
      [
        1.1746550472040676e-17,
        6.190994916485138e-18,
        1.0
      ]
    ],
    "actions": [
      0,
      0,
      0,
      0,
      0,
      0,
      0,
      0,
      0,
      2,
      0,
      2,
      0,
      0,
      1,
      2,
      0,
      0,
      0,
      0,
      0,
      0,
      0,
      0,
      0,
      0,
      0,
      0,
      0,
      0
    ],
    "efe_history": [
      -1.1990837599296713,
      -1.4327891191434836,
      -1.449086538732054,
      -1.4500053438506906,
      -1.4500564306907355,
      -1.4500593546428873,
      -1.450059431420814,
      -1.4500594356862537,
      -1.4500594359232235,
      -1.4500594357719538,
      -1.450059435927984,
      -1.45005943592322,
      -1.4500594359363879,
      -1.4500594359371195,
      -1.45005943593716,
      -0.6850594359371629,
      -0.6850594359371629,
      -0.6850594359371629,
      -0.6850594359371629,
      -0.6850594359371629,
      -0.6850594359371629,
      -0.6850594359371629,
      -0.6850594359371629,
      -0.6850594359371629,
      -0.6850594359371629,
      -0.6850594359371629,
      -0.6850594359371629,
      -0.6850594359371625,
      -0.6850594359371627,
      -0.6850594359371629
    ],
    "belief_confidence": [
      0.8999999999999999,
      0.9938650306748466,
      0.9996571820363388,
      0.9999809483891864,
      0.9999989415581324,
      0.9999999411976151,
      0.9999999967332007,
      0.999999999818511,
      0.9999999999899174,
      0.9999999999042122,
      0.9999999999946785,
      0.9999999999899152,
      0.9999999999994398,
      0.9999999999999689,
      0.9999999999999982,
      1.0,
      1.0,
      1.0,
      1.0,
      1.0,
      1.0,
      1.0,
      1.0,
      1.0,
      1.0,
      1.0,
      1.0,
      0.999999999999998,
      0.9999999999999998,
      1.0
    ]
  },
  "observations": [
    1,
    1,
    1,
    1,
    1,
    1,
    1,
    1,
    1,
    0,
    1,
    0,
    1,
    1,
    1,
    0,
    2,
    2,
    2,
    2,
    2,
    2,
    2,
    2,
    2,
    2,
    2,
    0,
    2,
    2
  ],
  "true_states": [
    1,
    1,
    1,
    1,
    1,
    1,
    1,
    1,
    1,
    1,
    1,
    1,
    1,
    1,
    1,
    0,
    2,
    2,
    2,
    2,
    2,
    2,
    2,
    2,
    2,
    2,
    2,
    2,
    2,
    2
  ],