{
  "success": true,
  "framework": "PyMDP",
  "model_name": "Active Inference POMDP Agent",
  "num_timesteps": 15,
  "simulation_trace": {
    "observations": [
      2,
      2,
      2,
      2,
      2,
      2,
      2,
      2,
      2,
      2,
      2,
      2,
      2,
      2,
      2
    ],
    "true_states": [
      2,
      2,
      2,
      2,
      2,
      2,
      2,
      2,
      2,
      2,
      2,
      2,
      2,
      2,
      2
    ],
    "beliefs": [
      [
        0.050000000000000065,
        0.050000000000000065,
        0.8999999999999998
      ],
      [
        0.0030674846625767015,
        0.0030674846625767015,
        0.9938650306748466
      ],
      [
        0.00017140898183065452,
        0.00017140898183065452,
        0.9996571820363386
      ],
      [
        9.525805406853094e-06,
        9.525805406853094e-06,
        0.9999809483891862
      ],
      [
        5.292209338691467e-07,
        5.292209338691467e-07,
        0.9999989415581322
      ],
      [
        2.9401192388880428e-08,
        2.9401192388880428e-08,
        0.9999999411976151
      ],
      [
        1.6333996734273912e-09,
        1.6333996734273912e-09,
        0.9999999967332007
      ],
      [
        9.074443213705216e-11,
        9.074443213705216e-11,
        0.9999999998185112
      ],
      [
        5.04136289736702e-12,
        5.04136289736702e-12,
        0.9999999999899172
      ],
      [
        2.8008127207861273e-13,
        2.8008127207861273e-13,
        0.9999999999994398
      ],
      [
        1.5565626226597848e-14,
        1.5565626226597848e-14,
        0.9999999999999689
      ],
      [
        8.703125681443498e-16,
        8.703125681443498e-16,
        0.9999999999999982
      ],
      [
        5.390625378579721e-17,
        5.390625378579721e-17,
        1.0
      ],
      [
        8.550347432544286e-18,
        8.550347432544286e-18,
        1.0
      ],
      [
        6.030574857363599e-18,
        6.030574857363599e-18,
        1.0
      ]
    ],
    "actions": [
      0,
      0,
      0,
      0,
      0,
      0,
      0,
      0,
      0,
      0,
      0,
      0,
      0,
      0,
      0
    ],
    "efe_history": [
      -0.5488337599296716,
      -0.6748289964440974,
      -0.684479922345355,
      -0.6850272055740991,
      -0.6850576452527787,
      -0.6850594221186241,
      -0.6850594351694661,
      -0.6850594358945132,
      -0.6850594359347932,
      -0.6850594359370312,
      -0.6850594359371556,
      -0.6850594359371625,
      -0.6850594359371629,
      -0.6850594359371629,
      -0.6850594359371629
    ],
    "belief_confidence": [
      0.8999999999999998,
      0.9938650306748466,
      0.9996571820363386,
      0.9999809483891862,
      0.9999989415581322,
      0.9999999411976151,
      0.9999999967332007,
      0.9999999998185112,
      0.9999999999899172,
      0.9999999999994398,
      0.9999999999999689,
      0.9999999999999982,
      1.0,
      1.0,
      1.0
    ]
  },
  "observations": [
    2,
    2,
    2,
    2,
    2,
    2,
    2,
    2,
    2,
    2,
    2,
    2,
    2,
    2,
    2
  ],
  "true_states": [
    2,
    2,
    2,
    2,
    2,
    2,
    2,
    2,
    2,
    2,
    2,
    2,
    2,
    2,
    2
  ],
  "beliefs": [
    [
      0.050000000000000065,
      0.050000000000000065,
      0.8999999999999998
    ],
    [
      0.0030674846625767015,
      0.0030674846625767015,
      0.9938650306748466
    ],
    [
      0.00017140898183065452,
      0.00017140898183065452,
      0.9996571820363386
    ],
    [
      9.525805406853094e-06,
      9.525805406853094e-06,
      0.9999809483891862
    ],
    [
      5.292209338691467e-07,
      5.292209338691467e-07,
      0.9999989415581322
    ],
    [
      2.9401192388880428e-08,
      2.9401192388880428e-08,
      0.9999999411976151
    ],
    [
      1.6333996734273912e-09,
      1.6333996734273912e-09,
      0.9999999967332007
    ],
    [
      9.074443213705216e-11,
      9.074443213705216e-11,
      0.9999999998185112
    ],
    [
      5.04136289736702e-12,
      5.04136289736702e-12,
      0.9999999999899172
    ],
    [
      2.8008127207861273e-13,
      2.8008127207861273e-13,
      0.9999999999994398
    ],
    [
      1.5565626226597848e-14,
      1.5565626226597848e-14,
      0.9999999999999689
    ],
    [
      8.703125681443498e-16,
      8.703125681443498e-16,
      0.9999999999999982
    ],
    [
      5.390625378579721e-17,
      5.390625378579721e-17,
      1.0
    ],
    [
      8.550347432544286e-18,
      8.550347432544286e-18,
      1.0
    ],
    [
      6.030574857363599e-18,
      6.030574857363599e-18,
      1.0
    ]
  ],
  "actions": [
    0,
    0,
    0,
    0,
    0,
    0,
    0,
    0,
    0,
    0,
    0,
    0,
    0,
    0,
    0
  ],
  "model_parameters": {
    "A_shape": [
      3,
      3
    ],
    "B_shape": [
      3,
      3,
      3
    ],
    "C_shape": [
      3
    ],
    "D_shape": [
      3
    ],
    "num_states": 3,
    "num_observations": 3,
    "num_actions": 3
  },
  "metrics": {
    "expected_free_energy": [
      -0.5488337599296716,
      -0.6748289964440974,
      -0.684479922345355,
      -0.6850272055740991,
      -0.6850576452527787,
      -0.6850594221186241,
      -0.6850594351694661,
      -0.6850594358945132,
      -0.6850594359347932,
      -0.6850594359370312,
      -0.6850594359371556,
      -0.6850594359371625,
      -0.6850594359371629,
      -0.6850594359371629,
      -0.6850594359371629
    ],
    "belief_confidence": [
      0.8999999999999998,
      0.9938650306748466,
      0.9996571820363386,
      0.9999809483891862,
      0.9999989415581322,
      0.9999999411976151,
      0.9999999967332007,
      0.9999999998185112,
      0.9999999999899172,
      0.9999999999994398,
      0.9999999999999689,
      0.9999999999999982,
      1.0,
      1.0,
      1.0
    ],
    "cumulative_preference": [
      1.0,
      1.0,
      1.0,
      1.0,
      1.0,
      1.0,
      1.0,
      1.0,
      1.0,
      1.0,
      1.0,
      1.0,
      1.0,
      1.0,
      1.0
    ]
  },
  "validation": {
    "all_beliefs_valid": true,
    "beliefs_sum_to_one": true,
    "actions_in_range": true
  }
}