{
  "success": true,
  "framework": "PyMDP",
  "model_name": "Active Inference POMDP Agent",
  "num_timesteps": 30,
  "simulation_trace": {
    "observations": [
      2,
      2,
      2,
      2,
      2,
      2,
      2,
      2,
      0,
      2,
      2,
      2,
      2,
      2,
      2,
      2,
      2,
      2,
      2,
      2,
      2,
      0,
      2,
      2,
      2,
      2,
      2,
      2,
      2,
      2
    ],
    "true_states": [
      2,
      2,
      2,
      2,
      2,
      2,
      2,
      2,
      2,
      2,
      2,
      2,
      2,
      2,
      2,
      2,
      2,
      2,
      2,
      2,
      2,
      2,
      2,
      2,
      2,
      2,
      2,
      2,
      2,
      2
    ],
    "beliefs": [
      [
        0.050000000000000065,
        0.050000000000000065,
        0.8999999999999998
      ],
      [
        0.0030674846625767015,
        0.0030674846625767015,
        0.9938650306748466
      ],
      [
        0.00017140898183065452,
        0.00017140898183065452,
        0.9996571820363386
      ],
      [
        9.525805406853094e-06,
        9.525805406853094e-06,
        0.9999809483891862
      ],
      [
        5.292209338691467e-07,
        5.292209338691467e-07,
        0.9999989415581322
      ],
      [
        2.9401192388880428e-08,
        2.9401192388880428e-08,
        0.9999999411976151
      ],
      [
        1.6333996734273912e-09,
        1.6333996734273912e-09,
        0.9999999967332007
      ],
      [
        9.074443213705216e-11,
        9.074443213705216e-11,
        0.9999999998185112
      ],
      [
        1.6334015759471572e-09,
        9.074453199706423e-11,
        0.9999999982758538
      ],
      [
        9.074453770038448e-11,
        5.0413684524905005e-12,
        0.9999999999042142
      ],
      [
        5.041368761588552e-12,
        2.800815807192543e-13,
        0.9999999999946785
      ],
      [
        2.8008159786743793e-13,
        1.5565643373370128e-14,
        0.9999999999997045
      ],
      [
        1.55656443259731e-14,
        8.703135207430256e-16,
        0.9999999999999836
      ],
      [
        8.703135736651878e-16,
        5.3906306707946824e-17,
        0.9999999999999991
      ],
      [
        5.390630964806601e-17,
        8.550350372663751e-18,
        1.0
      ],
      [
        8.550350536003694e-18,
        6.03057502070357e-18,
        1.0
      ],
      [
        6.030575029778003e-18,
        5.890587501150216e-18,
        1.0
      ],
      [
        5.8905875016543615e-18,
        5.882810416730573e-18,
        1.0
      ],
      [
        5.8828104167585794e-18,
        5.882378356485031e-18,
        1.0
      ],
      [
        5.882378356486619e-18,
        5.882354353138079e-18,
        1.0
      ],
      [
        5.882354353138163e-18,
        5.882353019618806e-18,
        1.0
      ],
      [
        1.9058823783564782e-15,
        1.0588235301961872e-16,
        0.999999999999998
      ],
      [
        1.1143790990869322e-16,
        1.1437908501089963e-17,
        0.9999999999999998
      ],
      [
        1.1746550550482977e-17,
        6.190994916727256e-18,
        1.0
      ],
      [
        6.208141697249062e-18,
        5.899499717595962e-18,
        1.0
      ],
      [
        5.900452316513847e-18,
        5.8833055398664715e-18,
        1.0
      ],
      [
        5.883358462028582e-18,
        5.88240586332593e-18,
        1.0
      ],
      [
        5.882408803446044e-18,
        5.8823558812958844e-18,
        1.0
      ],
      [
        5.882356044635909e-18,
        5.8823531045164604e-18,
        1.0
      ],
      [
        5.882353113590885e-18,
        5.8823529502509425e-18,
        1.0
      ]
    ],
    "actions": [
      0,
      0,
      0,
      0,
      0,
      0,
      0,
      0,
      0,
      0,
      0,
      0,
      0,
      0,
      0,
      0,
      0,
      0,
      0,
      0,
      0,
      0,
      0,
      0,
      0,
      0,
      0,
      0,
      0,
      0
    ],
    "efe_history": [
      -0.5488337599296716,
      -0.6748289964440974,
      -0.684479922345355,
      -0.6850272055740991,
      -0.6850576452527787,
      -0.6850594221186241,
      -0.6850594351694661,
      -0.6850594358945132,
      -0.685059435531989,
      -0.6850594359146533,
      -0.6850594359359121,
      -0.6850594359370936,
      -0.6850594359371589,
      -0.6850594359371627,
      -0.6850594359371629,
      -0.6850594359371629,
      -0.6850594359371629,
      -0.6850594359371629,
      -0.6850594359371629,
      -0.6850594359371629,
      -0.6850594359371629,
      -0.6850594359371625,
      -0.6850594359371627,
      -0.6850594359371629,
      -0.6850594359371629,
      -0.6850594359371629,
      -0.6850594359371629,
      -0.6850594359371629,
      -0.6850594359371629,
      -0.6850594359371629
    ],
    "belief_confidence": [
      0.8999999999999998,
      0.9938650306748466,
      0.9996571820363386,
      0.9999809483891862,
      0.9999989415581322,
      0.9999999411976151,
      0.9999999967332007,
      0.9999999998185112,
      0.9999999982758538,
      0.9999999999042142,
      0.9999999999946785,
      0.9999999999997045,
      0.9999999999999836,
      0.9999999999999991,
      1.0,
      1.0,
      1.0,
      1.0,
      1.0,
      1.0,
      1.0,
      0.999999999999998,
      0.9999999999999998,
      1.0,
      1.0,
      1.0,
      1.0,
      1.0,
      1.0,
      1.0
    ]
  },
  "observations": [
    2,
    2,
    2,
    2,
    2,
    2,
    2,
    2,
    0,
    2,
    2,
    2,
    2,
    2,
    2,
    2,
    2,
    2,
    2,
    2,
    2,
    0,
    2,
    2,
    2,
    2,
    2,
    2,
    2,
    2
  ],
  "true_states": [
    2,
    2,
    2,
    2,
    2,
    2,
    2,
    2,
    2,
    2,
    2,
    2,
    2,
    2,
    2,
    2,
    2,
    2,
    2,
    2,
    2,
    2,
    2,
    2,
    2,
    2,
    2,
    2,
    2,
    2
  ],