{
  "success": true,
  "framework": "PyMDP",
  "pymdp_version": "1.0.0",
  "backend": "jax",
  "model_name": "PyMDP Scaling N2 T10",
  "num_timesteps": 10,
  "simulation_trace": {
    "observations": [
      1,
      0,
      1,
      1,
      1,
      0,
      0,
      1,
      1,
      1
    ],
    "true_states": [
      1,
      0,
      1,
      1,
      1,
      1,
      1,
      1,
      1,
      1,
      0
    ],
    "beliefs": [
      [
        0.04999999701976776,
        0.949999988079071
      ],
      [
        0.6785714030265808,
        0.3214285671710968
      ],
      [
        0.0058139534667134285,
        0.9941860437393188
      ],
      [
        0.0058139534667134285,
        0.9941860437393188
      ],
      [
        0.0058139534667134285,
        0.9941860437393188
      ],
      [
        0.6785714030265808,
        0.3214285671710968
      ],
      [
        0.6785714030265808,
        0.3214285671710968
      ],
      [
        0.0058139534667134285,
        0.9941860437393188
      ],
      [
        0.0058139534667134285,
        0.9941860437393188
      ],
      [
        0.0058139534667134285,
        0.9941860437393188
      ]
    ],
    "actions": [
      1,
      1,
      1,
      1,
      1,
      1,
      1,
      1,
      1,
      1
    ],
    "efe_history": [
      [
        0.6264482736587524,
        2.7864482402801514
      ],
      [
        0.6264482140541077,
        2.7864482402801514
      ],
      [
        0.6264482736587524,
        2.7864482402801514
      ],
      [
        0.6264482736587524,
        2.7864482402801514
      ],
      [
        0.6264482736587524,
        2.7864482402801514
      ],
      [
        0.6264482140541077,
        2.7864482402801514
      ],
      [
        0.6264482140541077,
        2.7864482402801514
      ],
      [
        0.6264482736587524,
        2.7864482402801514
      ],
      [
        0.6264482736587524,
        2.7864482402801514
      ],
      [
        0.6264482736587524,
        2.7864482402801514
      ]
    ],
    "vfe_history": [
      0.6931471824645996,
      1.9661128520965576,
      0.15082292258739471,
      0.15082292258739471,
      0.15082292258739471,
      1.9661128520965576,
      1.9661128520965576,
      0.15082292258739471,
      0.15082292258739471,
      0.15082292258739471
    ],
    "belief_confidence": [
      0.949999988079071,
      0.6785714030265808,
      0.9941860437393188,
      0.9941860437393188,
      0.9941860437393188,
      0.6785714030265808,
      0.6785714030265808,
      0.9941860437393188,
      0.9941860437393188,
      0.9941860437393188
    ]
  },
  "observations": [
    1,
    0,
    1,
    1,
    1,
    0,
    0,
    1,
    1,
    1
  ],
  "true_states": [
    1,
    0,
    1,
    1,
    1,
    1,
    1,
    1,
    1,
    1,
    0
  ],
  "beliefs": [
    [
      0.04999999701976776,
      0.949999988079071
    ],
    [
      0.6785714030265808,
      0.3214285671710968
    ],
    [
      0.0058139534667134285,
      0.9941860437393188
    ],
    [
      0.0058139534667134285,
      0.9941860437393188
    ],
    [
      0.0058139534667134285,
      0.9941860437393188
    ],
    [
      0.6785714030265808,
      0.3214285671710968
    ],
    [
      0.6785714030265808,
      0.3214285671710968
    ],
    [
      0.0058139534667134285,
      0.9941860437393188
    ],
    [
      0.0058139534667134285,
      0.9941860437393188
    ],
    [
      0.0058139534667134285,
      0.9941860437393188
    ]
  ],
  "actions": [
    1,
    1,
    1,
    1,
    1,
    1,
    1,
    1,
    1,
    1
  ],
  "model_parameters": {
    "A_shape": [
      2,
      2
    ],
    "B_shape": [
      2,
      2,
      2
    ],
    "C_shape": [
      2
    ],
    "D_shape": [
      2
    ],
    "num_states": 2,
    "num_observations": 2,
    "num_actions": 2,
    "batch_size": 1,
    "policy_len": 1,
    "gamma": 16.0,
    "alpha": 16.0
  },
  "metrics": {
    "expected_free_energy": [
      [
        0.6264482736587524,
        2.7864482402801514
      ],
      [
        0.6264482140541077,
        2.7864482402801514
      ],
      [
        0.6264482736587524,
        2.7864482402801514
      ],
      [
        0.6264482736587524,
        2.7864482402801514
      ],
      [
        0.6264482736587524,
        2.7864482402801514
      ],
      [
        0.6264482140541077,
        2.7864482402801514
      ],
      [
        0.6264482140541077,
        2.7864482402801514
      ],
      [
        0.6264482736587524,
        2.7864482402801514
      ],
      [
        0.6264482736587524,
        2.7864482402801514
      ],
      [
        0.6264482736587524,
        2.7864482402801514
      ]
    ],
    "variational_free_energy": [
      0.6931471824645996,
      1.9661128520965576,
      0.15082292258739471,
      0.15082292258739471,
      0.15082292258739471,
      1.9661128520965576,
      1.9661128520965576,
      0.15082292258739471,
      0.15082292258739471,
      0.15082292258739471
    ],
    "belief_confidence": [
      0.949999988079071,
      0.6785714030265808,
      0.9941860437393188,
      0.9941860437393188,
      0.9941860437393188,
      0.6785714030265808,
      0.6785714030265808,
      0.9941860437393188,
      0.9941860437393188,
      0.9941860437393188
    ],
    "cumulative_preference": [
      3.0,
      0.0,
      3.0,
      3.0,
      3.0,
      0.0,
      0.0,
      3.0,
      3.0,
      3.0
    ]
  },
  "validation": {
    "all_beliefs_valid": true,
    "beliefs_sum_to_one": true,
    "actions_in_range": true,
    "pymdp_version_ge_1_0_0": true
  }
}