{
  "framework": "activeinference_jl",
  "model_name": "tmaze_epistemic",
  "script_name": "T-Maze Epistemic Foraging Agent_activeinference.jl",
  "script_path": "output/11_render_output/tmaze_epistemic/activeinference_jl/T-Maze Epistemic Foraging Agent_activeinference.jl",
  "success": true,
  "return_code": 0,
  "execution_time": 7.830748,
  "timestamp": "2026-05-22T06:22:17.606719",
  "simulation_data": {
    "traces": [],
    "free_energy": [
      2.4210235183374924,
      1.452178264877319,
      1.452178264877319
    ],
    "states": [],
    "observations": [
      0,
      7,
      7
    ],
    "actions": [
      1,
      0,
      0
    ],
    "policy": [],
    "raw_output": "ActiveInference.jl simulation wrote simulation_results.json\n",
    "raw_error": "",
    "schema_version": "activeinference_jl_simulation_v1",
    "beliefs": [
      [
        0.125,
        0.125,
        0.125,
        0.125,
        0.125,
        0.125,
        0.125,
        0.125
      ],
      [
        0.0,
        0.0,
        0.0,
        0.0,
        0.0,
        1.0,
        0.0,
        0.0
      ],
      [
        0.0,
        0.0,
        0.0,
        0.0,
        0.0,
        1.0,
        0.0,
        0.0
      ]
    ],
    "true_states": [
      5,
      5,
      5
    ],
    "expected_free_energy": [
      2.4210235183374924,
      1.452178264877319,
      1.452178264877319
    ],
    "policy_posterior": [
      [
        0.33333273063278795,
        0.33333273063278795,
        0.33333273063278795,
        1.8081016360755838e-06
      ],
      [
        0.9915586246723785,
        0.005322093791231819,
        0.0015596407681947842,
        0.0015596407681947842
      ],
      [
        0.9915586246723785,
        0.005322093791231819,
        0.0015596407681947842,
        0.0015596407681947842
      ]
    ],
    "validation": {
      "all_beliefs_valid": true,
      "actions_in_range": true,
      "all_valid": true,
      "beliefs_sum_to_one": true
    },
    "model_parameters": {
      "num_observations": 12,
      "E_shape": [
        4
      ],
      "A_shape": [
        12,
        8
      ],
      "D_shape": [
        8
      ],
      "B_shape": [
        8,
        8,
        4
      ],
      "num_actions": 4,
      "C_shape": [
        12
      ],
      "num_states": 8
    }
  },
  "execution_benchmark_repeats": 1,
  "execution_metadata": {
    "executor": "julia",
    "stdout_length": 60,
    "stderr_length": 0,
    "output_directory": "output/12_execute_output/tmaze_epistemic/activeinference_jl"
  },
  "execution_time_mean": 7.830748,
  "execution_time_std": 0.0,
  "execution_time_samples": [
    7.830748
  ],
  "collected_outputs": {
    "visualizations": [],
    "simulation_data": [
      "output/12_execute_output/tmaze_epistemic/activeinference_jl/simulation_data/simulation_results.json"
    ],
    "traces": [],
    "other": []
  }
}