{
  "success": true,
  "framework": "PyMDP",
  "model_name": "Hidden Markov Model Baseline",
  "num_timesteps": 15,
  "simulation_trace": {
    "observations": [
      0,
      5,
      0,
      5,
      1,
      0,
      1,
      4,
      4,
      4,
      3,
      3,
      1,
      5,
      4
    ],
    "true_states": [
      0,
      0,
      0,
      1,
      1,
      0,
      1,
      1,
      1,
      2,
      2,
      2,
      1,
      1,
      1
    ],
    "beliefs": [
      [
        0.6999999999999997,
        0.10000000000000013,
        0.10000000000000013,
        0.10000000000000013
      ],
      [
        0.6775244299674263,
        0.22149837133550504,
        0.052117263843648315,
        0.04885993485342031
      ],
      [
        0.8778225806451609,
        0.05895161290322591,
        0.03241935483870975,
        0.030806451612903293
      ],
      [
        0.7605690320875762,
        0.16822365877649306,
        0.03619333780285501,
        0.035013971333075655
      ],
      [
        0.24978051018309702,
        0.6428685363654418,
        0.05459386254620498,
        0.05275709090525601
      ],
      [
        0.6998524562095632,
        0.196534320915797,
        0.05304582209105195,
        0.05056740078358774
      ],
      [
        0.22224602590007236,
        0.6679528599513155,
        0.05624621888423182,
        0.05355489526438038
      ],
      [
        0.13103761816288928,
        0.2843696080026744,
        0.29982252261853176,
        0.28477025121590455
      ],
      [
        0.06971125949832978,
        0.11731711470970067,
        0.4345878122600238,
        0.3783838135319457
      ],
      [
        0.048355977322549044,
        0.07291205219910186,
        0.484330865651021,
        0.39440110482732815
      ],
      [
        0.04635435209574042,
        0.06905004635650651,
        0.13711019289270598,
        0.7474854086550471
      ],
      [
        0.033263257599074066,
        0.04037548848437609,
        0.06331982018890678,
        0.8630414337276432
      ],
      [
        0.06726575358330085,
        0.5124648440191963,
        0.12222212661418672,
        0.298047275783316
      ],
      [
        0.20947751629549072,
        0.6263771100780043,
        0.0712324055909221,
        0.09291296803558283
      ],
      [
        0.1204244592560582,
        0.25769787143407796,
        0.30928578404760265,
        0.31259188526226117
      ]
    ],
    "actions": [
      0,
      0,
      0,
      0,
      0,
      0,
      0,
      0,
      0,
      0,
      0,
      0,
      0,
      0,
      0
    ],
    "efe_history": [
      [
        -1.4809641799679718
      ],
      [
        -1.487528938984414
      ],
      [
        -1.5267763888552521
      ],
      [
        -1.503153106352287
      ],
      [
        -1.4836647348546927
      ],
      [
        -1.4900491627158303
      ],
      [
        -1.4863186016640637
      ],
      [
        -1.4345702328658336
      ],
      [
        -1.4477513654722882
      ],
      [
        -1.456109660556007
      ],
      [
        -1.4750286805897408
      ],
      [
        -1.494249815208218
      ],
      [
        -1.4515182505876814
      ],
      [
        -1.4747931865676394
      ],
      [
        -1.4350184661563299
      ]
    ],
    "belief_confidence": [
      0.6999999999999997,
      0.6775244299674263,
      0.8778225806451609,
      0.7605690320875762,
      0.6428685363654418,
      0.6998524562095632,
      0.6679528599513155,
      0.29982252261853176,
      0.4345878122600238,
      0.484330865651021,
      0.7474854086550471,
      0.8630414337276432,
      0.5124648440191963,
      0.6263771100780043,
      0.31259188526226117
    ]
  },
  "observations": [
    0,
    5,
    0,
    5,
    1,
    0,
    1,
    4,
    4,
    4,
    3,
    3,
    1,
    5,
    4
  ],
  "true_states": [
    0,
    0,
    0,
    1,
    1,
    0,
    1,
    1,
    1,
    2,
    2,
    2,
    1,
    1,
    1
  ],
  "beliefs": [
    [
      0.6999999999999997,
      0.10000000000000013,
      0.10000000000000013,
      0.10000000000000013
    ],
    [
      0.6775244299674263,
      0.22149837133550504,
      0.052117263843648315,
      0.04885993485342031
    ],
    [
      0.8778225806451609,
      0.05895161290322591,
      0.03241935483870975,
      0.030806451612903293
    ],
    [
      0.7605690320875762,
      0.16822365877649306,
      0.03619333780285501,
      0.035013971333075655
    ],
    [
      0.24978051018309702,
      0.6428685363654418,
      0.05459386254620498,
      0.05275709090525601
    ],
    [
      0.6998524562095632,
      0.196534320915797,
      0.05304582209105195,
      0.05056740078358774
    ],
    [
      0.22224602590007236,
      0.6679528599513155,
      0.05624621888423182,
      0.05355489526438038
    ],
    [
      0.13103761816288928,
      0.2843696080026744,
      0.29982252261853176,
      0.28477025121590455
    ],
    [
      0.06971125949832978,
      0.11731711470970067,
      0.4345878122600238,
      0.3783838135319457
    ],
    [
      0.048355977322549044,
      0.07291205219910186,
      0.484330865651021,
      0.39440110482732815
    ],
    [
      0.04635435209574042,
      0.06905004635650651,
      0.13711019289270598,
      0.7474854086550471
    ],
    [
      0.033263257599074066,
      0.04037548848437609,
      0.06331982018890678,
      0.8630414337276432
    ],
    [
      0.06726575358330085,
      0.5124648440191963,
      0.12222212661418672,
      0.298047275783316
    ],
    [
      0.20947751629549072,
      0.6263771100780043,
      0.0712324055909221,
      0.09291296803558283
    ],
    [
      0.1204244592560582,
      0.25769787143407796,
      0.30928578404760265,
      0.31259188526226117
    ]
  ],
  "actions": [
    0,
    0,
    0,
    0,
    0,
    0,
    0,
    0,
    0,
    0,
    0,
    0,
    0,
    0,
    0
  ],
  "model_parameters": {
    "A_shape": [
      6,
      4
    ],
    "B_shape": [
      4,
      4,
      1
    ],
    "C_shape": [
      6
    ],
    "D_shape": [
      4
    ],
    "num_states": 4,
    "num_observations": 6,
    "num_actions": 1
  },
  "metrics": {
    "expected_free_energy": [
      [
        -1.4809641799679718
      ],
      [
        -1.487528938984414
      ],
      [
        -1.5267763888552521
      ],
      [
        -1.503153106352287
      ],
      [
        -1.4836647348546927
      ],
      [
        -1.4900491627158303
      ],
      [
        -1.4863186016640637
      ],
      [
        -1.4345702328658336
      ],
      [
        -1.4477513654722882
      ],
      [
        -1.456109660556007
      ],
      [
        -1.4750286805897408
      ],
      [
        -1.494249815208218
      ],
      [
        -1.4515182505876814
      ],
      [
        -1.4747931865676394
      ],
      [
        -1.4350184661563299
      ]
    ],
    "belief_confidence": [
      0.6999999999999997,
      0.6775244299674263,
      0.8778225806451609,
      0.7605690320875762,
      0.6428685363654418,
      0.6998524562095632,
      0.6679528599513155,
      0.29982252261853176,
      0.4345878122600238,
      0.484330865651021,
      0.7474854086550471,
      0.8630414337276432,
      0.5124648440191963,
      0.6263771100780043,
      0.31259188526226117
    ],
    "cumulative_preference": [
      0.0,
      0.0,
      0.0,
      0.0,
      0.0,
      0.0,
      0.0,
      0.0,
      0.0,
      0.0,
      0.0,
      0.0,
      0.0,
      0.0,
      0.0
    ]
  },
  "validation": {
    "all_beliefs_valid": true,
    "beliefs_sum_to_one": true,
    "actions_in_range": true
  }
}