{
  "success": true,
  "framework": "PyMDP",
  "model_name": "Hidden Markov Model Baseline",
  "num_timesteps": 15,
  "simulation_trace": {
    "observations": [
      4,
      5,
      2,
      1,
      0,
      0,
      0,
      0,
      0,
      3,
      0,
      3,
      0,
      1,
      4
    ],
    "true_states": [
      0,
      0,
      0,
      0,
      0,
      0,
      0,
      0,
      0,
      0,
      0,
      2,
      2,
      3,
      3
    ],
    "beliefs": [
      [
        0.10000000000000009,
        0.10000000000000009,
        0.3999999999999999,
        0.3999999999999999
      ],
      [
        0.3076923076923077,
        0.3846153846153846,
        0.16346153846153846,
        0.14423076923076922
      ],
      [
        0.13074204946996482,
        0.15945229681978815,
        0.6307420494699644,
        0.0790636042402828
      ],
      [
        0.0699107081054891,
        0.7095936872707135,
        0.1658302761819063,
        0.05466532844189114
      ],
      [
        0.5366077035796526,
        0.29289059930021827,
        0.10173562307485273,
        0.06876607404527654
      ],
      [
        0.836333488428608,
        0.08095274787477849,
        0.044664184507209895,
        0.03804957918940356
      ],
      [
        0.9136375772701087,
        0.03319121381181288,
        0.027356865380851827,
        0.025814343537226572
      ],
      [
        0.9280403768753206,
        0.025086525798086214,
        0.023779423478040337,
        0.023093673848552963
      ],
      [
        0.9305445114049069,
        0.023766678104667455,
        0.023112799449975224,
        0.022576011040450508
      ],
      [
        0.3947446428724996,
        0.06989825948396461,
        0.06824494076292303,
        0.46711215688061275
      ],
      [
        0.7804913946428084,
        0.049241799155015864,
        0.05985728392197859,
        0.11040952228019725
      ],
      [
        0.2942659644453123,
        0.0701785434475683,
        0.07299477473017572,
        0.5625607173769437
      ],
      [
        0.7279642060351172,
        0.056181466807100705,
        0.07248121440311425,
        0.14337311275466771
      ],
      [
        0.2908199092618661,
        0.5345812176251924,
        0.08158123818538306,
        0.0930176349275584
      ],
      [
        0.14524892720898055,
        0.22695842803989622,
        0.317688848880843,
        0.3101037958702802
      ]
    ],
    "actions": [
      0,
      0,
      0,
      0,
      0,
      0,
      0,
      0,
      0,
      0,
      0,
      0,
      0,
      0,
      0
    ],
    "efe_history": [
      [
        -1.445249425079412
      ],
      [
        -1.443801198344283
      ],
      [
        -1.4530809027953464
      ],
      [
        -1.4884608176361334
      ],
      [
        -1.46546301129969
      ],
      [
        -1.5159549484210268
      ],
      [
        -1.5361772794696082
      ],
      [
        -1.5402998226352764
      ],
      [
        -1.5410327242335462
      ],
      [
        -1.4446785113998963
      ],
      [
        -1.4978054998794808
      ],
      [
        -1.4464014639160307
      ],
      [
        -1.4851724612599317
      ],
      [
        -1.4649909069294795
      ],
      [
        -1.4336670040809865
      ]
    ],
    "belief_confidence": [
      0.3999999999999999,
      0.3846153846153846,
      0.6307420494699644,
      0.7095936872707135,
      0.5366077035796526,
      0.836333488428608,
      0.9136375772701087,
      0.9280403768753206,
      0.9305445114049069,
      0.46711215688061275,
      0.7804913946428084,
      0.5625607173769437,
      0.7279642060351172,
      0.5345812176251924,
      0.317688848880843
    ]
  },
  "observations": [
    4,
    5,
    2,
    1,
    0,
    0,
    0,
    0,
    0,
    3,
    0,
    3,
    0,
    1,
    4
  ],
  "true_states": [
    0,
    0,
    0,
    0,
    0,
    0,
    0,
    0,
    0,
    0,
    0,
    2,
    2,
    3,
    3
  ],
  "beliefs": [
    [
      0.10000000000000009,
      0.10000000000000009,
      0.3999999999999999,
      0.3999999999999999
    ],
    [
      0.3076923076923077,
      0.3846153846153846,
      0.16346153846153846,
      0.14423076923076922
    ],
    [
      0.13074204946996482,
      0.15945229681978815,
      0.6307420494699644,
      0.0790636042402828
    ],
    [
      0.0699107081054891,
      0.7095936872707135,
      0.1658302761819063,
      0.05466532844189114
    ],
    [
      0.5366077035796526,
      0.29289059930021827,
      0.10173562307485273,
      0.06876607404527654
    ],
    [
      0.836333488428608,
      0.08095274787477849,
      0.044664184507209895,
      0.03804957918940356
    ],
    [
      0.9136375772701087,
      0.03319121381181288,
      0.027356865380851827,
      0.025814343537226572
    ],
    [
      0.9280403768753206,
      0.025086525798086214,
      0.023779423478040337,
      0.023093673848552963
    ],
    [
      0.9305445114049069,
      0.023766678104667455,
      0.023112799449975224,
      0.022576011040450508
    ],
    [
      0.3947446428724996,
      0.06989825948396461,
      0.06824494076292303,
      0.46711215688061275
    ],
    [
      0.7804913946428084,
      0.049241799155015864,
      0.05985728392197859,
      0.11040952228019725
    ],
    [
      0.2942659644453123,
      0.0701785434475683,
      0.07299477473017572,
      0.5625607173769437
    ],
    [
      0.7279642060351172,
      0.056181466807100705,
      0.07248121440311425,
      0.14337311275466771
    ],
    [
      0.2908199092618661,
      0.5345812176251924,
      0.08158123818538306,
      0.0930176349275584
    ],
    [
      0.14524892720898055,
      0.22695842803989622,
      0.317688848880843,
      0.3101037958702802
    ]
  ],
  "actions": [
    0,
    0,
    0,
    0,
    0,
    0,
    0,
    0,
    0,
    0,
    0,
    0,
    0,
    0,
    0
  ],
  "model_parameters": {
    "A_shape": [
      6,
      4
    ],
    "B_shape": [
      4,
      4,
      1
    ],
    "C_shape": [
      6
    ],
    "D_shape": [
      4
    ],
    "num_states": 4,
    "num_observations": 6,
    "num_actions": 1
  },
  "metrics": {
    "expected_free_energy": [
      [
        -1.445249425079412
      ],
      [
        -1.443801198344283
      ],
      [
        -1.4530809027953464
      ],
      [
        -1.4884608176361334
      ],
      [
        -1.46546301129969
      ],
      [
        -1.5159549484210268
      ],
      [
        -1.5361772794696082
      ],
      [
        -1.5402998226352764
      ],
      [
        -1.5410327242335462
      ],
      [
        -1.4446785113998963
      ],
      [
        -1.4978054998794808
      ],
      [
        -1.4464014639160307
      ],
      [
        -1.4851724612599317
      ],
      [
        -1.4649909069294795
      ],
      [
        -1.4336670040809865
      ]
    ],
    "belief_confidence": [
      0.3999999999999999,
      0.3846153846153846,
      0.6307420494699644,
      0.7095936872707135,
      0.5366077035796526,
      0.836333488428608,
      0.9136375772701087,
      0.9280403768753206,
      0.9305445114049069,
      0.46711215688061275,
      0.7804913946428084,
      0.5625607173769437,
      0.7279642060351172,
      0.5345812176251924,
      0.317688848880843
    ],
    "cumulative_preference": [
      0.0,
      0.0,
      0.0,
      0.0,
      0.0,
      0.0,
      0.0,
      0.0,
      0.0,
      0.0,
      0.0,
      0.0,
      0.0,
      0.0,
      0.0
    ]
  },
  "validation": {
    "all_beliefs_valid": true,
    "beliefs_sum_to_one": true,
    "actions_in_range": true
  }
}