{
  "success": true,
  "framework": "PyMDP",
  "model_name": "Hidden Markov Model Baseline",
  "num_timesteps": 15,
  "simulation_trace": {
    "observations": [
      0,
      2,
      4,
      3,
      4,
      2,
      4,
      3,
      5,
      0,
      0,
      0,
      3,
      5,
      0
    ],
    "true_states": [
      2,
      2,
      2,
      3,
      3,
      3,
      3,
      3,
      0,
      0,
      0,
      1,
      0,
      0,
      0
    ],
    "beliefs": [
      [
        0.6999999999999997,
        0.10000000000000013,
        0.10000000000000013,
        0.10000000000000013
      ],
      [
        0.2653061224489795,
        0.08673469387755113,
        0.5714285714285714,
        0.07653061224489807
      ],
      [
        0.09988202909948886,
        0.08061344868265835,
        0.6063704286276049,
        0.21313409359024793
      ],
      [
        0.07141602865772288,
        0.09333075788438583,
        0.18955889583479668,
        0.6456943176230946
      ],
      [
        0.04688839179444504,
        0.05742632009411118,
        0.3405105906669334,
        0.5551746974445103
      ],
      [
        0.043366766488325735,
        0.05703132888383329,
        0.7718070516362889,
        0.127794852991552
      ],
      [
        0.04217903984908242,
        0.07075562451992796,
        0.6676388065784786,
        0.219426529052511
      ],
      [
        0.05548800273537983,
        0.09264453195237173,
        0.20181825969925737,
        0.6500492056129911
      ],
      [
        0.27665816829238027,
        0.36481942868234635,
        0.1379806208663641,
        0.22054178215890927
      ],
      [
        0.7172520225508936,
        0.12815625582720702,
        0.07359273503700263,
        0.08099898658489682
      ],
      [
        0.8877004450405706,
        0.04405746065602968,
        0.0346467119169637,
        0.03359538238643607
      ],
      [
        0.9233942744275943,
        0.027086465471053475,
        0.02516469974885967,
        0.02435456035249254
      ],
      [
        0.39092150051525,
        0.07098854072455227,
        0.06874681891186647,
        0.4693431398483312
      ],
      [
        0.5457494695478329,
        0.24382384950622107,
        0.07394091771532108,
        0.1364857632306249
      ],
      [
        0.8393832229950449,
        0.07116686884660599,
        0.042252957014095045,
        0.04719695114425415
      ]
    ],
    "actions": [
      0,
      0,
      0,
      0,
      0,
      0,
      0,
      0,
      0,
      0,
      0,
      0,
      0,
      0,
      0
    ],
    "efe_history": [
      [
        -1.4809641799679718
      ],
      [
        -1.4468977422826554
      ],
      [
        -1.4533209796080535
      ],
      [
        -1.4599787446737367
      ],
      [
        -1.4613942875254993
      ],
      [
        -1.4745656189187124
      ],
      [
        -1.4644885753475003
      ],
      [
        -1.4622891611496542
      ],
      [
        -1.4383639318991648
      ],
      [
        -1.4871178232186708
      ],
      [
        -1.5286561462803319
      ],
      [
        -1.5389104371765738
      ],
      [
        -1.4444881251966466
      ],
      [
        -1.4601703552950385
      ],
      [
        -1.5159039681083921
      ]
    ],
    "belief_confidence": [
      0.6999999999999997,
      0.5714285714285714,
      0.6063704286276049,
      0.6456943176230946,
      0.5551746974445103,
      0.7718070516362889,
      0.6676388065784786,
      0.6500492056129911,
      0.36481942868234635,
      0.7172520225508936,
      0.8877004450405706,
      0.9233942744275943,
      0.4693431398483312,
      0.5457494695478329,
      0.8393832229950449
    ]
  },
  "observations": [
    0,
    2,
    4,
    3,
    4,
    2,
    4,
    3,
    5,
    0,
    0,
    0,
    3,
    5,
    0
  ],
  "true_states": [
    2,
    2,
    2,
    3,
    3,
    3,
    3,
    3,
    0,
    0,
    0,
    1,
    0,
    0,
    0
  ],
  "beliefs": [
    [
      0.6999999999999997,
      0.10000000000000013,
      0.10000000000000013,
      0.10000000000000013
    ],
    [
      0.2653061224489795,
      0.08673469387755113,
      0.5714285714285714,
      0.07653061224489807
    ],
    [
      0.09988202909948886,
      0.08061344868265835,
      0.6063704286276049,
      0.21313409359024793
    ],
    [
      0.07141602865772288,
      0.09333075788438583,
      0.18955889583479668,
      0.6456943176230946
    ],
    [
      0.04688839179444504,
      0.05742632009411118,
      0.3405105906669334,
      0.5551746974445103
    ],
    [
      0.043366766488325735,
      0.05703132888383329,
      0.7718070516362889,
      0.127794852991552
    ],
    [
      0.04217903984908242,
      0.07075562451992796,
      0.6676388065784786,
      0.219426529052511
    ],
    [
      0.05548800273537983,
      0.09264453195237173,
      0.20181825969925737,
      0.6500492056129911
    ],
    [
      0.27665816829238027,
      0.36481942868234635,
      0.1379806208663641,
      0.22054178215890927
    ],
    [
      0.7172520225508936,
      0.12815625582720702,
      0.07359273503700263,
      0.08099898658489682
    ],
    [
      0.8877004450405706,
      0.04405746065602968,
      0.0346467119169637,
      0.03359538238643607
    ],
    [
      0.9233942744275943,
      0.027086465471053475,
      0.02516469974885967,
      0.02435456035249254
    ],
    [
      0.39092150051525,
      0.07098854072455227,
      0.06874681891186647,
      0.4693431398483312
    ],
    [
      0.5457494695478329,
      0.24382384950622107,
      0.07394091771532108,
      0.1364857632306249
    ],
    [
      0.8393832229950449,
      0.07116686884660599,
      0.042252957014095045,
      0.04719695114425415
    ]
  ],
  "actions": [
    0,
    0,
    0,
    0,
    0,
    0,
    0,
    0,
    0,
    0,
    0,
    0,
    0,
    0,
    0
  ],
  "model_parameters": {
    "A_shape": [
      6,
      4
    ],
    "B_shape": [
      4,
      4,
      1
    ],
    "C_shape": [
      6
    ],
    "D_shape": [
      4
    ],
    "num_states": 4,
    "num_observations": 6,
    "num_actions": 1
  },
  "metrics": {
    "expected_free_energy": [
      [
        -1.4809641799679718
      ],
      [
        -1.4468977422826554
      ],
      [
        -1.4533209796080535
      ],
      [
        -1.4599787446737367
      ],
      [
        -1.4613942875254993
      ],
      [
        -1.4745656189187124
      ],
      [
        -1.4644885753475003
      ],
      [
        -1.4622891611496542
      ],
      [
        -1.4383639318991648
      ],
      [
        -1.4871178232186708
      ],
      [
        -1.5286561462803319
      ],
      [
        -1.5389104371765738
      ],
      [
        -1.4444881251966466
      ],
      [
        -1.4601703552950385
      ],
      [
        -1.5159039681083921
      ]
    ],
    "belief_confidence": [
      0.6999999999999997,
      0.5714285714285714,
      0.6063704286276049,
      0.6456943176230946,
      0.5551746974445103,
      0.7718070516362889,
      0.6676388065784786,
      0.6500492056129911,
      0.36481942868234635,
      0.7172520225508936,
      0.8877004450405706,
      0.9233942744275943,
      0.4693431398483312,
      0.5457494695478329,
      0.8393832229950449
    ],
    "cumulative_preference": [
      0.0,
      0.0,
      0.0,
      0.0,
      0.0,
      0.0,
      0.0,
      0.0,
      0.0,
      0.0,
      0.0,
      0.0,
      0.0,
      0.0,
      0.0
    ]
  },
  "validation": {
    "all_beliefs_valid": true,
    "beliefs_sum_to_one": true,
    "actions_in_range": true
  }
}