{
  "success": true,
  "framework": "PyMDP",
  "model_name": "Hidden Markov Model Baseline",
  "num_timesteps": 15,
  "simulation_trace": {
    "observations": [
      4,
      5,
      5,
      1,
      5,
      1,
      1,
      3,
      1,
      3,
      0,
      1,
      0,
      1,
      3
    ],
    "true_states": [
      1,
      0,
      1,
      1,
      1,
      1,
      1,
      1,
      1,
      0,
      0,
      0,
      0,
      0,
      0
    ],
    "beliefs": [
      [
        0.10000000000000009,
        0.10000000000000009,
        0.3999999999999999,
        0.3999999999999999
      ],
      [
        0.3076923076923077,
        0.3846153846153846,
        0.16346153846153846,
        0.14423076923076922
      ],
      [
        0.39322484224510124,
        0.4795748920624376,
        0.06775157754898711,
        0.059448688143474
      ],
      [
        0.09976919435019341,
        0.8201787264262603,
        0.041525289986585744,
        0.03852678923696052
      ],
      [
        0.19564714850745335,
        0.7297348682610258,
        0.038127739092068576,
        0.03649024413945211
      ],
      [
        0.05115112240882573,
        0.8921518355191426,
        0.02887415088432674,
        0.027822891187705104
      ],
      [
        0.02706331523853734,
        0.9250743101048976,
        0.02427368787338499,
        0.023588686783179942
      ],
      [
        0.06957167248106803,
        0.39351526850666807,
        0.06852887147531413,
        0.46838418753694966
      ],
      [
        0.04635498986466133,
        0.7851252841806836,
        0.05922705726410431,
        0.10929266869055075
      ],
      [
        0.06629724158700039,
        0.29929169502303865,
        0.07290025357334975,
        0.5615108098166113
      ],
      [
        0.5321500745470998,
        0.15601768207164204,
        0.10475028170680903,
        0.207081961674449
      ],
      [
        0.18848614924921694,
        0.6422074999818569,
        0.07780726517226924,
        0.09149908559665686
      ],
      [
        0.654645163356422,
        0.216411839456499,
        0.06497708289246674,
        0.06396591429461233
      ],
      [
        0.20379365689916423,
        0.6841879911075222,
        0.057436384255475155,
        0.05458196773783857
      ],
      [
        0.12602506615863157,
        0.292704539894012,
        0.07607467076581406,
        0.5051957231815424
      ]
    ],
    "actions": [
      0,
      0,
      0,
      0,
      0,
      0,
      0,
      0,
      0,
      0,
      0,
      0,
      0,
      0,
      0
    ],
    "efe_history": [
      [
        -1.445249425079412
      ],
      [
        -1.443801198344283
      ],
      [
        -1.469700853766363
      ],
      [
        -1.514255298903561
      ],
      [
        -1.4989548263327364
      ],
      [
        -1.5318178129664008
      ],
      [
        -1.5404990186315184
      ],
      [
        -1.4460031576285353
      ],
      [
        -1.5010414898811228
      ],
      [
        -1.447754756353331
      ],
      [
        -1.4513060171037506
      ],
      [
        -1.476487093167373
      ],
      [
        -1.4810900944594025
      ],
      [
        -1.4881750771700442
      ],
      [
        -1.4406234381436476
      ]
    ],
    "belief_confidence": [
      0.3999999999999999,
      0.3846153846153846,
      0.4795748920624376,
      0.8201787264262603,
      0.7297348682610258,
      0.8921518355191426,
      0.9250743101048976,
      0.46838418753694966,
      0.7851252841806836,
      0.5615108098166113,
      0.5321500745470998,
      0.6422074999818569,
      0.654645163356422,
      0.6841879911075222,
      0.5051957231815424
    ]
  },
  "observations": [
    4,
    5,
    5,
    1,
    5,
    1,
    1,
    3,
    1,
    3,
    0,
    1,
    0,
    1,
    3
  ],
  "true_states": [
    1,
    0,
    1,
    1,
    1,
    1,
    1,
    1,
    1,
    0,
    0,
    0,
    0,
    0,
    0
  ],
  "beliefs": [
    [
      0.10000000000000009,
      0.10000000000000009,
      0.3999999999999999,
      0.3999999999999999
    ],
    [
      0.3076923076923077,
      0.3846153846153846,
      0.16346153846153846,
      0.14423076923076922
    ],
    [
      0.39322484224510124,
      0.4795748920624376,
      0.06775157754898711,
      0.059448688143474
    ],
    [
      0.09976919435019341,
      0.8201787264262603,
      0.041525289986585744,
      0.03852678923696052
    ],
    [
      0.19564714850745335,
      0.7297348682610258,
      0.038127739092068576,
      0.03649024413945211
    ],
    [
      0.05115112240882573,
      0.8921518355191426,
      0.02887415088432674,
      0.027822891187705104
    ],
    [
      0.02706331523853734,
      0.9250743101048976,
      0.02427368787338499,
      0.023588686783179942
    ],
    [
      0.06957167248106803,
      0.39351526850666807,
      0.06852887147531413,
      0.46838418753694966
    ],
    [
      0.04635498986466133,
      0.7851252841806836,
      0.05922705726410431,
      0.10929266869055075
    ],
    [
      0.06629724158700039,
      0.29929169502303865,
      0.07290025357334975,
      0.5615108098166113
    ],
    [
      0.5321500745470998,
      0.15601768207164204,
      0.10475028170680903,
      0.207081961674449
    ],
    [
      0.18848614924921694,
      0.6422074999818569,
      0.07780726517226924,
      0.09149908559665686
    ],
    [
      0.654645163356422,
      0.216411839456499,
      0.06497708289246674,
      0.06396591429461233
    ],
    [
      0.20379365689916423,
      0.6841879911075222,
      0.057436384255475155,
      0.05458196773783857
    ],
    [
      0.12602506615863157,
      0.292704539894012,
      0.07607467076581406,
      0.5051957231815424
    ]
  ],
  "actions": [
    0,
    0,
    0,
    0,
    0,
    0,
    0,
    0,
    0,
    0,
    0,
    0,
    0,
    0,
    0
  ],
  "model_parameters": {
    "A_shape": [
      6,
      4
    ],
    "B_shape": [
      4,
      4,
      1
    ],
    "C_shape": [
      6
    ],
    "D_shape": [
      4
    ],
    "num_states": 4,
    "num_observations": 6,
    "num_actions": 1
  },
  "metrics": {
    "expected_free_energy": [
      [
        -1.445249425079412
      ],
      [
        -1.443801198344283
      ],
      [
        -1.469700853766363
      ],
      [
        -1.514255298903561
      ],
      [
        -1.4989548263327364
      ],
      [
        -1.5318178129664008
      ],
      [
        -1.5404990186315184
      ],
      [
        -1.4460031576285353
      ],
      [
        -1.5010414898811228
      ],
      [
        -1.447754756353331
      ],
      [
        -1.4513060171037506
      ],
      [
        -1.476487093167373
      ],
      [
        -1.4810900944594025
      ],
      [
        -1.4881750771700442
      ],
      [
        -1.4406234381436476
      ]
    ],
    "belief_confidence": [
      0.3999999999999999,
      0.3846153846153846,
      0.4795748920624376,
      0.8201787264262603,
      0.7297348682610258,
      0.8921518355191426,
      0.9250743101048976,
      0.46838418753694966,
      0.7851252841806836,
      0.5615108098166113,
      0.5321500745470998,
      0.6422074999818569,
      0.654645163356422,
      0.6841879911075222,
      0.5051957231815424
    ],
    "cumulative_preference": [
      0.0,
      0.0,
      0.0,
      0.0,
      0.0,
      0.0,
      0.0,
      0.0,
      0.0,
      0.0,
      0.0,
      0.0,
      0.0,
      0.0,
      0.0
    ]
  },
  "validation": {
    "all_beliefs_valid": true,
    "beliefs_sum_to_one": true,
    "actions_in_range": true
  }
}