{
  "success": true,
  "framework": "PyMDP",
  "model_name": "Hidden Markov Model Baseline",
  "num_timesteps": 15,
  "simulation_trace": {
    "observations": [
      5,
      5,
      1,
      5,
      1,
      5,
      2,
      1,
      1,
      3,
      5,
      3,
      4,
      2,
      2
    ],
    "true_states": [
      1,
      1,
      1,
      1,
      1,
      1,
      2,
      2,
      1,
      3,
      3,
      3,
      3,
      2,
      2
    ],
    "beliefs": [
      [
        0.39999999999999986,
        0.39999999999999986,
        0.10000000000000007,
        0.10000000000000007
      ],
      [
        0.4429967426710097,
        0.4560260586319218,
        0.052117263843648294,
        0.04885993485342028
      ],
      [
        0.11176353503184723,
        0.8102109872611462,
        0.040007961783439544,
        0.03801751592356693
      ],
      [
        0.20425521558988352,
        0.721524917408419,
        0.03784306687028107,
        0.0363768001314165
      ],
      [
        0.05273526477559104,
        0.8902181810842447,
        0.029041121958814666,
        0.028005432181349574
      ],
      [
        0.15927407438507332,
        0.7707556221072873,
        0.03548702100080066,
        0.03448328250683854
      ],
      [
        0.11322949814483439,
        0.3277085007111679,
        0.4911804788875022,
        0.06788152225649541
      ],
      [
        0.05462349795568792,
        0.7871960969016624,
        0.11461476776542572,
        0.04356563737722386
      ],
      [
        0.02948782765593555,
        0.9075614201132602,
        0.035903980291705634,
        0.02704677193909854
      ],
      [
        0.07000765818666627,
        0.38552834882318315,
        0.07177072978652875,
        0.4726932632036217
      ],
      [
        0.2326517726455328,
        0.5545683104095094,
        0.07501740279179281,
        0.137762514153165
      ],
      [
        0.1190048905257855,
        0.21866857924679298,
        0.0751432418969814,
        0.5871832883304401
      ],
      [
        0.061886251781928664,
        0.0861899234526248,
        0.2834875447834313,
        0.5684362799820152
      ],
      [
        0.049124324671577596,
        0.06450336181872975,
        0.7487349209549278,
        0.13763739255476498
      ],
      [
        0.032955359571460896,
        0.054361689346228204,
        0.869713279335713,
        0.0429696717465979
      ]
    ],
    "actions": [
      0,
      0,
      0,
      0,
      0,
      0,
      0,
      0,
      0,
      0,
      0,
      0,
      0,
      0,
      0
    ],
    "efe_history": [
      [
        -1.4565522723939663
      ],
      [
        -1.4740526573842518
      ],
      [
        -1.512401504188861
      ],
      [
        -1.4978137986148952
      ],
      [
        -1.5313334905477691
      ],
      [
        -1.5059554765004988
      ],
      [
        -1.4497198272749556
      ],
      [
        -1.5049886512346078
      ],
      [
        -1.5354681303529905
      ],
      [
        -1.4456693083351433
      ],
      [
        -1.4618438760201902
      ],
      [
        -1.4458267222559167
      ],
      [
        -1.4565492733403709
      ],
      [
        -1.4711835225392638
      ],
      [
        -1.4881636464722985
      ]
    ],
    "belief_confidence": [
      0.39999999999999986,
      0.4560260586319218,
      0.8102109872611462,
      0.721524917408419,
      0.8902181810842447,
      0.7707556221072873,
      0.4911804788875022,
      0.7871960969016624,
      0.9075614201132602,
      0.4726932632036217,
      0.5545683104095094,
      0.5871832883304401,
      0.5684362799820152,
      0.7487349209549278,
      0.869713279335713
    ]
  },
  "observations": [
    5,
    5,
    1,
    5,
    1,
    5,
    2,
    1,
    1,
    3,
    5,
    3,
    4,
    2,
    2
  ],
  "true_states": [
    1,
    1,
    1,
    1,
    1,
    1,
    2,
    2,
    1,
    3,
    3,
    3,
    3,
    2,
    2
  ],
  "beliefs": [
    [
      0.39999999999999986,
      0.39999999999999986,
      0.10000000000000007,
      0.10000000000000007
    ],
    [
      0.4429967426710097,
      0.4560260586319218,
      0.052117263843648294,
      0.04885993485342028
    ],
    [
      0.11176353503184723,
      0.8102109872611462,
      0.040007961783439544,
      0.03801751592356693
    ],
    [
      0.20425521558988352,
      0.721524917408419,
      0.03784306687028107,
      0.0363768001314165
    ],
    [
      0.05273526477559104,
      0.8902181810842447,
      0.029041121958814666,
      0.028005432181349574
    ],
    [
      0.15927407438507332,
      0.7707556221072873,
      0.03548702100080066,
      0.03448328250683854
    ],
    [
      0.11322949814483439,
      0.3277085007111679,
      0.4911804788875022,
      0.06788152225649541
    ],
    [
      0.05462349795568792,
      0.7871960969016624,
      0.11461476776542572,
      0.04356563737722386
    ],
    [
      0.02948782765593555,
      0.9075614201132602,
      0.035903980291705634,
      0.02704677193909854
    ],
    [
      0.07000765818666627,
      0.38552834882318315,
      0.07177072978652875,
      0.4726932632036217
    ],
    [
      0.2326517726455328,
      0.5545683104095094,
      0.07501740279179281,
      0.137762514153165
    ],
    [
      0.1190048905257855,
      0.21866857924679298,
      0.0751432418969814,
      0.5871832883304401
    ],
    [
      0.061886251781928664,
      0.0861899234526248,
      0.2834875447834313,
      0.5684362799820152
    ],
    [
      0.049124324671577596,
      0.06450336181872975,
      0.7487349209549278,
      0.13763739255476498
    ],
    [
      0.032955359571460896,
      0.054361689346228204,
      0.869713279335713,
      0.0429696717465979
    ]
  ],
  "actions": [
    0,
    0,
    0,
    0,
    0,
    0,
    0,
    0,
    0,
    0,
    0,
    0,
    0,
    0,
    0
  ],
  "model_parameters": {
    "A_shape": [
      6,
      4
    ],
    "B_shape": [
      4,
      4,
      1
    ],
    "C_shape": [
      6
    ],
    "D_shape": [
      4
    ],
    "num_states": 4,
    "num_observations": 6,
    "num_actions": 1
  },
  "metrics": {
    "expected_free_energy": [
      [
        -1.4565522723939663
      ],
      [
        -1.4740526573842518
      ],
      [
        -1.512401504188861
      ],
      [
        -1.4978137986148952
      ],
      [
        -1.5313334905477691
      ],
      [
        -1.5059554765004988
      ],
      [
        -1.4497198272749556
      ],
      [
        -1.5049886512346078
      ],
      [
        -1.5354681303529905
      ],
      [
        -1.4456693083351433
      ],
      [
        -1.4618438760201902
      ],
      [
        -1.4458267222559167
      ],
      [
        -1.4565492733403709
      ],
      [
        -1.4711835225392638
      ],
      [
        -1.4881636464722985
      ]
    ],
    "belief_confidence": [
      0.39999999999999986,
      0.4560260586319218,
      0.8102109872611462,
      0.721524917408419,
      0.8902181810842447,
      0.7707556221072873,
      0.4911804788875022,
      0.7871960969016624,
      0.9075614201132602,
      0.4726932632036217,
      0.5545683104095094,
      0.5871832883304401,
      0.5684362799820152,
      0.7487349209549278,
      0.869713279335713
    ],
    "cumulative_preference": [
      0.0,
      0.0,
      0.0,
      0.0,
      0.0,
      0.0,
      0.0,
      0.0,
      0.0,
      0.0,
      0.0,
      0.0,
      0.0,
      0.0,
      0.0
    ]
  },
  "validation": {
    "all_beliefs_valid": true,
    "beliefs_sum_to_one": true,
    "actions_in_range": true
  }
}