{
  "success": true,
  "framework": "PyMDP",
  "model_name": "Hidden Markov Model Baseline",
  "num_timesteps": 15,
  "simulation_trace": {
    "observations": [
      5,
      0,
      3,
      3,
      0,
      5,
      5,
      0,
      3,
      1,
      3,
      4,
      2,
      5,
      2
    ],
    "true_states": [
      0,
      0,
      0,
      0,
      0,
      0,
      0,
      0,
      3,
      1,
      3,
      2,
      2,
      2,
      2
    ],
    "beliefs": [
      [
        0.39999999999999986,
        0.39999999999999986,
        0.10000000000000007,
        0.10000000000000007
      ],
      [
        0.7828947368421049,
        0.11513157894736849,
        0.052631578947368494,
        0.04934210526315797
      ],
      [
        0.3259315016936394,
        0.09973654497553637,
        0.07508468197214917,
        0.49924727135867514
      ],
      [
        0.09541108289695902,
        0.054023351598284565,
        0.060517331454189874,
        0.7900482340505666
      ],
      [
        0.5663688876108075,
        0.07124629599529898,
        0.10767463522586616,
        0.25471018116802735
      ],
      [
        0.6328342368514895,
        0.22088446663603836,
        0.06449917580196354,
        0.08178212071050851
      ],
      [
        0.6079771136483678,
        0.3028863242143449,
        0.04449488848151546,
        0.04464167365577193
      ],
      [
        0.858734857799735,
        0.07553513164634167,
        0.03344445922832816,
        0.03228555132559522
      ],
      [
        0.3625768347832744,
        0.08761230629718932,
        0.07068999285567512,
        0.4791208660638612
      ],
      [
        0.16219385687230828,
        0.5707652657909731,
        0.09360270214327475,
        0.17343817519344393
      ],
      [
        0.09305992660187029,
        0.21309075811063835,
        0.07741548086883725,
        0.6164338344186541
      ],
      [
        0.05514942441373156,
        0.08337603396413819,
        0.28361231769073475,
        0.5778622239313955
      ],
      [
        0.04757357354822009,
        0.0637652870398333,
        0.749635736504449,
        0.13902540290749768
      ],
      [
        0.253876663415725,
        0.4211182053740393,
        0.2413075825134656,
        0.08369754869677008
      ],
      [
        0.10628095325226358,
        0.15871072423720192,
        0.6752609200551679,
        0.05974740245536647
      ]
    ],
    "actions": [
      0,
      0,
      0,
      0,
      0,
      0,
      0,
      0,
      0,
      0,
      0,
      0,
      0,
      0,
      0
    ],
    "efe_history": [
      [
        -1.4565522723939663
      ],
      [
        -1.5035334390295123
      ],
      [
        -1.4414945160825285
      ],
      [
        -1.476693236165673
      ],
      [
        -1.4551739582205063
      ],
      [
        -1.4762320313256254
      ],
      [
        -1.4822577297878494
      ],
      [
        -1.522275815835079
      ],
      [
        -1.4425862960111173
      ],
      [
        -1.459866160372495
      ],
      [
        -1.4498001598333603
      ],
      [
        -1.4582931698610642
      ],
      [
        -1.4714691849528694
      ],
      [
        -1.4477259735351744
      ],
      [
        -1.4589219753192768
      ]
    ],
    "belief_confidence": [
      0.39999999999999986,
      0.7828947368421049,
      0.49924727135867514,
      0.7900482340505666,
      0.5663688876108075,
      0.6328342368514895,
      0.6079771136483678,
      0.858734857799735,
      0.4791208660638612,
      0.5707652657909731,
      0.6164338344186541,
      0.5778622239313955,
      0.749635736504449,
      0.4211182053740393,
      0.6752609200551679
    ]
  },
  "observations": [
    5,
    0,
    3,
    3,
    0,
    5,
    5,
    0,
    3,
    1,
    3,
    4,
    2,
    5,
    2
  ],
  "true_states": [
    0,
    0,
    0,
    0,
    0,
    0,
    0,
    0,
    3,
    1,
    3,
    2,
    2,
    2,
    2
  ],
  "beliefs": [
    [
      0.39999999999999986,
      0.39999999999999986,
      0.10000000000000007,
      0.10000000000000007
    ],
    [
      0.7828947368421049,
      0.11513157894736849,
      0.052631578947368494,
      0.04934210526315797
    ],
    [
      0.3259315016936394,
      0.09973654497553637,
      0.07508468197214917,
      0.49924727135867514
    ],
    [
      0.09541108289695902,
      0.054023351598284565,
      0.060517331454189874,
      0.7900482340505666
    ],
    [
      0.5663688876108075,
      0.07124629599529898,
      0.10767463522586616,
      0.25471018116802735
    ],
    [
      0.6328342368514895,
      0.22088446663603836,
      0.06449917580196354,
      0.08178212071050851
    ],
    [
      0.6079771136483678,
      0.3028863242143449,
      0.04449488848151546,
      0.04464167365577193
    ],
    [
      0.858734857799735,
      0.07553513164634167,
      0.03344445922832816,
      0.03228555132559522
    ],
    [
      0.3625768347832744,
      0.08761230629718932,
      0.07068999285567512,
      0.4791208660638612
    ],
    [
      0.16219385687230828,
      0.5707652657909731,
      0.09360270214327475,
      0.17343817519344393
    ],
    [
      0.09305992660187029,
      0.21309075811063835,
      0.07741548086883725,
      0.6164338344186541
    ],
    [
      0.05514942441373156,
      0.08337603396413819,
      0.28361231769073475,
      0.5778622239313955
    ],
    [
      0.04757357354822009,
      0.0637652870398333,
      0.749635736504449,
      0.13902540290749768
    ],
    [
      0.253876663415725,
      0.4211182053740393,
      0.2413075825134656,
      0.08369754869677008
    ],
    [
      0.10628095325226358,
      0.15871072423720192,
      0.6752609200551679,
      0.05974740245536647
    ]
  ],
  "actions": [
    0,
    0,
    0,
    0,
    0,
    0,
    0,
    0,
    0,
    0,
    0,
    0,
    0,
    0,
    0
  ],
  "model_parameters": {
    "A_shape": [
      6,
      4
    ],
    "B_shape": [
      4,
      4,
      1
    ],
    "C_shape": [
      6
    ],
    "D_shape": [
      4
    ],
    "num_states": 4,
    "num_observations": 6,
    "num_actions": 1
  },
  "metrics": {
    "expected_free_energy": [
      [
        -1.4565522723939663
      ],
      [
        -1.5035334390295123
      ],
      [
        -1.4414945160825285
      ],
      [
        -1.476693236165673
      ],
      [
        -1.4551739582205063
      ],
      [
        -1.4762320313256254
      ],
      [
        -1.4822577297878494
      ],
      [
        -1.522275815835079
      ],
      [
        -1.4425862960111173
      ],
      [
        -1.459866160372495
      ],
      [
        -1.4498001598333603
      ],
      [
        -1.4582931698610642
      ],
      [
        -1.4714691849528694
      ],
      [
        -1.4477259735351744
      ],
      [
        -1.4589219753192768
      ]
    ],
    "belief_confidence": [
      0.39999999999999986,
      0.7828947368421049,
      0.49924727135867514,
      0.7900482340505666,
      0.5663688876108075,
      0.6328342368514895,
      0.6079771136483678,
      0.858734857799735,
      0.4791208660638612,
      0.5707652657909731,
      0.6164338344186541,
      0.5778622239313955,
      0.749635736504449,
      0.4211182053740393,
      0.6752609200551679
    ],
    "cumulative_preference": [
      0.0,
      0.0,
      0.0,
      0.0,
      0.0,
      0.0,
      0.0,
      0.0,
      0.0,
      0.0,
      0.0,
      0.0,
      0.0,
      0.0,
      0.0
    ]
  },
  "validation": {
    "all_beliefs_valid": true,
    "beliefs_sum_to_one": true,
    "actions_in_range": true
  }
}