{
  "success": true,
  "framework": "PyMDP",
  "model_name": "Active Inference POMDP Agent",
  "num_timesteps": 15,
  "simulation_trace": {
    "observations": [
      1,
      1,
      1,
      1,
      0,
      1,
      1,
      1,
      1,
      1,
      1,
      0,
      2,
      2,
      2
    ],
    "true_states": [
      1,
      1,
      1,
      1,
      1,
      1,
      1,
      1,
      1,
      1,
      1,
      0,
      2,
      2,
      2
    ],
    "beliefs": [
      [
        0.05000000000000008,
        0.8999999999999999,
        0.05000000000000008
      ],
      [
        0.0030674846625767045,
        0.9938650306748466,
        0.0030674846625767045
      ],
      [
        0.0001714089818306549,
        0.9996571820363388,
        0.0001714089818306549
      ],
      [
        9.525805406853113e-06,
        0.9999809483891864,
        9.525805406853113e-06
      ],
      [
        0.00017143673508452923,
        0.9998190390018551,
        9.52426306025165e-06
      ],
      [
        5.292161726459946e-07,
        0.9999899448927199,
        9.525891107533403e-06
      ],
      [
        2.9401177693884712e-08,
        0.999999441377624,
        5.292211983902301e-07
      ],
      [
        1.6333996280886397e-09,
        0.9999999689654072,
        2.940119320561246e-08
      ],
      [
        9.074443199801777e-11,
        0.9999999982758558,
        1.6333996759652632e-09
      ],
      [
        5.0413628969879215e-12,
        0.9999999999042142,
        9.074443214583477e-11
      ],
      [
        2.800812720802226e-13,
        0.9999999999946787,
        5.041362897446887e-12
      ],
      [
        0.9999999999997045,
        1.5565626226757255e-14,
        2.800812720817904e-13
      ],
      [
        1.5565626226770448e-14,
        8.703125681534213e-16,
        0.9999999999999836
      ],
      [
        8.703125681539296e-16,
        5.3906253786301986e-17,
        0.9999999999999991
      ],
      [
        5.3906253786329615e-17,
        8.550347432572355e-18,
        1.0
      ]
    ],
    "actions": [
      0,
      0,
      0,
      0,
      2,
      0,
      0,
      0,
      0,
      0,
      1,
      2,
      0,
      0,
      0
    ],
    "efe_history": [
      [
        -1.1990837599296713,
        -1.1990837599296715,
        -1.1990837599296713
      ],
      [
        -1.4327891191434836,
        -1.4327891191434838,
        -1.4327891191434836
      ],
      [
        -1.449086538732054,
        -1.449086538732054,
        -1.449086538732054
      ],
      [
        -1.4500053438506906,
        -1.4500053438506906,
        -1.4500053438506906
      ],
      [
        -1.4496077879424543,
        -1.4496077879424543,
        -1.4494839249013556
      ],
      [
        -1.450027445780262,
        -1.450027445780262,
        -1.4500343282365873
      ],
      [
        -1.4500577014848097,
        -1.4500577014848097,
        -1.4500580838471255
      ],
      [
        -1.4500593824106678,
        -1.4500593824106678,
        -1.45005940365303
      ],
      [
        -1.450059432963468,
        -1.4500594329634682,
        -1.4500594341435993
      ],
      [
        -1.4500594357719572,
        -1.4500594357719572,
        -1.45005943583752
      ],
      [
        -1.4500594359279848,
        -1.4500594359279846,
        -1.4500594359316272
      ],
      [
        -1.450059435936653,
        -1.450059435936653,
        -0.6850594359370936
      ],
      [
        -0.6850594359371589,
        -0.6850594359371589,
        -1.4500594359371342
      ],
      [
        -0.6850594359371627,
        -0.6850594359371627,
        -1.450059435937161
      ],
      [
        -0.6850594359371629,
        -0.6850594359371629,
        -1.4500594359371624
      ]
    ],
    "belief_confidence": [
      0.8999999999999999,
      0.9938650306748466,
      0.9996571820363388,
      0.9999809483891864,
      0.9998190390018551,
      0.9999899448927199,
      0.999999441377624,
      0.9999999689654072,
      0.9999999982758558,
      0.9999999999042142,
      0.9999999999946787,
      0.9999999999997045,
      0.9999999999999836,
      0.9999999999999991,
      1.0
    ]
  },
  "observations": [
    1,
    1,
    1,
    1,
    0,
    1,
    1,
    1,
    1,
    1,
    1,
    0,
    2,
    2,
    2
  ],
  "true_states": [
    1,
    1,
    1,
    1,
    1,
    1,
    1,
    1,
    1,
    1,
    1,
    0,
    2,
    2,
    2
  ],
  "beliefs": [
    [
      0.05000000000000008,
      0.8999999999999999,
      0.05000000000000008
    ],
    [
      0.0030674846625767045,
      0.9938650306748466,
      0.0030674846625767045
    ],
    [
      0.0001714089818306549,
      0.9996571820363388,
      0.0001714089818306549
    ],
    [
      9.525805406853113e-06,
      0.9999809483891864,
      9.525805406853113e-06
    ],
    [
      0.00017143673508452923,
      0.9998190390018551,
      9.52426306025165e-06
    ],
    [
      5.292161726459946e-07,
      0.9999899448927199,
      9.525891107533403e-06
    ],
    [
      2.9401177693884712e-08,
      0.999999441377624,
      5.292211983902301e-07
    ],
    [
      1.6333996280886397e-09,
      0.9999999689654072,
      2.940119320561246e-08
    ],
    [
      9.074443199801777e-11,
      0.9999999982758558,
      1.6333996759652632e-09
    ],
    [
      5.0413628969879215e-12,
      0.9999999999042142,
      9.074443214583477e-11
    ],
    [
      2.800812720802226e-13,
      0.9999999999946787,
      5.041362897446887e-12
    ],
    [
      0.9999999999997045,
      1.5565626226757255e-14,
      2.800812720817904e-13
    ],
    [
      1.5565626226770448e-14,
      8.703125681534213e-16,
      0.9999999999999836
    ],
    [
      8.703125681539296e-16,
      5.3906253786301986e-17,
      0.9999999999999991
    ],
    [
      5.3906253786329615e-17,
      8.550347432572355e-18,
      1.0
    ]
  ],
  "actions": [
    0,
    0,
    0,
    0,
    2,
    0,
    0,
    0,
    0,
    0,
    1,
    2,
    0,
    0,
    0
  ],
  "model_parameters": {
    "A_shape": [
      3,
      3
    ],
    "B_shape": [
      3,
      3,
      3
    ],
    "C_shape": [
      3
    ],
    "D_shape": [
      3
    ],
    "num_states": 3,
    "num_observations": 3,
    "num_actions": 3
  },
  "metrics": {
    "expected_free_energy": [
      [
        -1.1990837599296713,
        -1.1990837599296715,
        -1.1990837599296713
      ],
      [
        -1.4327891191434836,
        -1.4327891191434838,
        -1.4327891191434836
      ],
      [
        -1.449086538732054,
        -1.449086538732054,
        -1.449086538732054
      ],
      [
        -1.4500053438506906,
        -1.4500053438506906,
        -1.4500053438506906
      ],
      [
        -1.4496077879424543,
        -1.4496077879424543,
        -1.4494839249013556
      ],
      [
        -1.450027445780262,
        -1.450027445780262,
        -1.4500343282365873
      ],
      [
        -1.4500577014848097,
        -1.4500577014848097,
        -1.4500580838471255
      ],
      [
        -1.4500593824106678,
        -1.4500593824106678,
        -1.45005940365303
      ],
      [
        -1.450059432963468,
        -1.4500594329634682,
        -1.4500594341435993
      ],
      [
        -1.4500594357719572,
        -1.4500594357719572,
        -1.45005943583752
      ],
      [
        -1.4500594359279848,
        -1.4500594359279846,
        -1.4500594359316272
      ],
      [
        -1.450059435936653,
        -1.450059435936653,
        -0.6850594359370936
      ],
      [
        -0.6850594359371589,
        -0.6850594359371589,
        -1.4500594359371342
      ],
      [
        -0.6850594359371627,
        -0.6850594359371627,
        -1.450059435937161
      ],
      [
        -0.6850594359371629,
        -0.6850594359371629,
        -1.4500594359371624
      ]
    ],