{
  "success": true,
  "framework": "PyMDP",
  "model_name": "Active Inference POMDP Agent",
  "num_timesteps": 15,
  "simulation_trace": {
    "observations": [
      1,
      0,
      2,
      2,
      2,
      2,
      2,
      2,
      2,
      2,
      2,
      2,
      2,
      2,
      0
    ],
    "true_states": [
      0,
      0,
      2,
      2,
      2,
      2,
      2,
      2,
      2,
      2,
      2,
      2,
      2,
      2,
      2
    ],
    "beliefs": [
      [
        0.05000000000000008,
        0.8999999999999999,
        0.05000000000000008
      ],
      [
        0.48648648648648685,
        0.48648648648648596,
        0.027027027027027098
      ],
      [
        0.0029154518950437534,
        0.05247813411078715,
        0.9446064139941691
      ],
      [
        0.00017091095539224817,
        0.003076397197060341,
        0.9967526918475474
      ],
      [
        9.524263060151733e-06,
        0.0001714367350826293,
        0.9998190390018571
      ],
      [
        5.292161726404406e-07,
        9.525891107427815e-06,
        0.9999899448927199
      ],
      [
        2.9401177693576154e-08,
        5.292211983843639e-07,
        0.999999441377624
      ],
      [
        1.6333996280714976e-09,
        2.9401193205286563e-08,
        0.9999999689654072
      ],
      [
        9.074443199706542e-11,
        1.6333996759471579e-09,
        0.9999999982758558
      ],
      [
        5.041362896935014e-12,
        9.074443214482891e-11,
        0.9999999999042142
      ],
      [
        2.8008127207728315e-13,
        5.041362897391006e-12,
        0.9999999999946785
      ],
      [
        1.556562622659395e-14,
        2.8008127207868584e-13,
        0.9999999999997045
      ],
      [
        8.703125681443494e-16,
        1.5565626226597965e-14,
        0.9999999999999836
      ],
      [
        5.390625378579792e-17,
        8.703125681443444e-16,
        0.9999999999999991
      ],
      [
        2.770312568144342e-15,
        9.703125681443433e-16,
        0.9999999999999962
      ]
    ],
    "actions": [
      0,
      2,
      0,
      0,
      0,
      0,
      0,
      0,
      0,
      0,
      0,
      0,
      0,
      0,
      0
    ],
    "efe_history": [
      [
        -1.1990837599296713,
        -1.1990837599296715,
        -1.1990837599296713
      ],
      [
        -0.9199531915516672,
        -0.9199531915516672,
        -0.5684667050651808
      ],
      [
        -0.6083821132521353,
        -0.6083821132521354,
        -1.328775699257966
      ],
      [
        -0.6796372530606745,
        -0.6796372530606747,
        -1.442022315443173
      ],
      [
        -0.6847535091672801,
        -0.6847535091672801,
        -1.4496077879424594
      ],
      [
        -0.6850424252440289,
        -0.6850424252440289,
        -1.4500343282365873
      ],
      [
        -0.6850585336851446,
        -0.6850585336851446,
        -1.4500580838471255
      ],
      [
        -0.6850594286440446,
        -0.6850594286440446,
        -1.45005940365303
      ],
      [
        -0.6850594355319896,
        -0.6850594355319896,
        -1.4500594341435995
      ],
      [
        -0.6850594359146532,
        -0.6850594359146532,
        -1.45005943583752
      ],
      [
        -0.6850594359359121,
        -0.6850594359359121,
        -1.4500594359316263
      ],
      [
        -0.6850594359370936,
        -0.6850594359370936,
        -1.450059435936855
      ],
      [
        -0.6850594359371589,
        -0.6850594359371589,
        -1.4500594359371453
      ],
      [
        -0.6850594359371627,
        -0.6850594359371627,
        -1.4500594359371615
      ],
      [
        -0.685059435937162,
        -0.685059435937162,
        -1.4500594359371564
      ]
    ],
    "belief_confidence": [
      0.8999999999999999,
      0.48648648648648685,
      0.9446064139941691,
      0.9967526918475474,
      0.9998190390018571,
      0.9999899448927199,
      0.999999441377624,
      0.9999999689654072,
      0.9999999982758558,
      0.9999999999042142,
      0.9999999999946785,
      0.9999999999997045,
      0.9999999999999836,
      0.9999999999999991,
      0.9999999999999962
    ]
  },
  "observations": [
    1,
    0,
    2,
    2,
    2,
    2,
    2,
    2,
    2,
    2,
    2,
    2,
    2,
    2,
    0
  ],
  "true_states": [
    0,
    0,
    2,
    2,
    2,
    2,
    2,
    2,
    2,
    2,
    2,
    2,
    2,
    2,
    2
  ],
  "beliefs": [
    [
      0.05000000000000008,
      0.8999999999999999,
      0.05000000000000008
    ],
    [
      0.48648648648648685,
      0.48648648648648596,
      0.027027027027027098
    ],
    [
      0.0029154518950437534,
      0.05247813411078715,
      0.9446064139941691
    ],
    [
      0.00017091095539224817,
      0.003076397197060341,
      0.9967526918475474
    ],
    [
      9.524263060151733e-06,
      0.0001714367350826293,
      0.9998190390018571
    ],
    [
      5.292161726404406e-07,
      9.525891107427815e-06,
      0.9999899448927199
    ],
    [
      2.9401177693576154e-08,
      5.292211983843639e-07,
      0.999999441377624
    ],
    [
      1.6333996280714976e-09,
      2.9401193205286563e-08,
      0.9999999689654072
    ],
    [
      9.074443199706542e-11,
      1.6333996759471579e-09,
      0.9999999982758558
    ],
    [
      5.041362896935014e-12,
      9.074443214482891e-11,
      0.9999999999042142
    ],
    [
      2.8008127207728315e-13,
      5.041362897391006e-12,
      0.9999999999946785
    ],
    [
      1.556562622659395e-14,
      2.8008127207868584e-13,
      0.9999999999997045
    ],
    [
      8.703125681443494e-16,
      1.5565626226597965e-14,
      0.9999999999999836
    ],
    [
      5.390625378579792e-17,
      8.703125681443444e-16,
      0.9999999999999991
    ],
    [
      2.770312568144342e-15,
      9.703125681443433e-16,
      0.9999999999999962
    ]
  ],
  "actions": [
    0,
    2,
    0,
    0,
    0,
    0,
    0,
    0,
    0,
    0,
    0,
    0,
    0,
    0,
    0
  ],
  "model_parameters": {
    "A_shape": [
      3,
      3
    ],
    "B_shape": [
      3,
      3,
      3
    ],
    "C_shape": [
      3
    ],
    "D_shape": [
      3
    ],
    "num_states": 3,
    "num_observations": 3,
    "num_actions": 3
  },
  "metrics": {
    "expected_free_energy": [
      [
        -1.1990837599296713,
        -1.1990837599296715,
        -1.1990837599296713
      ],
      [
        -0.9199531915516672,
        -0.9199531915516672,
        -0.5684667050651808
      ],
      [
        -0.6083821132521353,
        -0.6083821132521354,
        -1.328775699257966
      ],
      [
        -0.6796372530606745,
        -0.6796372530606747,
        -1.442022315443173
      ],
      [
        -0.6847535091672801,
        -0.6847535091672801,
        -1.4496077879424594
      ],
      [
        -0.6850424252440289,
        -0.6850424252440289,
        -1.4500343282365873
      ],
      [
        -0.6850585336851446,
        -0.6850585336851446,
        -1.4500580838471255
      ],
      [
        -0.6850594286440446,
        -0.6850594286440446,
        -1.45005940365303
      ],
      [
        -0.6850594355319896,
        -0.6850594355319896,
        -1.4500594341435995
      ],
      [
        -0.6850594359146532,
        -0.6850594359146532,
        -1.45005943583752
      ],
      [
        -0.6850594359359121,
        -0.6850594359359121,
        -1.4500594359316263
      ],
      [
        -0.6850594359370936,
        -0.6850594359370936,
        -1.450059435936855
      ],
      [
        -0.6850594359371589,
        -0.6850594359371589,
        -1.4500594359371453
      ],
      [
        -0.6850594359371627,
        -0.6850594359371627,
        -1.4500594359371615
      ],
      [
        -0.685059435937162,
        -0.685059435937162,
        -1.4500594359371564
      ]
    ],