{
  "success": true,
  "framework": "PyMDP",
  "model_name": "Active Inference POMDP Agent",
  "num_timesteps": 15,
  "simulation_trace": {
    "observations": [
      0,
      0,
      0,
      2,
      2,
      2,
      2,
      0,
      2,
      2,
      2,
      1,
      2,
      2,
      2
    ],
    "true_states": [
      0,
      2,
      0,
      2,
      2,
      2,
      2,
      2,
      2,
      2,
      2,
      2,
      2,
      2,
      2
    ],
    "beliefs": [
      [
        0.8999999999999999,
        0.05000000000000008,
        0.05000000000000008
      ],
      [
        0.48648648648648696,
        0.027027027027027105,
        0.48648648648648607
      ],
      [
        0.9446064139941689,
        0.0029154518950437556,
        0.052478134110787354
      ],
      [
        0.0030763971970603544,
        0.00017091095539224817,
        0.9967526918475474
      ],
      [
        9.524263060151733e-06,
        0.00017143673508263023,
        0.9998190390018571
      ],
      [
        5.292161726404406e-07,
        9.525891107427866e-06,
        0.9999899448927199
      ],
      [
        2.9401177693576154e-08,
        5.292211983843667e-07,
        0.999999441377624
      ],
      [
        5.2922093576915e-07,
        5.292209339691482e-07,
        0.9999989415581302
      ],
      [
        2.9401192494436436e-08,
        2.9401192394436232e-08,
        0.9999999411976151
      ],
      [
        1.6333996792916143e-09,
        1.633399673736047e-09,
        0.9999999967332007
      ],
      [
        9.074443246284235e-11,
        9.074443215419971e-11,
        0.9999999998185112
      ],
      [
        9.074453232285445e-11,
        1.6334015762558135e-09,
        0.9999999982758538
      ],
      [
        9.074453771753205e-11,
        5.0413684705899596e-12,
        0.9999999999042142
      ],
      [
        5.041368762541178e-12,
        2.8008158172477987e-13,
        0.9999999999946785
      ],
      [
        2.8008159792036163e-13,
        1.556564342923264e-14,
        0.9999999999997045
      ]
    ],
    "actions": [
      2,
      2,
      2,
      1,
      0,
      0,
      0,
      0,
      0,
      0,
      0,
      1,
      0,
      0,
      0
    ],
    "efe_history": [
      [
        -1.1990837599296715,
        -1.1990837599296713,
        -0.548833759929672
      ],
      [
        -0.5684667050651816,
        -0.5684667050651816,
        -0.568466705065181
      ],
      [
        -1.2908602473629216,
        -1.2908602473629216,
        -0.6083821132521351
      ],
      [
        -0.6796372530606746,
        -0.6796372530606745,
        -1.4397996184682966
      ],
      [
        -0.6847535091672801,
        -0.6847535091672801,
        -1.4496077879424594
      ],
      [
        -0.6850424252440289,
        -0.6850424252440289,
        -1.4500343282365873
      ],
      [
        -0.6850585336851446,
        -0.6850585336851446,
        -1.4500580838471255
      ],
      [
        -0.6850576452527755,
        -0.6850576452527755,
        -1.4500564306907289
      ],
      [
        -0.6850594221186241,
        -0.6850594221186241,
        -1.4500593546428873
      ],
      [
        -0.6850594351694663,
        -0.6850594351694663,
        -1.450059431420814
      ],
      [
        -0.6850594358945132,
        -0.6850594358945132,
        -1.4500594356862546
      ],
      [
        -0.6850594355319891,
        -0.685059435531989,
        -1.4500594341435975
      ],
      [
        -0.6850594359146533,
        -0.6850594359146533,
        -1.4500594357719572
      ],
      [
        -0.6850594359359121,
        -0.6850594359359121,
        -1.450059435927984
      ],
      [
        -0.6850594359370936,
        -0.6850594359370936,
        -1.450059435936653
      ]
    ],
    "belief_confidence": [
      0.8999999999999999,
      0.48648648648648696,
      0.9446064139941689,
      0.9967526918475474,
      0.9998190390018571,
      0.9999899448927199,
      0.999999441377624,
      0.9999989415581302,
      0.9999999411976151,
      0.9999999967332007,
      0.9999999998185112,
      0.9999999982758538,
      0.9999999999042142,
      0.9999999999946785,
      0.9999999999997045
    ]
  },
  "observations": [
    0,
    0,
    0,
    2,
    2,
    2,
    2,
    0,
    2,
    2,
    2,
    1,
    2,
    2,
    2
  ],
  "true_states": [
    0,
    2,
    0,
    2,
    2,
    2,
    2,
    2,
    2,
    2,
    2,
    2,
    2,
    2,
    2
  ],
  "beliefs": [
    [
      0.8999999999999999,
      0.05000000000000008,
      0.05000000000000008
    ],
    [
      0.48648648648648696,
      0.027027027027027105,
      0.48648648648648607
    ],
    [
      0.9446064139941689,
      0.0029154518950437556,
      0.052478134110787354
    ],
    [
      0.0030763971970603544,
      0.00017091095539224817,
      0.9967526918475474
    ],
    [
      9.524263060151733e-06,
      0.00017143673508263023,
      0.9998190390018571
    ],
    [
      5.292161726404406e-07,
      9.525891107427866e-06,
      0.9999899448927199
    ],
    [
      2.9401177693576154e-08,
      5.292211983843667e-07,
      0.999999441377624
    ],
    [
      5.2922093576915e-07,
      5.292209339691482e-07,
      0.9999989415581302
    ],
    [
      2.9401192494436436e-08,
      2.9401192394436232e-08,
      0.9999999411976151
    ],
    [
      1.6333996792916143e-09,
      1.633399673736047e-09,
      0.9999999967332007
    ],
    [
      9.074443246284235e-11,
      9.074443215419971e-11,
      0.9999999998185112
    ],
    [
      9.074453232285445e-11,
      1.6334015762558135e-09,
      0.9999999982758538
    ],
    [
      9.074453771753205e-11,
      5.0413684705899596e-12,
      0.9999999999042142
    ],
    [
      5.041368762541178e-12,
      2.8008158172477987e-13,
      0.9999999999946785
    ],
    [
      2.8008159792036163e-13,
      1.556564342923264e-14,
      0.9999999999997045
    ]
  ],
  "actions": [
    2,
    2,
    2,
    1,
    0,
    0,
    0,
    0,
    0,
    0,
    0,
    1,
    0,
    0,
    0
  ],
  "model_parameters": {
    "A_shape": [
      3,
      3
    ],
    "B_shape": [
      3,
      3,
      3
    ],
    "C_shape": [
      3
    ],
    "D_shape": [
      3
    ],
    "num_states": 3,
    "num_observations": 3,
    "num_actions": 3
  },
  "metrics": {
    "expected_free_energy": [
      [
        -1.1990837599296715,
        -1.1990837599296713,
        -0.548833759929672
      ],
      [
        -0.5684667050651816,
        -0.5684667050651816,
        -0.568466705065181
      ],
      [
        -1.2908602473629216,
        -1.2908602473629216,
        -0.6083821132521351
      ],
      [
        -0.6796372530606746,
        -0.6796372530606745,
        -1.4397996184682966
      ],
      [
        -0.6847535091672801,
        -0.6847535091672801,
        -1.4496077879424594
      ],
      [
        -0.6850424252440289,
        -0.6850424252440289,
        -1.4500343282365873
      ],
      [
        -0.6850585336851446,
        -0.6850585336851446,
        -1.4500580838471255
      ],
      [
        -0.6850576452527755,
        -0.6850576452527755,
        -1.4500564306907289
      ],
      [
        -0.6850594221186241,
        -0.6850594221186241,
        -1.4500593546428873
      ],
      [
        -0.6850594351694663,
        -0.6850594351694663,
        -1.450059431420814
      ],
      [
        -0.6850594358945132,
        -0.6850594358945132,
        -1.4500594356862546
      ],
      [
        -0.6850594355319891,
        -0.685059435531989,
        -1.4500594341435975
      ],
      [
        -0.6850594359146533,
        -0.6850594359146533,
        -1.4500594357719572
      ],
      [
        -0.6850594359359121,
        -0.6850594359359121,
        -1.450059435927984
      ],
      [
        -0.6850594359370936,
        -0.6850594359370936,
        -1.450059435936653
      ]
    ],