{
  "model_name": "numpyro_pomdp",
  "framework": "numpyro",
  "num_timesteps": 15,
  "num_states": 2,
  "num_observations": 2,
  "num_actions": 2,
  "beliefs": [
    [
      0.0,
      1.0
    ],
    [
      0.0,
      1.0
    ],
    [
      0.0,
      1.0
    ],
    [
      0.0,
      1.0
    ],
    [
      0.0,
      1.0
    ],
    [
      0.0,
      1.0
    ],
    [
      0.0,
      1.0
    ],
    [
      0.0,
      1.0
    ],
    [
      0.0,
      1.0
    ],
    [
      0.0,
      1.0
    ],
    [
      0.0,
      1.0
    ],
    [
      0.0,
      1.0
    ],
    [
      0.0,
      1.0
    ],
    [
      0.0,
      1.0
    ],
    [
      0.0,
      1.0
    ]
  ],
  "actions": [
    0,
    1,
    1,
    1,
    1,
    0,
    0,
    0,
    1,
    1,
    1,
    1,
    0,
    1,
    0
  ],
  "observations": [
    1,
    1,
    1,
    1,
    1,
    1,
    1,
    1,
    1,
    1,
    1,
    1,
    1,
    1,
    1
  ],
  "efe_history": [
    [
      0.12692807614803314,
      0.12692807614803314
    ],
    [
      0.12692807614803314,
      0.12692807614803314
    ],
    [
      0.12692807614803314,
      0.12692807614803314
    ],
    [
      0.12692807614803314,
      0.12692807614803314
    ],
    [
      0.12692807614803314,
      0.12692807614803314
    ],
    [
      0.12692807614803314,
      0.12692807614803314
    ],
    [
      0.12692807614803314,
      0.12692807614803314
    ],
    [
      0.12692807614803314,
      0.12692807614803314
    ],
    [
      0.12692807614803314,
      0.12692807614803314
    ],
    [
      0.12692807614803314,
      0.12692807614803314
    ],
    [
      0.12692807614803314,
      0.12692807614803314
    ],
    [
      0.12692807614803314,
      0.12692807614803314
    ],
    [
      0.12692807614803314,
      0.12692807614803314
    ],
    [
      0.12692807614803314,
      0.12692807614803314
    ],
    [
      0.12692807614803314,
      0.12692807614803314
    ]
  ],
  "validation": {
    "beliefs_in_range": true,
    "beliefs_sum_to_one": true,
    "actions_in_range": true,
    "all_valid": true
  },
  "execution_time_seconds": 0.5153,
  "jax_version": "0.9.0",
  "numpyro_version": "0.20.0"
}