{
  "model_name": "pytorch_pomdp",
  "framework": "pytorch",
  "num_timesteps": 30,
  "num_states": 3,
  "num_observations": 3,
  "num_actions": 3,
  "beliefs": [
    [
      0.2999999999999999,
      0.3999999999999999,
      0.2999999999999999
    ],
    [
      0.26470588235294107,
      0.47058823529411764,
      0.26470588235294107
    ],
    [
      0.06716417910447758,
      0.5970149253731343,
      0.33582089552238786
    ],
    [
      0.056016597510373405,
      0.6639004149377592,
      0.280082987551867
    ],
    [
      0.01172893136403127,
      0.6950477845351867,
      0.29322328410078174
    ],
    [
      0.00952268986597695,
      0.7524100634845989,
      0.23806724664942377
    ],
    [
      0.007613258976126318,
      0.8020552666207155,
      0.19033147440315795
    ],
    [
      0.0015319824988336748,
      0.8069702051469567,
      0.19149781235420935
    ],
    [
      0.0012072454599952958,
      0.8478870720405924,
      0.15090568249941197
    ],
    [
      0.0002416825080875784,
      0.8487067499371758,
      0.15105156755473648
    ],
    [
      4.8345849094367474e-05,
      0.8488708757310071,
      0.15108077841989834
    ],
    [
      3.7683141878734955e-05,
      0.8822024984870742,
      0.11775981837104674
    ],
    [
      7.5368555856656755e-06,
      0.8822290946183879,
      0.11776336852602617
    ],
    [
      4.045544008082547e-05,
      0.7892541274722855,
      0.2107054170876327
    ],
    [
      0.00020045511448142994,
      0.6517871933552574,
      0.34801235153026044
    ],
    [
      0.0008915623765116111,
      0.48315798825334194,
      0.5159504493701454
    ],
    [
      0.0035183801584070446,
      0.31778174360566525,
      0.678699876235927
    ],
    [
      0.012444958606961562,
      0.1873390815832663,
      0.8002159598097713
    ],
    [
      0.002514021233543087,
      0.18922297929915757,
      0.8082629994672992
    ],
    [
      0.0023648593245388736,
      0.23732800187052452,
      0.7603071388049363
    ],
    [
      0.008006830454880605,
      0.13392234747715265,
      0.8580708220679661
    ],
    [
      0.025309971460313063,
      0.07055581713732789,
      0.9041342114023586
    ],
    [
      0.07478259720568066,
      0.03474485185790611,
      0.8904725509364126
    ],
    [
      0.19815335149840063,
      0.015344053073434716,
      0.7865025954281643
    ],
    [
      0.4280895937372118,
      0.0055248703397461855,
      0.5663855359230416
    ],
    [
      0.6929195927547148,
      0.0014904554879188736,
      0.3055899517573661
    ],
    [
      0.6925755084322677,
      0.0019862871596925823,
      0.3054382044080393
    ],
    [
      0.6921172605563861,
      0.0026466305568262852,
      0.3052361088867872
    ],
    [
      0.6915072058559583,
      0.0035257303072462856,
      0.3049670638367953
    ],
    [
      0.8711896147915382,
      0.0007403103448567094,
      0.12807007486360478
    ]
  ],
  "actions": [
    2,
    1,
    0,
    2,
    0,
    0,
    2,
    0,
    1,
    2,
    1,
    2,
    0,
    0,
    1,
    2,
    1,
    1,
    0,
    2,
    0,
    2,
    2,
    1,
    2,
    1,
    2,
    2,
    0,
    1
  ],
  "observations": [
    1,
    1,
    0,
    1,
    0,
    1,
    1,
    0,
    1,
    0,
    0,
    1,
    0,
    2,
    2,
    2,
    2,
    2,
    0,
    1,
    2,
    2,
    2,
    2,
    2,
    2,
    1,
    1,
    1,
    2
  ],
  "efe_history": [
    [
      1.8459797433326979,
      1.8459797433326979,
      1.8459797433326979
    ],
    [
      1.8981356263459948,
      1.8981356263459948,
      1.8981356263459948
    ],
    [
      2.1811691993411397,
      2.1811691993411397,
      2.1811691993411397
    ],
    [
      2.2075964449400436,
      2.2075964449400436,
      2.2075964449400436
    ],
    [
      2.2781457436234156,
      2.2781457436234156,
      2.2781457436234156
    ],
    [
      2.291149803029813,
      2.291149803029813,
      2.291149803029813
    ],
    [
      2.302622764837877,
      2.302622764837877,
      2.302622764837877
    ],
    [
      2.3127912315251504,
      2.3127912315251504,
      2.3127912315251504
    ],
    [
      2.320549664804157,
      2.320549664804157,
      2.320549664804157
    ],
    [
      2.322186390476075,
      2.322186390476075,
      2.322186390476075
    ],
    [
      2.3225142770032736,
      2.3225142770032736,
      2.3225142770032736
    ],
    [
      2.3285412907970726,
      2.3285412907970726,
      2.3285412907970726
    ],
    [
      2.328592869732923,
      2.328592869732923,
      2.328592869732923
    ],
    [
      2.311968653277174,
      2.311968653277174,
      2.311968653277174
    ],
    [
      2.288299882036325,
      2.288299882036325,
      2.288299882036325
    ],
    [
      2.260227328913447,
      2.260227328913447,
      2.260227328913447
    ],
    [
      2.2316349521716745,
      2.2316349521716745,
      2.2316349521716745
    ],
    [
      2.2005813216660277,
      2.2005813216660277,
      2.2005813216660277
    ],
    [
      2.214991509726594,
      2.214991509726594,
      2.214991509726594
    ],
    [
      2.2218630866114997,
      2.2218630866114997,
      2.2218630866114997
    ],
    [
      2.1997102744768258,
      2.1997102744768258,
      2.1997102744768258
    ],
    [
      2.1671493094073,
      2.1671493094073,
      2.1671493094073
    ],
    [
      2.0947975337843165,
      2.0947975337843165,
      2.0947975337843165
    ],
    [
      1.9313876105214989,
      1.9313876105214989,
      1.9313876105214989
    ],
    [
      1.658189415512761,
      1.658189415512761,
      1.658189415512761
    ],
    [
      1.3886128453984572,
      1.3886128453984572,
      1.3886128453984572
    ],
    [
      1.3889623584064579,
      1.3889623584064579,
      1.3889623584064579
    ],
    [
      1.3894280194132769,
      1.3894280194132769,
      1.3894280194132769
    ],
    [
      1.3900482678662194,
      1.3900482678662194,
      1.3900482678662194
    ],
    [
      1.2359752267570974,
      1.2359752267570974,
      1.2359752267570974
    ]
  ],
  "validation": {
    "beliefs_in_range": true,
    "beliefs_sum_to_one": true,
    "actions_in_range": true,
    "all_valid": true
  },
  "execution_time_seconds": 0.0029,
  "torch_version": "2.11.0"
}