{
  "metrics": {
    "expected_free_energy": [
      0.00971231332289349,
      0.20066656381133732,
      0.20066656381133732,
      0.00971231332289349,
      0.00971231332289349,
      0.29679373612477994,
      0.29679373612477994,
      0.29679373612477994,
      0.29679373612477994,
      0.00971231332289349,
      0.00971231332289349,
      0.00971231332289349,
      0.00971231332289349,
      0.29679373612477994,
      0.00971231332289349,
      0.20066656381133732,
      0.20066656381133732,
      0.00971231332289349,
      0.00971231332289349,
      0.20066656381133732,
      0.20066656381133732,
      0.20066656381133732,
      0.00971231332289349,
      0.20066656381133732,
      0.20066656381133732,
      0.20066656381133732,
      0.20066656381133732,
      0.20066656381133732,
      0.20066656381133732,
      0.29679373612477994,
      0.29679373612477994,
      0.29679373612477994,
      0.29679373612477994,
      0.29679373612477994,
      0.29679373612477994,
      0.29679373612477994,
      0.29679373612477994,
      0.00971231332289349,
      0.00971231332289349,
      0.00971231332289349
    ],
    "policy_posterior": [
      [
        1.0
      ],
      [
        1.0
      ],
      [
        1.0
      ],
      [
        1.0
      ],
      [
        1.0
      ],
      [
        1.0
      ],
      [
        1.0
      ],
      [
        1.0
      ],
      [
        1.0
      ],
      [
        1.0
      ],
      [
        1.0
      ],
      [
        1.0
      ],
      [
        1.0
      ],
      [
        1.0
      ],
      [
        1.0
      ],
      [
        1.0
      ],
      [
        1.0
      ],
      [
        1.0
      ],
      [
        1.0
      ],
      [
        1.0
      ],
      [
        1.0
      ],
      [
        1.0
      ],
      [
        1.0
      ],
      [
        1.0
      ],
      [
        1.0
      ],
      [
        1.0
      ],
      [
        1.0
      ],
      [
        1.0
      ],
      [
        1.0
      ],
      [
        1.0
      ],
      [
        1.0
      ],
      [
        1.0
      ],
      [
        1.0
      ],
      [
        1.0
      ],
      [
        1.0
      ],
      [
        1.0
      ],
      [
        1.0
      ],
      [
        1.0
      ],
      [
        1.0
      ],
      [
        1.0
      ]
    ],
    "belief_confidence": [
      0.4,
      0.6,
      0.6,
      0.4,
      0.4,
      0.7,
      0.7,
      0.7,
      0.7,
      0.4,
      0.4,
      0.4,
      0.4,
      0.7,
      0.4,
      0.6,
      0.6,
      0.4,
      0.4,
      0.6,
      0.6,
      0.6,
      0.4,
      0.6,
      0.6,
      0.6,
      0.6,
      0.6,
      0.6,
      0.7,
      0.7,
      0.7,
      0.7,
      0.7,
      0.7,
      0.7,
      0.7,
      0.4,
      0.4,
      0.4
    ]
  },
  "efe_per_action": [
    [
      0.00971231332289349
    ],
    [
      0.20066656381133732
    ],
    [
      0.20066656381133732
    ],
    [
      0.00971231332289349
    ],
    [
      0.00971231332289349
    ],
    [
      0.29679373612477994
    ],
    [
      0.29679373612477994
    ],
    [
      0.29679373612477994
    ],
    [
      0.29679373612477994
    ],
    [
      0.00971231332289349
    ],
    [
      0.00971231332289349
    ],
    [
      0.00971231332289349
    ],
    [
      0.00971231332289349
    ],
    [
      0.29679373612477994
    ],
    [
      0.00971231332289349
    ],
    [
      0.20066656381133732
    ],
    [
      0.20066656381133732
    ],
    [
      0.00971231332289349
    ],
    [
      0.00971231332289349
    ],
    [
      0.20066656381133732
    ],
    [
      0.20066656381133732
    ],
    [
      0.20066656381133732
    ],
    [
      0.00971231332289349
    ],
    [
      0.20066656381133732
    ],
    [
      0.20066656381133732
    ],
    [
      0.20066656381133732
    ],
    [
      0.20066656381133732
    ],
    [
      0.20066656381133732
    ],
    [
      0.20066656381133732
    ],
    [
      0.29679373612477994
    ],
    [
      0.29679373612477994
    ],
    [
      0.29679373612477994
    ],
    [
      0.29679373612477994
    ],
    [
      0.29679373612477994
    ],
    [
      0.29679373612477994
    ],
    [
      0.29679373612477994
    ],
    [
      0.29679373612477994
    ],
    [
      0.00971231332289349
    ],
    [
      0.00971231332289349
    ],
    [
      0.00971231332289349
    ]
  ],
  "runtime_metadata": {
    "random_seed": 42,
    "activeinference_jl_version": "0.1.2",
    "julia_version": "1.12.6",
    "schema_version": "activeinference_jl_simulation_v1",
    "generated_at": "2026-05-22T06:20:17.825"
  },
  "expected_free_energy": [
    0.00971231332289349,
    0.20066656381133732,
    0.20066656381133732,
    0.00971231332289349,
    0.00971231332289349,
    0.29679373612477994,
    0.29679373612477994,
    0.29679373612477994,
    0.29679373612477994,
    0.00971231332289349,
    0.00971231332289349,
    0.00971231332289349,
    0.00971231332289349,
    0.29679373612477994,
    0.00971231332289349,
    0.20066656381133732,
    0.20066656381133732,
    0.00971231332289349,
    0.00971231332289349,
    0.20066656381133732,
    0.20066656381133732,
    0.20066656381133732,
    0.00971231332289349,
    0.20066656381133732,
    0.20066656381133732,
    0.20066656381133732,
    0.20066656381133732,
    0.20066656381133732,
    0.20066656381133732,
    0.29679373612477994,
    0.29679373612477994,
    0.29679373612477994,
    0.29679373612477994,
    0.29679373612477994,
    0.29679373612477994,
    0.29679373612477994,
    0.29679373612477994,
    0.00971231332289349,
    0.00971231332289349,
    0.00971231332289349
  ],