{
  "success": true,
  "framework": "PyMDP",
  "model_name": "Simple MDP Agent",
  "num_timesteps": 15,
  "simulation_trace": {
    "observations": [
      3,
      3,
      3,
      3,
      3,
      3,
      3,
      3,
      3,
      3,
      3,
      2,
      3,
      3,
      3
    ],
    "true_states": [
      3,
      3,
      3,
      3,
      3,
      3,
      3,
      3,
      3,
      3,
      3,
      2,
      3,
      3,
      3
    ],
    "beliefs": [
      [
        9.999999999999963e-17,
        9.999999999999963e-17,
        9.999999999999963e-17,
        0.9999999999999998
      ],
      [
        2.2222222222222002e-32,
        2.2222222222222002e-32,
        1.1111111111111125e-17,
        1.0
      ],
      [
        1.111111111111098e-32,
        1.111111111111098e-32,
        1.1111111111111125e-17,
        1.0
      ],
      [
        1.111111111111098e-32,
        1.111111111111098e-32,
        1.1111111111111125e-17,
        1.0
      ],
      [
        1.111111111111098e-32,
        1.111111111111098e-32,
        1.1111111111111125e-17,
        1.0
      ],
      [
        1.111111111111098e-32,
        1.111111111111098e-32,
        1.1111111111111125e-17,
        1.0
      ],
      [
        1.111111111111098e-32,
        1.111111111111098e-32,
        1.1111111111111125e-17,
        1.0
      ],
      [
        1.111111111111098e-32,
        1.111111111111098e-32,
        1.1111111111111125e-17,
        1.0
      ],
      [
        1.111111111111098e-32,
        1.111111111111098e-32,
        1.1111111111111125e-17,
        1.0
      ],
      [
        1.111111111111098e-32,
        1.111111111111098e-32,
        1.1111111111111125e-17,
        1.0
      ],
      [
        1.111111111111098e-32,
        1.111111111111098e-32,
        1.1111111111111125e-17,
        1.0
      ],
      [
        9.999999999999968e-32,
        9.999999999999968e-32,
        0.9999999999999991,
        8.99999999999992e-16
      ],
      [
        1.111111111111098e-32,
        1.111111111111098e-32,
        1.1111111111111203e-17,
        1.0
      ],
      [
        1.111111111111098e-32,
        1.111111111111098e-32,
        1.1111111111111125e-17,
        1.0
      ],
      [
        1.111111111111098e-32,
        1.111111111111098e-32,
        1.1111111111111125e-17,
        1.0
      ]
    ],
    "actions": [
      0,
      0,
      0,
      0,
      0,
      0,
      0,
      0,
      0,
      0,
      0,
      1,
      0,
      0,
      0
    ],
    "efe_history": [
      [
        -0.11412322829284022,
        -2.5141232282928376,
        -2.814123228292837,
        -2.814123228292837
      ],
      [
        -0.11412322829283977,
        -2.514123228292838,
        -2.814123228292838,
        -2.814123228292838
      ],
      [
        -0.11412322829283977,
        -2.514123228292838,
        -2.814123228292838,
        -2.814123228292838
      ],
      [
        -0.11412322829283977,
        -2.514123228292838,
        -2.814123228292838,
        -2.814123228292838
      ],
      [
        -0.11412322829283977,
        -2.514123228292838,
        -2.814123228292838,
        -2.814123228292838
      ],
      [
        -0.11412322829283977,
        -2.514123228292838,
        -2.814123228292838,
        -2.814123228292838
      ],
      [
        -0.11412322829283977,
        -2.514123228292838,
        -2.814123228292838,
        -2.814123228292838
      ],
      [
        -0.11412322829283977,
        -2.514123228292838,
        -2.814123228292838,
        -2.814123228292838
      ],
      [
        -0.11412322829283977,
        -2.514123228292838,
        -2.814123228292838,
        -2.814123228292838
      ],
      [
        -0.11412322829283977,
        -2.514123228292838,
        -2.814123228292838,
        -2.814123228292838
      ],
      [
        -0.11412322829283977,
        -2.514123228292838,
        -2.814123228292838,
        -2.814123228292838
      ],
      [
        -2.514123228292834,
        -0.11412322829284038,
        -2.814123228292836,
        -2.814123228292836
      ],
      [
        -0.11412322829283977,
        -2.514123228292838,
        -2.814123228292838,
        -2.814123228292838
      ],
      [
        -0.11412322829283977,
        -2.514123228292838,
        -2.814123228292838,
        -2.814123228292838
      ],
      [
        -0.11412322829283977,
        -2.514123228292838,
        -2.814123228292838,
        -2.814123228292838
      ]
    ],
    "belief_confidence": [
      0.9999999999999998,
      1.0,
      1.0,
      1.0,
      1.0,
      1.0,
      1.0,
      1.0,
      1.0,
      1.0,
      1.0,
      0.9999999999999991,
      1.0,
      1.0,
      1.0
    ]
  },
  "observations": [
    3,
    3,
    3,
    3,
    3,
    3,
    3,
    3,
    3,
    3,
    3,
    2,
    3,
    3,
    3
  ],
  "true_states": [
    3,
    3,
    3,
    3,
    3,
    3,
    3,
    3,
    3,
    3,
    3,
    2,
    3,
    3,
    3
  ],
  "beliefs": [
    [
      9.999999999999963e-17,
      9.999999999999963e-17,
      9.999999999999963e-17,
      0.9999999999999998
    ],
    [
      2.2222222222222002e-32,
      2.2222222222222002e-32,
      1.1111111111111125e-17,
      1.0
    ],
    [
      1.111111111111098e-32,
      1.111111111111098e-32,
      1.1111111111111125e-17,
      1.0
    ],
    [
      1.111111111111098e-32,
      1.111111111111098e-32,
      1.1111111111111125e-17,
      1.0
    ],
    [
      1.111111111111098e-32,
      1.111111111111098e-32,
      1.1111111111111125e-17,
      1.0
    ],
    [
      1.111111111111098e-32,
      1.111111111111098e-32,
      1.1111111111111125e-17,
      1.0
    ],
    [
      1.111111111111098e-32,
      1.111111111111098e-32,
      1.1111111111111125e-17,
      1.0
    ],
    [
      1.111111111111098e-32,
      1.111111111111098e-32,
      1.1111111111111125e-17,
      1.0
    ],
    [
      1.111111111111098e-32,
      1.111111111111098e-32,
      1.1111111111111125e-17,
      1.0
    ],
    [
      1.111111111111098e-32,
      1.111111111111098e-32,
      1.1111111111111125e-17,
      1.0
    ],
    [
      1.111111111111098e-32,
      1.111111111111098e-32,
      1.1111111111111125e-17,
      1.0
    ],
    [
      9.999999999999968e-32,
      9.999999999999968e-32,
      0.9999999999999991,
      8.99999999999992e-16
    ],
    [
      1.111111111111098e-32,
      1.111111111111098e-32,
      1.1111111111111203e-17,
      1.0
    ],
    [
      1.111111111111098e-32,
      1.111111111111098e-32,
      1.1111111111111125e-17,
      1.0
    ],
    [
      1.111111111111098e-32,
      1.111111111111098e-32,
      1.1111111111111125e-17,
      1.0
    ]
  ],
  "actions": [
    0,
    0,
    0,
    0,
    0,
    0,
    0,
    0,
    0,
    0,
    0,
    1,
    0,
    0,
    0
  ],
  "model_parameters": {
    "A_shape": [
      4,
      4
    ],
    "B_shape": [
      4,
      4,
      4
    ],
    "C_shape": [
      4
    ],
    "D_shape": [
      4
    ],
    "num_states": 4,
    "num_observations": 4,
    "num_actions": 4
  },