{
  "num_observations": 4,
  "time_steps": 15,
  "num_actions": 4,
  "efe_history": [
    [
      -1.3361938690714354,
      -1.283041704262326,
      -1.3414629663162496,
      -1.2851006983422781
    ],
    [
      -1.5225067965822907,
      -1.424604939432452,
      -1.5064438069396224,
      -1.377736021981576
    ],
    [
      -1.6261931424834801,
      -1.5140342490088061,
      -1.5962207707432086,
      -1.4360823496961728
    ],
    [
      -1.683885118413178,
      -1.5640885279208576,
      -1.6459094431113965,
      -1.4682026407033468
    ],
    [
      -1.7139706907062722,
      -1.590259363044022,
      -1.6717563174138852,
      -1.4848520832061707
    ],
    [
      -1.7291408436665423,
      -1.6034722854979861,
      -1.6847740843707486,
      -1.4932203443534657
    ],
    [
      -1.7366618071622781,
      -1.610027234394312,
      -1.6912246333139147,
      -1.497362225907258
    ],
    [
      -1.5143981517422318,
      -1.484778875509143,
      -1.5155431625462135,
      -1.4240725483408214
    ],
    [
      -1.5874536900802778,
      -1.6373422843714343,
      -1.5600063181607902,
      -1.495467588430028
    ],
    [
      -1.1068914208883716,
      -1.130011417802131,
      -1.1341647848409275,
      -1.154163870693445
    ],
    [
      -1.3976537466911805,
      -1.4696221524575452,
      -1.380492179635248,
      -1.3651345758175628
    ],
    [
      -1.6558057709123837,
      -1.7626631745123458,
      -1.5904799875432023,
      -1.5404432519103648
    ],
    [
      -1.0978247433588475,
      -1.1498885557969918,
      -1.1161056567544638,
      -1.1504267459206443
    ],
    [
      -0.7625477563736166,
      -0.8016129437224249,
      -0.8106123903430447,
      -0.8896605099042876
    ],
    [
      -0.5932947417163603,
      -0.6150110687814264,
      -0.6411622068845861,
      -0.7304407810598935
    ]
  ],
  "actions": [
    2,
    4,
    4,
    4,
    4,
    4,
    4,
    4,
    4,
    1,
    4,
    4,
    1,
    1,
    1
  ],
  "policy_history": [
    2,
    4,
    4,
    4,
    4,
    4,
    4,
    4,
    4,
    1,
    4,
    4,
    1,
    1,
    1
  ],
  "framework": "activeinference_jl",
  "num_states": 4,
  "observations": [
    3,
    3,
    3,
    3,
    3,
    3,
    3,
    1,
    1,
    4,
    1,
    1,
    4,
    4,
    4
  ],
  "validation": {
    "beliefs_in_range": true,
    "actions_in_range": true,
    "all_valid": true,
    "beliefs_sum_to_one": true
  },
  "model_name": "Deep Planning Horizon POMDP",
  "beliefs": [
    [
      0.17734594095428316,
      0.17734594095428316,
      0.43440706329174783,
      0.210901054799686
    ],
    [
      0.11041671699118075,
      0.10836634857348391,
      0.6117225082261748,
      0.1694944262091606
    ],
    [
      0.09693185713192613,
      0.09621457839832509,
      0.6670040390422163,
      0.1398495254275325
    ],
    [
      0.08987154280626637,
      0.08962699308162492,
      0.6962246406968097,
      0.12427682341529901
    ],
    [
      0.08630480330500202,
      0.08622253167799238,
      0.7110737181479412,
      0.11639894686906443
    ],
    [
      0.08453515050997415,
      0.08450765790627167,
      0.7184681025432563,
      0.11248908904049777
    ],
    [
      0.08366481265865874,
      0.08365565602291414,
      0.7221128812039287,
      0.11056665011449832
    ],
    [
      0.29524271947623326,
      0.14333266794185986,
      0.42793928648720087,
      0.1334853260947061
    ],
    [
      0.47244736519308805,
      0.15393567462839083,
      0.24828487943089425,
      0.12533208074762672
    ],
    [
      0.2947361580433291,
      0.14785014507980115,
      0.2275673495873041,
      0.3298463472895657
    ],
    [
      0.47789429846125614,
      0.12909527124236236,
      0.16566379658011487,
      0.2273466337162667
    ],
    [
      0.5942409109175308,
      0.13238009968325157,
      0.1250814982357235,
      0.14829749116349403
    ],
    [
      0.3492957661547508,
      0.13727786717531665,
      0.1592674564797812,
      0.3541589101901514
    ],
    [
      0.21215713899559904,
      0.09019063598907334,
      0.13746083647754756,
      0.56019138853778
    ],
    [
      0.11136439158314852,
      0.05286267844287755,
      0.1190391003875194,
      0.7167338295864545
    ]
  ]
}