{
  "num_observations": 2,
  "time_steps": 30,
  "num_actions": 2,
  "efe_history": [
    [
      -0.37805243564723834,
      -0.5380524356472383
    ],
    [
      -0.3642586868485507,
      -0.5678950504849142
    ],
    [
      -0.3612186255294349,
      -0.5754121739165317
    ],
    [
      -0.36052200353339203,
      -0.5771934117837476
    ],
    [
      -0.36036059891715577,
      -0.5776094087392553
    ],
    [
      -0.36032310111739496,
      -0.5777062333285623
    ],
    [
      -0.3603143840393596,
      -0.5777287517706193
    ],
    [
      -0.4910327715535013,
      -0.40651373567993865
    ],
    [
      -0.520713936407857,
      -0.38748374624357146
    ],
    [
      -0.5101873994813342,
      -0.3937869410385878
    ],
    [
      -0.3675756877085338,
      -0.5601276599348813
    ],
    [
      -0.3619659177834078,
      -0.5735264572269896
    ],
    [
      -0.3606943832312619,
      -0.5767505054098282
    ],
    [
      -0.3604006041280997,
      -0.577506184390291
    ],
    [
      -0.4911053044504194,
      -0.4064622348411066
    ],
    [
      -0.5206876380338046,
      -0.387498927570716
    ],
    [
      -0.36626347640201007,
      -0.5631495815539418
    ],
    [
      -0.49581805769000076,
      -0.4031720556939621
    ],
    [
      -0.3695114651843324,
      -0.5557839881487665
    ],
    [
      -0.36239664730083965,
      -0.5724510538224972
    ],
    [
      -0.49275699954610264,
      -0.4052966123219366
    ],
    [
      -0.3699468397440765,
      -0.5548250449958497
    ],
    [
      -0.36249302331766026,
      -0.5722115633613118
    ],
    [
      -0.36081551166797277,
      -0.5764401278685254
    ],
    [
      -0.49145294190420274,
      -0.4062157677876045
    ],
    [
      -0.3701349372602535,
      -0.5544127328158936
    ],
    [
      -0.36253460676467,
      -0.5721083570444923
    ],
    [
      -0.3608250516714019,
      -0.5764157122447879
    ],
    [
      -0.3604309002511903,
      -0.5774280633906744
    ],
    [
      -0.4911307671747866,
      -0.40644416171806724
    ]
  ],
  "actions": [
    1,
    1,
    1,
    1,
    1,
    1,
    1,
    2,
    2,
    2,
    1,
    1,
    1,
    1,
    2,
    2,
    1,
    2,
    1,
    1,
    2,
    1,
    1,
    1,
    2,
    1,
    1,
    1,
    1,
    2
  ],
  "policy_history": [
    1,
    1,
    1,
    1,
    1,
    1,
    1,
    2,
    2,
    2,
    1,
    1,
    1,
    1,
    2,
    2,
    1,
    2,
    1,
    1,
    2,
    1,
    1,
    1,
    2,
    1,
    1,
    1,
    1,
    2
  ],
  "framework": "activeinference_jl",
  "num_states": 2,
  "observations": [
    2,
    2,
    2,
    2,
    2,
    2,
    2,
    1,
    1,
    1,
    2,
    2,
    2,
    2,
    1,
    1,
    2,
    1,
    2,
    2,
    1,
    2,
    2,
    2,
    1,
    2,
    2,
    2,
    2,
    1
  ],
  "validation": {
    "beliefs_in_range": true,
    "actions_in_range": true,
    "all_valid": true,
    "beliefs_sum_to_one": true
  },
  "model_name": "Bnlearn Causal Model",
  "beliefs": [
    [
      0.25,
      0.7499999999999999
    ],
    [
      0.1818181818181819,
      0.8181818181818181
    ],
    [
      0.16532258064516134,
      0.8346774193548387
    ],
    [
      0.16145092460881938,
      0.8385490753911806
    ],
    [
      0.1605487346529692,
      0.8394512653470307
    ],
    [
      0.16033885592005123,
      0.8396611440799489
    ],
    [
      0.16029005041990693,
      0.8397099495800932
    ],
    [
      0.6320609935524416,
      0.3679390064475585
    ],
    [
      0.7081721721316959,
      0.29182782786830397
    ],
    [
      0.6818757163167914,
      0.31812428368320855
    ],
    [
      0.19913754339633216,
      0.800862456603668
    ],
    [
      0.16943665711940362,
      0.8305633428805964
    ],
    [
      0.1624123090959899,
      0.8375876909040101
    ],
    [
      0.1607725308403262,
      0.8392274691596737
    ],
    [
      0.6322547962645512,
      0.3677452037354487
    ],
    [
      0.7081073600985758,
      0.2918926399014242
    ],
    [
      0.19236546070010663,
      0.8076345392998934
    ],
    [
      0.6447593781188103,
      0.35524062188118966
    ],
    [
      0.2089491828680717,
      0.7910508171319284
    ],
    [
      0.17178998980991034,
      0.8282100101900896
    ],
    [
      0.6366568550377596,
      0.36334314496224046
    ],
    [
      0.21112780429410422,
      0.7888721957058958
    ],
    [
      0.17231478118179447,
      0.8276852188182054
    ],
    [
      0.1630865371866364,
      0.8369134628133637
    ],
    [
      0.6331830845571851,
      0.366816915442815
    ],
    [
      0.2120659444443126,
      0.7879340555556874
    ],
    [
      0.17254101518777765,
      0.8274589848122224
    ],
    [
      0.16313959285408444,
      0.8368604071459156
    ],
    [
      0.16094193259455591,
      0.8390580674054441
    ],
    [
      0.632322821026124,
      0.3676771789738761
    ]
  ]
}