{
  "success": true,
  "framework": "PyMDP",
  "model_name": "Hidden Markov Model Baseline",
  "num_timesteps": 15,
  "simulation_trace": {
    "observations": [
      3,
      4,
      5,
      5,
      4,
      3,
      3,
      2,
      3,
      0,
      1,
      1,
      0,
      0,
      3
    ],
    "true_states": [
      3,
      2,
      2,
      2,
      3,
      3,
      3,
      2,
      3,
      2,
      1,
      0,
      0,
      0,
      3
    ],
    "beliefs": [
      [
        0.10000000000000012,
        0.10000000000000012,
        0.10000000000000012,
        0.6999999999999996
      ],
      [
        0.05315614617940207,
        0.05647840531561469,
        0.29235880398671116,
        0.5980066445182721
      ],
      [
        0.2798731053930209,
        0.3461402890377158,
        0.16231935142756446,
        0.21166725414169887
      ],
      [
        0.38612421658210727,
        0.4668186407421752,
        0.07289675711029132,
        0.07416038556542617
      ],
      [
        0.17998070396085666,
        0.21020932756749308,
        0.31226780145754,
        0.29754216701411024
      ],
      [
        0.08344147119094678,
        0.10324546279943429,
        0.11469352400395032,
        0.6986195420056686
      ],
      [
        0.040603523537990925,
        0.04692187868315337,
        0.06147657126360459,
        0.8509980265152511
      ],
      [
        0.05418761140152491,
        0.05851813282417461,
        0.6583214972847466,
        0.22897275848955392
      ],
      [
        0.057943726394752385,
        0.08786629219699597,
        0.19767126326308623,
        0.6565187181451654
      ],
      [
        0.5215995793331096,
        0.09537053421172405,
        0.1462390144149205,
        0.23679087204024588
      ],
      [
        0.2033205437981134,
        0.5922588642683584,
        0.09689369839798032,
        0.10752689353554785
      ],
      [
        0.058569029588720706,
        0.8588608264128154,
        0.04200218377044988,
        0.04056796022801401
      ],
      [
        0.5224014713913867,
        0.3421140487425413,
        0.06906038106323892,
        0.06642409880283312
      ],
      [
        0.8314797782844423,
        0.08968867572346674,
        0.040559318277336734,
        0.0382722277147543
      ],
      [
        0.3492430840319055,
        0.09206181559439189,
        0.07237326481019729,
        0.4863218355635053
      ]
    ],
    "actions": [
      0,
      0,
      0,
      0,
      0,
      0,
      0,
      0,
      0,
      0,
      0,
      0,
      0,
      0,
      0
    ],
    "efe_history": [
      [
        -1.4619037623092515
      ],
      [
        -1.462825023873865
      ],
      [
        -1.4370463495355934
      ],
      [
        -1.4658433308493124
      ],
      [
        -1.4320729200094813
      ],
      [
        -1.4629007304567436
      ],
      [
        -1.4909561594483955
      ],
      [
        -1.4631905782727797
      ],
      [
        -1.4629671743882373
      ],
      [
        -1.448405066184944
      ],
      [
        -1.4673833548268738
      ],
      [
        -1.5224156666255382
      ],
      [
        -1.4693512964860787
      ],
      [
        -1.5152627258199063
      ],
      [
        -1.4421003173588713
      ]
    ],
    "belief_confidence": [
      0.6999999999999996,
      0.5980066445182721,
      0.3461402890377158,
      0.4668186407421752,
      0.31226780145754,
      0.6986195420056686,
      0.8509980265152511,
      0.6583214972847466,
      0.6565187181451654,
      0.5215995793331096,
      0.5922588642683584,
      0.8588608264128154,
      0.5224014713913867,
      0.8314797782844423,
      0.4863218355635053
    ]
  },
  "observations": [
    3,
    4,
    5,
    5,
    4,
    3,
    3,
    2,
    3,
    0,
    1,
    1,
    0,
    0,
    3
  ],
  "true_states": [
    3,
    2,
    2,
    2,
    3,
    3,
    3,
    2,
    3,
    2,
    1,
    0,
    0,
    0,
    3
  ],
  "beliefs": [
    [
      0.10000000000000012,
      0.10000000000000012,
      0.10000000000000012,
      0.6999999999999996
    ],
    [
      0.05315614617940207,
      0.05647840531561469,
      0.29235880398671116,
      0.5980066445182721
    ],
    [
      0.2798731053930209,
      0.3461402890377158,
      0.16231935142756446,
      0.21166725414169887
    ],
    [
      0.38612421658210727,
      0.4668186407421752,
      0.07289675711029132,
      0.07416038556542617
    ],
    [
      0.17998070396085666,
      0.21020932756749308,
      0.31226780145754,
      0.29754216701411024
    ],
    [
      0.08344147119094678,
      0.10324546279943429,
      0.11469352400395032,
      0.6986195420056686
    ],
    [
      0.040603523537990925,
      0.04692187868315337,
      0.06147657126360459,
      0.8509980265152511
    ],
    [
      0.05418761140152491,
      0.05851813282417461,
      0.6583214972847466,
      0.22897275848955392
    ],
    [
      0.057943726394752385,
      0.08786629219699597,
      0.19767126326308623,
      0.6565187181451654
    ],
    [
      0.5215995793331096,
      0.09537053421172405,
      0.1462390144149205,
      0.23679087204024588
    ],
    [
      0.2033205437981134,
      0.5922588642683584,
      0.09689369839798032,
      0.10752689353554785
    ],
    [
      0.058569029588720706,
      0.8588608264128154,
      0.04200218377044988,
      0.04056796022801401
    ],
    [
      0.5224014713913867,
      0.3421140487425413,
      0.06906038106323892,
      0.06642409880283312
    ],
    [
      0.8314797782844423,
      0.08968867572346674,
      0.040559318277336734,
      0.0382722277147543
    ],
    [
      0.3492430840319055,
      0.09206181559439189,
      0.07237326481019729,
      0.4863218355635053
    ]
  ],
  "actions": [
    0,
    0,
    0,
    0,
    0,
    0,
    0,
    0,
    0,
    0,
    0,
    0,
    0,
    0,
    0
  ],
  "model_parameters": {
    "A_shape": [
      6,
      4
    ],
    "B_shape": [
      4,
      4,
      1
    ],
    "C_shape": [
      6
    ],
    "D_shape": [
      4
    ],
    "num_states": 4,
    "num_observations": 6,
    "num_actions": 1
  },
  "metrics": {
    "expected_free_energy": [
      [
        -1.4619037623092515
      ],
      [
        -1.462825023873865
      ],
      [
        -1.4370463495355934
      ],
      [
        -1.4658433308493124
      ],
      [
        -1.4320729200094813
      ],
      [
        -1.4629007304567436
      ],
      [
        -1.4909561594483955
      ],
      [
        -1.4631905782727797
      ],
      [
        -1.4629671743882373
      ],
      [
        -1.448405066184944
      ],
      [
        -1.4673833548268738
      ],
      [
        -1.5224156666255382
      ],
      [
        -1.4693512964860787
      ],
      [
        -1.5152627258199063
      ],
      [
        -1.4421003173588713
      ]
    ],
    "belief_confidence": [
      0.6999999999999996,
      0.5980066445182721,
      0.3461402890377158,
      0.4668186407421752,
      0.31226780145754,
      0.6986195420056686,
      0.8509980265152511,
      0.6583214972847466,
      0.6565187181451654,
      0.5215995793331096,
      0.5922588642683584,
      0.8588608264128154,
      0.5224014713913867,
      0.8314797782844423,
      0.4863218355635053
    ],
    "cumulative_preference": [
      0.0,
      0.0,
      0.0,
      0.0,
      0.0,
      0.0,
      0.0,
      0.0,
      0.0,
      0.0,
      0.0,
      0.0,
      0.0,
      0.0,
      0.0
    ]
  },
  "validation": {
    "all_beliefs_valid": true,
    "beliefs_sum_to_one": true,
    "actions_in_range": true
  }
}