{
  "success": true,
  "framework": "PyMDP",
  "model_name": "Hidden Markov Model Baseline",
  "num_timesteps": 15,
  "simulation_trace": {
    "observations": [
      2,
      3,
      0,
      4,
      2,
      3,
      5,
      1,
      5,
      1,
      3,
      2,
      5,
      0,
      3
    ],
    "true_states": [
      0,
      0,
      0,
      2,
      3,
      1,
      1,
      1,
      1,
      1,
      2,
      1,
      0,
      3,
      3
    ],
    "beliefs": [
      [
        0.10000000000000012,
        0.10000000000000012,
        0.6999999999999996,
        0.10000000000000012
      ],
      [
        0.08421052631578954,
        0.12105263157894741,
        0.24210526315789463,
        0.5526315789473685
      ],
      [
        0.553650442477876,
        0.1034292035398231,
        0.14518805309734514,
        0.19773230088495586
      ],
      [
        0.19882698693400852,
        0.08123306319258033,
        0.35399040724672703,
        0.3659495426266841
      ],
      [
        0.07610379174540387,
        0.06390291930840832,
        0.7617907034244032,
        0.09820258552178453
      ],
      [
        0.07688254972169373,
        0.11322703666978555,
        0.2590064400211132,
        0.5508839735874074
      ],
      [
        0.2893798477399916,
        0.38385453532032243,
        0.14089397091148048,
        0.1858716460282054
      ],
      [
        0.08923388159017938,
        0.7862003768629081,
        0.06164667575913227,
        0.06291906578778028
      ],
      [
        0.19226935294907457,
        0.7236506222592134,
        0.0429253009796205,
        0.04115472381209144
      ],
      [
        0.05090211138533056,
        0.8909174459569223,
        0.029681202445608137,
        0.028499240212139138
      ],
      [
        0.07744968458450843,
        0.3782375852623504,
        0.06982538380388907,
        0.4744873463492521
      ],
      [
        0.06994174853106115,
        0.15945473351103104,
        0.6095641060683316,
        0.1610394118895762
      ],
      [
        0.2586139989544592,
        0.46749476147632824,
        0.19167923856209967,
        0.08221200100711291
      ],
      [
        0.7057176842359129,
        0.1579072062826615,
        0.08062425175543599,
        0.05575085772598956
      ],
      [
        0.2961832499133311,
        0.11475821397755422,
        0.08255028956499115,
        0.5065082465441235
      ]
    ],
    "actions": [
      0,
      0,
      0,
      0,
      0,
      0,
      0,
      0,
      0,
      0,
      0,
      0,
      0,
      0,
      0
    ],
    "efe_history": [
      [
        -1.4611321641178157
      ],
      [
        -1.449810823644678
      ],
      [
        -1.452879582770909
      ],
      [
        -1.4375458642997492
      ],
      [
        -1.4702938034231845
      ],
      [
        -1.4511751593243876
      ],
      [
        -1.4414020603409818
      ],
      [
        -1.504144308570956
      ],
      [
        -1.4969287596484888
      ],
      [
        -1.53143059510024
      ],
      [
        -1.444927350026598
      ],
      [
        -1.4538112839038797
      ],
      [
        -1.453052096767651
      ],
      [
        -1.4874166697081228
      ],
      [
        -1.4402841244349152
      ]
    ],
    "belief_confidence": [
      0.6999999999999996,
      0.5526315789473685,
      0.553650442477876,
      0.3659495426266841,
      0.7617907034244032,
      0.5508839735874074,
      0.38385453532032243,
      0.7862003768629081,
      0.7236506222592134,
      0.8909174459569223,
      0.4744873463492521,
      0.6095641060683316,
      0.46749476147632824,
      0.7057176842359129,
      0.5065082465441235
    ]
  },
  "observations": [
    2,
    3,
    0,
    4,
    2,
    3,
    5,
    1,
    5,
    1,
    3,
    2,
    5,
    0,
    3
  ],
  "true_states": [
    0,
    0,
    0,
    2,
    3,
    1,
    1,
    1,
    1,
    1,
    2,
    1,
    0,
    3,
    3
  ],
  "beliefs": [
    [
      0.10000000000000012,
      0.10000000000000012,
      0.6999999999999996,
      0.10000000000000012
    ],
    [
      0.08421052631578954,
      0.12105263157894741,
      0.24210526315789463,
      0.5526315789473685
    ],
    [
      0.553650442477876,
      0.1034292035398231,
      0.14518805309734514,
      0.19773230088495586
    ],
    [
      0.19882698693400852,
      0.08123306319258033,
      0.35399040724672703,
      0.3659495426266841
    ],
    [
      0.07610379174540387,
      0.06390291930840832,
      0.7617907034244032,
      0.09820258552178453
    ],
    [
      0.07688254972169373,
      0.11322703666978555,
      0.2590064400211132,
      0.5508839735874074
    ],
    [
      0.2893798477399916,
      0.38385453532032243,
      0.14089397091148048,
      0.1858716460282054
    ],
    [
      0.08923388159017938,
      0.7862003768629081,
      0.06164667575913227,
      0.06291906578778028
    ],
    [
      0.19226935294907457,
      0.7236506222592134,
      0.0429253009796205,
      0.04115472381209144
    ],
    [
      0.05090211138533056,
      0.8909174459569223,
      0.029681202445608137,
      0.028499240212139138
    ],
    [
      0.07744968458450843,
      0.3782375852623504,
      0.06982538380388907,
      0.4744873463492521
    ],
    [
      0.06994174853106115,
      0.15945473351103104,
      0.6095641060683316,
      0.1610394118895762
    ],
    [
      0.2586139989544592,
      0.46749476147632824,
      0.19167923856209967,
      0.08221200100711291
    ],
    [
      0.7057176842359129,
      0.1579072062826615,
      0.08062425175543599,
      0.05575085772598956
    ],
    [
      0.2961832499133311,
      0.11475821397755422,
      0.08255028956499115,
      0.5065082465441235
    ]
  ],
  "actions": [
    0,
    0,
    0,
    0,
    0,
    0,
    0,
    0,
    0,
    0,
    0,
    0,
    0,
    0,
    0
  ],
  "model_parameters": {
    "A_shape": [
      6,
      4
    ],
    "B_shape": [
      4,
      4,
      1
    ],
    "C_shape": [
      6
    ],
    "D_shape": [
      4
    ],
    "num_states": 4,
    "num_observations": 6,
    "num_actions": 1
  },
  "metrics": {
    "expected_free_energy": [
      [
        -1.4611321641178157
      ],
      [
        -1.449810823644678
      ],
      [
        -1.452879582770909
      ],
      [
        -1.4375458642997492
      ],
      [
        -1.4702938034231845
      ],
      [
        -1.4511751593243876
      ],
      [
        -1.4414020603409818
      ],
      [
        -1.504144308570956
      ],
      [
        -1.4969287596484888
      ],
      [
        -1.53143059510024
      ],
      [
        -1.444927350026598
      ],
      [
        -1.4538112839038797
      ],
      [
        -1.453052096767651
      ],
      [
        -1.4874166697081228
      ],
      [
        -1.4402841244349152
      ]
    ],
    "belief_confidence": [
      0.6999999999999996,
      0.5526315789473685,
      0.553650442477876,
      0.3659495426266841,
      0.7617907034244032,
      0.5508839735874074,
      0.38385453532032243,
      0.7862003768629081,
      0.7236506222592134,
      0.8909174459569223,
      0.4744873463492521,
      0.6095641060683316,
      0.46749476147632824,
      0.7057176842359129,
      0.5065082465441235
    ],
    "cumulative_preference": [
      0.0,
      0.0,
      0.0,
      0.0,
      0.0,
      0.0,
      0.0,
      0.0,
      0.0,
      0.0,
      0.0,
      0.0,
      0.0,
      0.0,
      0.0
    ]
  },
  "validation": {
    "all_beliefs_valid": true,
    "beliefs_sum_to_one": true,
    "actions_in_range": true
  }
}