{
  "success": true,
  "framework": "PyMDP",
  "model_name": "Hidden Markov Model Baseline",
  "num_timesteps": 15,
  "simulation_trace": {
    "observations": [
      4,
      2,
      4,
      4,
      4,
      3,
      4,
      1,
      2,
      3,
      2,
      4,
      2,
      4,
      1
    ],
    "true_states": [
      2,
      2,
      2,
      2,
      3,
      3,
      2,
      2,
      2,
      3,
      2,
      2,
      2,
      2,
      1
    ],
    "beliefs": [
      [
        0.10000000000000009,
        0.10000000000000009,
        0.3999999999999999,
        0.3999999999999999
      ],
      [
        0.052631578947368494,
        0.0657894736842106,
        0.7828947368421049,
        0.09868421052631585
      ],
      [
        0.04457321149988865,
        0.07376866503231568,
        0.6792957432583014,
        0.2023623802094942
      ],
      [
        0.04248595505617983,
        0.0711286755916807,
        0.6166327994262488,
        0.2697525699258907
      ],
      [
        0.04168457518351066,
        0.0678758431065032,
        0.5783638646662064,
        0.3120757170437796
      ],
      [
        0.04929004291052672,
        0.07829026364690952,
        0.16575388519516385,
        0.7066658082473999
      ],
      [
        0.04152176180208724,
        0.05240915594094646,
        0.324990250950905,
        0.5810788313060613
      ],
      [
        0.06297077585661981,
        0.5785303510349954,
        0.16162137622456835,
        0.19687749688381664
      ],
      [
        0.06254337346585129,
        0.21029610503407442,
        0.637083538862252,
        0.09007698263782221
      ],
      [
        0.07353424679071992,
        0.15500011762188137,
        0.22860784555613642,
        0.5428577900312623
      ],
      [
        0.05518607672851555,
        0.08265659458681399,
        0.719931228566496,
        0.14222610011817452
      ],
      [
        0.04533923931413392,
        0.07547491095181705,
        0.6460541664480507,
        0.23313168328599848
      ],
      [
        0.03458458618976952,
        0.05706579512065994,
        0.8494688689496666,
        0.058880749739903974
      ],
      [
        0.040517821445322906,
        0.07354781508544146,
        0.7121998923423182,
        0.17373447112691745
      ],
      [
        0.05423459838712339,
        0.6576702427958057,
        0.20656822626812735,
        0.08152693254894372
      ]
    ],
    "actions": [
      0,
      0,
      0,
      0,
      0,
      0,
      0,
      0,
      0,
      0,
      0,
      0,
      0,
      0,
      0
    ],
    "efe_history": [
      [
        -1.445249425079412
      ],
      [
        -1.4746408255153254
      ],
      [
        -1.4648708916930149
      ],
      [
        -1.4612148824211284
      ],
      [
        -1.4598857377369532
      ],
      [
        -1.4695098355408214
      ],
      [
        -1.4641579015434236
      ],
      [
        -1.4608127588528568
      ],
      [
        -1.4581399359784168
      ],
      [
        -1.4481270228942407
      ],
      [
        -1.4669245245652471
      ],
      [
        -1.4622508459224624
      ],
      [
        -1.4850772145260565
      ],
      [
        -1.4681471344938175
      ],
      [
        -1.4782165538200032
      ]
    ],
    "belief_confidence": [
      0.3999999999999999,
      0.7828947368421049,
      0.6792957432583014,
      0.6166327994262488,
      0.5783638646662064,
      0.7066658082473999,
      0.5810788313060613,
      0.5785303510349954,
      0.637083538862252,
      0.5428577900312623,
      0.719931228566496,
      0.6460541664480507,
      0.8494688689496666,
      0.7121998923423182,
      0.6576702427958057
    ]
  },
  "observations": [
    4,
    2,
    4,
    4,
    4,
    3,
    4,
    1,
    2,
    3,
    2,
    4,
    2,
    4,
    1
  ],
  "true_states": [
    2,
    2,
    2,
    2,
    3,
    3,
    2,
    2,
    2,
    3,
    2,
    2,
    2,
    2,
    1
  ],
  "beliefs": [
    [
      0.10000000000000009,
      0.10000000000000009,
      0.3999999999999999,
      0.3999999999999999
    ],
    [
      0.052631578947368494,
      0.0657894736842106,
      0.7828947368421049,
      0.09868421052631585
    ],
    [
      0.04457321149988865,
      0.07376866503231568,
      0.6792957432583014,
      0.2023623802094942
    ],
    [
      0.04248595505617983,
      0.0711286755916807,
      0.6166327994262488,
      0.2697525699258907
    ],
    [
      0.04168457518351066,
      0.0678758431065032,
      0.5783638646662064,
      0.3120757170437796
    ],
    [
      0.04929004291052672,
      0.07829026364690952,
      0.16575388519516385,
      0.7066658082473999
    ],
    [
      0.04152176180208724,
      0.05240915594094646,
      0.324990250950905,
      0.5810788313060613
    ],
    [
      0.06297077585661981,
      0.5785303510349954,
      0.16162137622456835,
      0.19687749688381664
    ],
    [
      0.06254337346585129,
      0.21029610503407442,
      0.637083538862252,
      0.09007698263782221
    ],
    [
      0.07353424679071992,
      0.15500011762188137,
      0.22860784555613642,
      0.5428577900312623
    ],
    [
      0.05518607672851555,
      0.08265659458681399,
      0.719931228566496,
      0.14222610011817452
    ],
    [
      0.04533923931413392,
      0.07547491095181705,
      0.6460541664480507,
      0.23313168328599848
    ],
    [
      0.03458458618976952,
      0.05706579512065994,
      0.8494688689496666,
      0.058880749739903974
    ],
    [
      0.040517821445322906,
      0.07354781508544146,
      0.7121998923423182,
      0.17373447112691745
    ],
    [
      0.05423459838712339,
      0.6576702427958057,
      0.20656822626812735,
      0.08152693254894372
    ]
  ],
  "actions": [
    0,
    0,
    0,
    0,
    0,
    0,
    0,
    0,
    0,
    0,
    0,
    0,
    0,
    0,
    0
  ],
  "model_parameters": {
    "A_shape": [
      6,
      4
    ],
    "B_shape": [
      4,
      4,
      1
    ],
    "C_shape": [
      6
    ],
    "D_shape": [
      4
    ],
    "num_states": 4,
    "num_observations": 6,
    "num_actions": 1
  },
  "metrics": {
    "expected_free_energy": [
      [
        -1.445249425079412
      ],
      [
        -1.4746408255153254
      ],
      [
        -1.4648708916930149
      ],
      [
        -1.4612148824211284
      ],
      [
        -1.4598857377369532
      ],
      [
        -1.4695098355408214
      ],
      [
        -1.4641579015434236
      ],
      [
        -1.4608127588528568
      ],
      [
        -1.4581399359784168
      ],
      [
        -1.4481270228942407
      ],
      [
        -1.4669245245652471
      ],
      [
        -1.4622508459224624
      ],
      [
        -1.4850772145260565
      ],
      [
        -1.4681471344938175
      ],
      [
        -1.4782165538200032
      ]
    ],
    "belief_confidence": [
      0.3999999999999999,
      0.7828947368421049,
      0.6792957432583014,
      0.6166327994262488,
      0.5783638646662064,
      0.7066658082473999,
      0.5810788313060613,
      0.5785303510349954,
      0.637083538862252,
      0.5428577900312623,
      0.719931228566496,
      0.6460541664480507,
      0.8494688689496666,
      0.7121998923423182,
      0.6576702427958057
    ],
    "cumulative_preference": [
      0.0,
      0.0,
      0.0,
      0.0,
      0.0,
      0.0,
      0.0,
      0.0,
      0.0,
      0.0,
      0.0,
      0.0,
      0.0,
      0.0,
      0.0
    ]
  },
  "validation": {
    "all_beliefs_valid": true,
    "beliefs_sum_to_one": true,
    "actions_in_range": true
  }
}