{
  "success": true,
  "framework": "PyMDP",
  "model_name": "Hidden Markov Model Baseline",
  "num_timesteps": 15,
  "simulation_trace": {
    "observations": [
      2,
      0,
      0,
      0,
      3,
      0,
      2,
      3,
      1,
      2,
      4,
      4,
      2,
      3,
      4
    ],
    "true_states": [
      2,
      0,
      0,
      0,
      0,
      0,
      3,
      3,
      2,
      2,
      2,
      2,
      2,
      0,
      3
    ],
    "beliefs": [
      [
        0.10000000000000012,
        0.10000000000000012,
        0.6999999999999996,
        0.10000000000000012
      ],
      [
        0.5714285714285714,
        0.11734693877551024,
        0.23469387755102028,
        0.07653061224489802
      ],
      [
        0.8476562499999999,
        0.053013392857142926,
        0.061523437500000076,
        0.03780691964285723
      ],
      [
        0.915854887470608,
        0.029658932770286552,
        0.028924132635923094,
        0.025562047123182552
      ],
      [
        0.3873789592796603,
        0.07197994302450926,
        0.06979139872576107,
        0.47084969897006945
      ],
      [
        0.777071864905641,
        0.05014656323251161,
        0.06077033379826693,
        0.11201123806358061
      ],
      [
        0.3061571702726338,
        0.07362187886216012,
        0.5358716011397237,
        0.08434934972548243
      ],
      [
        0.15309603131427865,
        0.1067216187508788,
        0.2031089996342411,
        0.5370733503006014
      ],
      [
        0.09109774877747401,
        0.61271052159339,
        0.12120331029966479,
        0.17498841932947115
      ],
      [
        0.07476478114704302,
        0.23191818248612195,
        0.602678952959239,
        0.090638083407596
      ],
      [
        0.054311885906536905,
        0.11226098968711187,
        0.6154894507372083,
        0.21793767366914296
      ],
      [
        0.04547629277273073,
        0.07851271222524661,
        0.5893126437033418,
        0.286698351298681
      ],
      [
        0.0359568711577909,
        0.05820378470352859,
        0.8370958030041185,
        0.06874354113456196
      ],
      [
        0.06730819482264046,
        0.12104315378649506,
        0.2908943347585385,
        0.5207543166323261
      ],
      [
        0.04720884798669609,
        0.06783312880422165,
        0.4002053628439647,
        0.4847526603651176
      ]
    ],
    "actions": [
      0,
      0,
      0,
      0,
      0,
      0,
      0,
      0,
      0,
      0,
      0,
      0,
      0,
      0,
      0
    ],
    "efe_history": [
      [
        -1.4611321641178157
      ],
      [
        -1.4588924694105916
      ],
      [
        -1.5172237193046503
      ],
      [
        -1.5366416097491702
      ],
      [
        -1.4442750827010804
      ],
      [
        -1.496961742101915
      ],
      [
        -1.4453875296432745
      ],
      [
        -1.444058732278145
      ],
      [
        -1.4656400984264886
      ],
      [
        -1.4547528112266617
      ],
      [
        -1.4569355212620527
      ],
      [
        -1.4587959615693333
      ],
      [
        -1.4832309649104625
      ],
      [
        -1.4502528730468398
      ],
      [
        -1.4576312640052993
      ]
    ],
    "belief_confidence": [
      0.6999999999999996,
      0.5714285714285714,
      0.8476562499999999,
      0.915854887470608,
      0.47084969897006945,
      0.777071864905641,
      0.5358716011397237,
      0.5370733503006014,
      0.61271052159339,
      0.602678952959239,
      0.6154894507372083,
      0.5893126437033418,
      0.8370958030041185,
      0.5207543166323261,
      0.4847526603651176
    ]
  },
  "observations": [
    2,
    0,
    0,
    0,
    3,
    0,
    2,
    3,
    1,
    2,
    4,
    4,
    2,
    3,
    4
  ],
  "true_states": [
    2,
    0,
    0,
    0,
    0,
    0,
    3,
    3,
    2,
    2,
    2,
    2,
    2,
    0,
    3
  ],
  "beliefs": [
    [
      0.10000000000000012,
      0.10000000000000012,
      0.6999999999999996,
      0.10000000000000012
    ],
    [
      0.5714285714285714,
      0.11734693877551024,
      0.23469387755102028,
      0.07653061224489802
    ],
    [
      0.8476562499999999,
      0.053013392857142926,
      0.061523437500000076,
      0.03780691964285723
    ],
    [
      0.915854887470608,
      0.029658932770286552,
      0.028924132635923094,
      0.025562047123182552
    ],
    [
      0.3873789592796603,
      0.07197994302450926,
      0.06979139872576107,
      0.47084969897006945
    ],
    [
      0.777071864905641,
      0.05014656323251161,
      0.06077033379826693,
      0.11201123806358061
    ],
    [
      0.3061571702726338,
      0.07362187886216012,
      0.5358716011397237,
      0.08434934972548243
    ],
    [
      0.15309603131427865,
      0.1067216187508788,
      0.2031089996342411,
      0.5370733503006014
    ],
    [
      0.09109774877747401,
      0.61271052159339,
      0.12120331029966479,
      0.17498841932947115
    ],
    [
      0.07476478114704302,
      0.23191818248612195,
      0.602678952959239,
      0.090638083407596
    ],
    [
      0.054311885906536905,
      0.11226098968711187,
      0.6154894507372083,
      0.21793767366914296
    ],
    [
      0.04547629277273073,
      0.07851271222524661,
      0.5893126437033418,
      0.286698351298681
    ],
    [
      0.0359568711577909,
      0.05820378470352859,
      0.8370958030041185,
      0.06874354113456196
    ],
    [
      0.06730819482264046,
      0.12104315378649506,
      0.2908943347585385,
      0.5207543166323261
    ],
    [
      0.04720884798669609,
      0.06783312880422165,
      0.4002053628439647,
      0.4847526603651176
    ]
  ],
  "actions": [
    0,
    0,
    0,
    0,
    0,
    0,
    0,
    0,
    0,
    0,
    0,
    0,
    0,
    0,
    0
  ],
  "model_parameters": {
    "A_shape": [
      6,
      4
    ],
    "B_shape": [
      4,
      4,
      1
    ],
    "C_shape": [
      6
    ],
    "D_shape": [
      4
    ],
    "num_states": 4,
    "num_observations": 6,
    "num_actions": 1
  },
  "metrics": {
    "expected_free_energy": [
      [
        -1.4611321641178157
      ],
      [
        -1.4588924694105916
      ],
      [
        -1.5172237193046503
      ],
      [
        -1.5366416097491702
      ],
      [
        -1.4442750827010804
      ],
      [
        -1.496961742101915
      ],
      [
        -1.4453875296432745
      ],
      [
        -1.444058732278145
      ],
      [
        -1.4656400984264886
      ],
      [
        -1.4547528112266617
      ],
      [
        -1.4569355212620527
      ],
      [
        -1.4587959615693333
      ],
      [
        -1.4832309649104625
      ],
      [
        -1.4502528730468398
      ],
      [
        -1.4576312640052993
      ]
    ],
    "belief_confidence": [
      0.6999999999999996,
      0.5714285714285714,
      0.8476562499999999,
      0.915854887470608,
      0.47084969897006945,
      0.777071864905641,
      0.5358716011397237,
      0.5370733503006014,
      0.61271052159339,
      0.602678952959239,
      0.6154894507372083,
      0.5893126437033418,
      0.8370958030041185,
      0.5207543166323261,
      0.4847526603651176
    ],
    "cumulative_preference": [
      0.0,
      0.0,
      0.0,
      0.0,
      0.0,
      0.0,
      0.0,
      0.0,
      0.0,
      0.0,
      0.0,
      0.0,
      0.0,
      0.0,
      0.0
    ]
  },
  "validation": {
    "all_beliefs_valid": true,
    "beliefs_sum_to_one": true,
    "actions_in_range": true
  }
}