{
  "model_name": "numpyro_pomdp",
  "framework": "numpyro",
  "num_timesteps": 15,
  "num_states": 4,
  "num_observations": 4,
  "num_actions": 2,
  "beliefs": [
    [
      1.0,
      0.0,
      0.0,
      0.0
    ],
    [
      1.0,
      0.0,
      0.0,
      0.0
    ],
    [
      1.0,
      0.0,
      0.0,
      0.0
    ],
    [
      1.0,
      0.0,
      0.0,
      0.0
    ],
    [
      1.0,
      0.0,
      0.0,
      0.0
    ],
    [
      1.0,
      0.0,
      0.0,
      0.0
    ],
    [
      1.0,
      0.0,
      0.0,
      0.0
    ],
    [
      1.0,
      0.0,
      0.0,
      0.0
    ],
    [
      1.0,
      0.0,
      0.0,
      0.0
    ],
    [
      1.0,
      0.0,
      0.0,
      0.0
    ],
    [
      1.0,
      0.0,
      0.0,
      0.0
    ],
    [
      1.0,
      0.0,
      0.0,
      0.0
    ],
    [
      1.0,
      0.0,
      0.0,
      0.0
    ],
    [
      1.0,
      0.0,
      0.0,
      0.0
    ],
    [
      1.0,
      0.0,
      0.0,
      0.0
    ]
  ],
  "actions": [
    0,
    1,
    1,
    1,
    1,
    0,
    0,
    0,
    1,
    1,
    1,
    1,
    0,
    1,
    0
  ],
  "observations": [
    0,
    0,
    0,
    0,
    0,
    0,
    0,
    0,
    0,
    0,
    0,
    0,
    0,
    0,
    0
  ],
  "efe_history": [
    [
      1.3862943649291992,
      1.3862943649291992
    ],
    [
      1.3862943649291992,
      1.3862943649291992
    ],
    [
      1.3862943649291992,
      1.3862943649291992
    ],
    [
      1.3862943649291992,
      1.3862943649291992
    ],
    [
      1.3862943649291992,
      1.3862943649291992
    ],
    [
      1.3862943649291992,
      1.3862943649291992
    ],
    [
      1.3862943649291992,
      1.3862943649291992
    ],
    [
      1.3862943649291992,
      1.3862943649291992
    ],
    [
      1.3862943649291992,
      1.3862943649291992
    ],
    [
      1.3862943649291992,
      1.3862943649291992
    ],
    [
      1.3862943649291992,
      1.3862943649291992
    ],
    [
      1.3862943649291992,
      1.3862943649291992
    ],
    [
      1.3862943649291992,
      1.3862943649291992
    ],
    [
      1.3862943649291992,
      1.3862943649291992
    ],
    [
      1.3862943649291992,
      1.3862943649291992
    ]
  ],
  "validation": {
    "beliefs_in_range": true,
    "beliefs_sum_to_one": true,
    "actions_in_range": true,
    "all_valid": true
  },
  "execution_time_seconds": 0.7743,
  "jax_version": "0.9.0",
  "numpyro_version": "0.20.0"
}