{
  "model_name": "pytorch_pomdp",
  "framework": "pytorch",
  "num_timesteps": 40,
  "num_states": 3,
  "num_observations": 3,
  "num_actions": 1,
  "beliefs": [
    [
      0.9999999999999998,
      0.0,
      0.0
    ],
    [
      0.9999999999999999,
      0.0,
      0.0
    ],
    [
      0.9999999999999999,
      0.0,
      0.0
    ],
    [
      0.9999999999999999,
      0.0,
      0.0
    ],
    [
      0.0,
      0.0,
      0.0
    ],
    [
      0.0,
      0.0,
      0.0
    ],
    [
      0.0,
      0.0,
      0.0
    ],
    [
      0.0,
      0.0,
      0.0
    ],
    [
      0.0,
      0.0,
      0.0
    ],
    [
      0.0,
      0.0,
      0.0
    ],
    [
      0.0,
      0.0,
      0.0
    ],
    [
      0.0,
      0.0,
      0.0
    ],
    [
      0.0,
      0.0,
      0.0
    ],
    [
      0.0,
      0.0,
      0.0
    ],
    [
      0.0,
      0.0,
      0.0
    ],
    [
      0.0,
      0.0,
      0.0
    ],
    [
      0.0,
      0.0,
      0.0
    ],
    [
      0.0,
      0.0,
      0.0
    ],
    [
      0.0,
      0.0,
      0.0
    ],
    [
      0.0,
      0.0,
      0.0
    ],
    [
      0.0,
      0.0,
      0.0
    ],
    [
      0.0,
      0.0,
      0.0
    ],
    [
      0.0,
      0.0,
      0.0
    ],
    [
      0.0,
      0.0,
      0.0
    ],
    [
      0.0,
      0.0,
      0.0
    ],
    [
      0.0,
      0.0,
      0.0
    ],
    [
      0.0,
      0.0,
      0.0
    ],
    [
      0.0,
      0.0,
      0.0
    ],
    [
      0.0,
      0.0,
      0.0
    ],
    [
      0.0,
      0.0,
      0.0
    ],
    [
      0.0,
      0.0,
      0.0
    ],
    [
      0.0,
      0.0,
      0.0
    ],
    [
      0.0,
      0.0,
      0.0
    ],
    [
      0.0,
      0.0,
      0.0
    ],
    [
      0.0,
      0.0,
      0.0
    ],
    [
      0.0,
      0.0,
      0.0
    ],
    [
      0.0,
      0.0,
      0.0
    ],
    [
      0.0,
      0.0,
      0.0
    ],
    [
      0.0,
      0.0,
      0.0
    ],
    [
      0.0,
      0.0,
      0.0
    ]
  ],
  "actions": [
    0,
    0,
    0,
    0,
    0,
    0,
    0,
    0,
    0,
    0,
    0,
    0,
    0,
    0,
    0,
    0,
    0,
    0,
    0,
    0,
    0,
    0,
    0,
    0,
    0,
    0,
    0,
    0,
    0,
    0,
    0,
    0,
    0,
    0,
    0,
    0,
    0,
    0,
    0,
    0
  ],
  "observations": [
    0,
    0,
    0,
    0,
    1,
    1,
    2,
    0,
    1,
    1,
    2,
    2,
    2,
    1,
    1,
    2,
    1,
    0,
    0,
    2,
    2,
    1,
    1,
    1,
    1,
    2,
    1,
    1,
    0,
    1,
    1,
    1,
    1,
    0,
    0,
    1,
    0,
    0,
    0,
    1
  ],
  "efe_history": [
    [
      0.29679373612477206
    ],
    [
      0.29679373612477206
    ],
    [
      0.29679373612477206
    ],
    [
      0.29679373612477206
    ],
    [
      0.0
    ],
    [
      0.0
    ],
    [
      0.0
    ],
    [
      0.0
    ],
    [
      0.0
    ],
    [
      0.0
    ],
    [
      0.0
    ],
    [
      0.0
    ],
    [
      0.0
    ],
    [
      0.0
    ],
    [
      0.0
    ],
    [
      0.0
    ],
    [
      0.0
    ],
    [
      0.0
    ],
    [
      0.0
    ],
    [
      0.0
    ],
    [
      0.0
    ],
    [
      0.0
    ],
    [
      0.0
    ],
    [
      0.0
    ],
    [
      0.0
    ],
    [
      0.0
    ],
    [
      0.0
    ],
    [
      0.0
    ],
    [
      0.0
    ],
    [
      0.0
    ],
    [
      0.0
    ],
    [
      0.0
    ],
    [
      0.0
    ],
    [
      0.0
    ],
    [
      0.0
    ],
    [
      0.0
    ],
    [
      0.0
    ],
    [
      0.0
    ],
    [
      0.0
    ],
    [
      0.0
    ]
  ],
  "validation": {
    "beliefs_in_range": true,
    "beliefs_sum_to_one": false,
    "actions_in_range": true,
    "all_valid": false
  },
  "execution_time_seconds": 0.0195,
  "torch_version": "2.11.0"
}